contract_id,insured_id,contract_type,subscription_date,annual_premium,vehicle_brand,vehicle_age,vehicle_value,vehicle_usage,contract_status
CTR_000001,INS_000001,Tiers étendu,2022-01-19,337.5,Toyota,3,7500.0,personnel,actif
CTR_000002,INS_000001,Tous risques,2024-10-13,576.0,Peugeot,10,9600.0,personnel,actif
CTR_000003,INS_000004,Au tiers,2024-07-27,407.5,Dacia,12,16300.0,personnel,actif
CTR_000004,INS_000005,Tiers étendu,2022-08-21,463.5,Renault,15,10300.0,personnel,actif
CTR_000005,INS_000008,Tous risques + assistance,2023-04-16,1803.75,Kia,12,18500.0,professionnel,actif
CTR_000006,INS_000010,Tous risques + assistance,2023-11-17,1680.0,Renault,0,22400.0,personnel,actif
CTR_000007,INS_000012,Tiers étendu,2021-08-01,688.5,Kia,8,15300.0,personnel,actif
CTR_000008,INS_000014,Au tiers,2022-07-17,200.0,Jeep,4,4800.0,professionnel,suspendu
CTR_000009,INS_000016,Tous risques,2021-01-30,1124.7,Hyundai,5,16300.0,mixte,actif
CTR_000010,INS_000018,Tous risques,2024-07-29,614.1,Skoda,5,8900.0,mixte,actif
CTR_000011,INS_000019,Tiers étendu,2023-12-05,320.85,Toyota,11,6200.0,mixte,actif
CTR_000012,INS_000020,Tous risques,2023-07-21,600.0,Nissan,4,10000.0,personnel,actif
CTR_000013,INS_000021,Tous risques + assistance,2023-03-13,532.5,Nissan,8,7100.0,personnel,actif
CTR_000014,INS_000023,Tiers étendu,2025-05-04,351.0,Audi,10,7800.0,personnel,actif
CTR_000015,INS_000026,Tous risques,2021-09-05,288.6,Skoda,12,3700.0,professionnel,actif
CTR_000016,INS_000029,Tous risques,2021-03-14,348.0,Hyundai,12,5800.0,personnel,actif
CTR_000017,INS_000031,Au tiers,2024-07-10,285.0,Skoda,5,11400.0,personnel,suspendu
CTR_000018,INS_000032,Tiers + vol/incendie,2022-02-18,290.5,Opel,8,8300.0,personnel,actif
CTR_000019,INS_000035,Tiers + vol/incendie,2023-11-23,495.95,Volvo,8,10900.0,professionnel,actif
CTR_000020,INS_000037,Au tiers,2022-02-09,200.0,Nissan,12,6900.0,personnel,actif
CTR_000021,INS_000039,Tous risques + assistance,2023-01-15,1277.25,Skoda,4,13100.0,professionnel,actif
CTR_000022,INS_000040,Tous risques,2024-04-19,504.0,Fiat,13,8400.0,personnel,actif
CTR_000023,INS_000041,Tous risques,2022-12-12,200.0,Hyundai,10,800.0,mixte,actif
CTR_000024,INS_000044,Tiers étendu,2023-06-24,684.0,Skoda,10,15200.0,personnel,suspendu
CTR_000025,INS_000046,Tous risques,2020-09-15,768.0,Volvo,12,12800.0,personnel,actif
CTR_000026,INS_000047,Tous risques,2023-07-26,1083.3,Hyundai,0,15700.0,mixte,actif
CTR_000027,INS_000048,Tiers étendu,2022-08-22,315.0,Opel,14,7000.0,personnel,actif
CTR_000028,INS_000049,Tiers + vol/incendie,2020-09-15,556.5,Hyundai,6,15900.0,personnel,actif
CTR_000029,INS_000050,Tiers étendu,2020-12-29,765.0,Volkswagen,7,17000.0,personnel,actif
CTR_000030,INS_000051,Tous risques,2024-07-29,894.0,Audi,10,14900.0,personnel,actif
CTR_000031,INS_000052,Tous risques,2023-04-12,396.0,Kia,4,6600.0,personnel,actif
CTR_000032,INS_000054,Tous risques,2021-11-08,975.0,Toyota,4,12500.0,professionnel,actif
CTR_000033,INS_000055,Tous risques,2022-04-08,787.8,Skoda,10,10100.0,professionnel,actif
CTR_000034,INS_000056,Tous risques,2023-11-21,642.0,Dacia,7,10700.0,personnel,actif
CTR_000035,INS_000057,Tiers + vol/incendie,2022-05-06,509.6,Seat,5,11200.0,professionnel,actif
CTR_000036,INS_000058,Tiers étendu,2026-01-09,472.5,Toyota,3,10500.0,personnel,actif
CTR_000037,INS_000059,Tous risques,2021-11-24,1134.0,Renault,6,18900.0,personnel,actif
CTR_000038,INS_000060,Au tiers,2022-12-29,200.0,Volvo,12,5900.0,mixte,actif
CTR_000039,INS_000061,Tiers étendu,2023-08-09,238.5,Opel,17,5300.0,personnel,actif
CTR_000040,INS_000062,Tous risques + assistance,2021-06-03,200.0,Seat,5,1100.0,professionnel,actif
CTR_000041,INS_000064,Au tiers,2021-01-07,200.0,Toyota,9,3000.0,personnel,résilié
CTR_000042,INS_000066,Tous risques + assistance,2025-03-13,405.0,Dacia,9,5400.0,personnel,actif
CTR_000043,INS_000069,Tous risques + assistance,2023-04-24,847.5,Tesla,0,11300.0,personnel,actif
CTR_000044,INS_000070,Au tiers,2023-09-08,200.0,Audi,20,3700.0,personnel,suspendu
CTR_000045,INS_000072,Tiers étendu,2023-09-09,463.5,Audi,8,10300.0,personnel,actif
CTR_000046,INS_000073,Tous risques,2020-12-24,678.0,Tesla,9,11300.0,personnel,actif
CTR_000047,INS_000074,Au tiers,2024-02-01,200.0,Hyundai,17,4600.0,personnel,actif
CTR_000048,INS_000075,Tous risques,2022-10-30,1140.0,Peugeot,2,19000.0,personnel,actif
CTR_000049,INS_000076,Tous risques + assistance,2023-07-18,427.5,BMW,14,5700.0,personnel,suspendu
CTR_000050,INS_000077,Au tiers,2022-12-08,200.0,Peugeot,16,4400.0,mixte,actif
CTR_000051,INS_000079,Au tiers,2021-03-03,200.0,Renault,6,4300.0,professionnel,suspendu
CTR_000052,INS_000084,Tous risques,2024-12-17,514.8,Dacia,12,6600.0,professionnel,actif
CTR_000053,INS_000085,Tous risques,2025-06-06,200.0,Renault,6,2500.0,mixte,suspendu
CTR_000054,INS_000087,Tous risques,2022-11-01,792.0,Citroën,1,13200.0,personnel,actif
CTR_000055,INS_000088,Au tiers,2023-09-07,200.0,Jeep,14,5300.0,professionnel,actif
CTR_000056,INS_000090,Tiers étendu,2025-06-03,697.5,Renault,3,15500.0,personnel,actif
CTR_000057,INS_000091,Au tiers,2021-04-02,442.5,Kia,3,17700.0,personnel,actif
CTR_000058,INS_000092,Tous risques,2022-12-18,462.0,Mercedes,8,7700.0,personnel,actif
CTR_000059,INS_000093,Tiers étendu,2023-11-12,1521.0,Renault,2,26000.0,professionnel,suspendu
CTR_000060,INS_000096,Tiers + vol/incendie,2021-08-01,556.5,Jeep,0,15900.0,personnel,suspendu
CTR_000061,INS_000097,Tiers étendu,2025-12-10,405.0,Ford,0,9000.0,personnel,actif
CTR_000062,INS_000097,Tous risques + assistance,2024-09-21,817.5,Peugeot,4,10900.0,personnel,actif
CTR_000063,INS_000099,Tiers + vol/incendie,2022-08-18,717.5,Hyundai,4,20500.0,personnel,actif
CTR_000064,INS_000101,Tiers + vol/incendie,2021-12-22,200.0,Citroën,9,800.0,professionnel,actif
CTR_000065,INS_000102,Tiers + vol/incendie,2024-08-20,248.5,Renault,18,7100.0,personnel,actif
CTR_000066,INS_000103,Au tiers,2021-07-28,200.0,Fiat,13,2100.0,personnel,résilié
CTR_000067,INS_000106,Tiers étendu,2022-10-27,200.0,BMW,20,4100.0,personnel,actif
CTR_000068,INS_000107,Tous risques,2020-09-17,654.0,Skoda,5,10900.0,personnel,actif
CTR_000069,INS_000108,Tous risques,2021-07-26,426.0,Nissan,17,7100.0,personnel,actif
CTR_000070,INS_000109,Au tiers,2021-07-04,200.0,Skoda,5,4500.0,personnel,actif
CTR_000071,INS_000109,Tous risques,2023-05-30,200.0,Renault,5,800.0,mixte,actif
CTR_000072,INS_000110,Au tiers,2025-08-22,632.5,Fiat,5,22000.0,mixte,actif
CTR_000073,INS_000111,Tous risques,2026-04-04,780.0,BMW,7,10000.0,professionnel,actif
CTR_000074,INS_000113,Tiers étendu,2024-07-17,200.0,Hyundai,7,800.0,personnel,actif
CTR_000075,INS_000114,Tiers étendu,2022-05-29,873.0,Kia,0,19400.0,personnel,actif
CTR_000076,INS_000115,Tiers + vol/incendie,2024-07-26,378.0,Jeep,11,10800.0,personnel,actif
CTR_000077,INS_000116,Au tiers,2024-06-12,532.5,Jeep,2,21300.0,personnel,actif
CTR_000078,INS_000119,Tous risques,2025-11-20,804.0,Hyundai,2,13400.0,personnel,actif
CTR_000079,INS_000119,Au tiers,2021-03-23,200.0,Dacia,10,4000.0,professionnel,actif
CTR_000080,INS_000120,Tiers + vol/incendie,2022-02-15,200.0,Volkswagen,0,1700.0,personnel,actif
CTR_000081,INS_000122,Tous risques,2020-12-20,366.0,Nissan,2,6100.0,personnel,actif
CTR_000082,INS_000125,Tous risques + assistance,2022-02-17,600.0,BMW,4,8000.0,personnel,actif
CTR_000083,INS_000126,Au tiers,2021-04-26,262.5,Skoda,3,10500.0,personnel,actif
CTR_000084,INS_000127,Tous risques,2022-10-26,816.0,Volkswagen,8,13600.0,personnel,actif
CTR_000085,INS_000128,Tous risques + assistance,2023-04-12,612.38,Volvo,16,7100.0,mixte,actif
CTR_000086,INS_000129,Tous risques,2021-01-05,343.2,Hyundai,7,4400.0,professionnel,actif
CTR_000087,INS_000130,Tiers + vol/incendie,2020-11-06,318.5,Renault,6,9100.0,personnel,actif
CTR_000088,INS_000131,Au tiers,2022-04-25,220.0,Dacia,12,8800.0,personnel,actif
CTR_000089,INS_000131,Tous risques + assistance,2023-12-06,966.0,Nissan,4,11200.0,mixte,actif
CTR_000090,INS_000132,Tous risques,2021-03-31,456.0,Hyundai,2,7600.0,personnel,actif
CTR_000091,INS_000135,Tous risques + assistance,2020-12-20,1582.5,Peugeot,3,21100.0,personnel,suspendu
CTR_000092,INS_000138,Tous risques,2025-07-22,786.0,Jeep,9,13100.0,personnel,actif
CTR_000093,INS_000140,Au tiers,2022-12-10,347.75,Mercedes,11,10700.0,professionnel,actif
CTR_000094,INS_000141,Tous risques,2021-11-23,456.0,Nissan,5,7600.0,personnel,suspendu
CTR_000095,INS_000142,Au tiers,2025-06-27,720.0,Ford,4,28800.0,personnel,actif
CTR_000096,INS_000143,Au tiers,2023-07-06,562.5,Jeep,1,22500.0,personnel,actif
CTR_000097,INS_000144,Tous risques,2021-03-03,450.0,Fiat,2,7500.0,personnel,actif
CTR_000098,INS_000148,Au tiers,2025-07-06,200.0,Citroën,7,800.0,personnel,actif
CTR_000099,INS_000148,Tiers + vol/incendie,2022-01-23,477.75,Citroën,10,10500.0,professionnel,actif
CTR_000100,INS_000149,Tous risques,2020-08-02,426.0,Fiat,4,7100.0,personnel,suspendu
CTR_000101,INS_000151,Tiers étendu,2022-04-25,200.0,Peugeot,4,800.0,professionnel,actif
CTR_000102,INS_000154,Tous risques + assistance,2025-08-11,409.5,Ford,8,4200.0,professionnel,actif
CTR_000103,INS_000156,Au tiers,2023-12-02,232.87,Toyota,7,8100.0,mixte,actif
CTR_000104,INS_000159,Tous risques,2021-07-02,732.0,Audi,8,12200.0,personnel,actif
CTR_000105,INS_000160,Tiers étendu,2021-06-14,783.0,BMW,5,17400.0,personnel,actif
CTR_000106,INS_000162,Tous risques,2022-08-19,972.0,Toyota,9,16200.0,personnel,actif
CTR_000107,INS_000164,Tous risques,2021-03-27,1038.0,Tesla,4,17300.0,personnel,actif
CTR_000108,INS_000165,Tiers étendu,2020-07-24,289.8,Peugeot,6,5600.0,mixte,actif
CTR_000109,INS_000166,Au tiers,2026-02-28,320.0,Mercedes,1,12800.0,personnel,actif
CTR_000110,INS_000166,Tous risques,2024-10-30,330.0,Dacia,13,5500.0,personnel,actif
CTR_000111,INS_000166,Tous risques,2024-12-09,414.0,BMW,11,6900.0,personnel,actif
CTR_000112,INS_000167,Tiers + vol/incendie,2025-07-01,539.0,Hyundai,3,15400.0,personnel,actif
CTR_000113,INS_000168,Au tiers,2021-01-29,200.0,Tesla,11,7200.0,personnel,actif
CTR_000114,INS_000169,Tous risques,2021-08-23,492.0,Nissan,6,8200.0,personnel,actif
CTR_000115,INS_000171,Tous risques + assistance,2023-08-08,352.5,Peugeot,13,4700.0,personnel,actif
CTR_000116,INS_000173,Au tiers,2021-08-26,200.0,Hyundai,10,2500.0,professionnel,actif
CTR_000117,INS_000174,Tous risques,2023-11-07,204.0,Kia,13,3400.0,personnel,actif
CTR_000118,INS_000177,Tiers étendu,2021-07-20,652.05,Renault,5,12600.0,mixte,actif
CTR_000119,INS_000179,Tiers + vol/incendie,2024-03-31,609.0,BMW,5,17400.0,personnel,actif
CTR_000120,INS_000180,Au tiers,2022-07-30,200.0,Peugeot,5,800.0,personnel,actif
CTR_000121,INS_000181,Au tiers,2023-07-01,200.0,Peugeot,2,3500.0,personnel,actif
CTR_000122,INS_000182,Tous risques,2026-02-16,920.4,Volvo,2,11800.0,professionnel,actif
CTR_000123,INS_000183,Tous risques + assistance,2021-02-04,637.5,Peugeot,11,8500.0,personnel,actif
CTR_000124,INS_000187,Tous risques,2021-09-07,774.0,Volvo,6,12900.0,personnel,actif
CTR_000125,INS_000189,Au tiers,2021-11-08,200.0,Hyundai,1,7600.0,personnel,actif
CTR_000126,INS_000190,Tous risques + assistance,2023-12-25,217.5,Nissan,16,2900.0,personnel,actif
CTR_000127,INS_000192,Tous risques + assistance,2022-05-30,922.5,Peugeot,4,12300.0,personnel,actif
CTR_000128,INS_000194,Au tiers,2025-07-22,200.0,Renault,8,800.0,personnel,actif
CTR_000129,INS_000196,Tiers étendu,2024-06-21,450.0,Dacia,14,10000.0,personnel,actif
CTR_000130,INS_000197,Tous risques,2022-05-25,210.0,Fiat,2,3500.0,personnel,actif
CTR_000131,INS_000199,Au tiers,2021-09-11,257.5,Kia,2,10300.0,personnel,actif
CTR_000132,INS_000201,Tous risques,2021-07-05,450.0,Kia,14,7500.0,personnel,actif
CTR_000133,INS_000203,Tiers étendu,2022-10-17,504.0,Fiat,0,11200.0,personnel,actif
CTR_000134,INS_000203,Tous risques,2025-01-11,1170.0,Citroën,5,15000.0,professionnel,actif
CTR_000135,INS_000203,Au tiers,2022-03-08,360.0,Skoda,6,14400.0,personnel,actif
CTR_000136,INS_000206,Tiers + vol/incendie,2023-01-19,241.15,Hyundai,17,5300.0,professionnel,actif
CTR_000137,INS_000208,Tous risques,2025-02-25,486.0,Tesla,7,8100.0,personnel,actif
CTR_000138,INS_000209,Tous risques + assistance,2021-06-08,1245.0,Volvo,7,16600.0,personnel,actif
CTR_000139,INS_000211,Tous risques,2023-11-24,1140.0,Kia,4,19000.0,personnel,actif
CTR_000140,INS_000212,Tiers + vol/incendie,2022-12-23,220.5,Seat,6,6300.0,personnel,actif
CTR_000141,INS_000213,Au tiers,2021-07-22,282.75,Mercedes,17,8700.0,professionnel,actif
CTR_000142,INS_000216,Tous risques,2021-06-09,630.0,Volkswagen,7,10500.0,personnel,actif
CTR_000143,INS_000217,Tiers + vol/incendie,2020-09-21,413.0,Toyota,12,11800.0,personnel,actif
CTR_000144,INS_000218,Tiers + vol/incendie,2025-04-04,731.5,Hyundai,4,20900.0,personnel,actif
CTR_000145,INS_000219,Tiers + vol/incendie,2026-02-06,598.5,Mercedes,11,17100.0,personnel,actif
CTR_000146,INS_000220,Au tiers,2021-11-18,200.0,Mercedes,6,6200.0,mixte,actif
CTR_000147,INS_000221,Tiers + vol/incendie,2024-11-24,227.5,Seat,13,6500.0,personnel,actif
CTR_000148,INS_000222,Tiers + vol/incendie,2024-03-19,437.5,Renault,1,12500.0,personnel,actif
CTR_000149,INS_000223,Tiers étendu,2023-03-28,994.5,Dacia,2,22100.0,personnel,actif
CTR_000150,INS_000225,Tous risques,2025-10-28,642.0,Nissan,4,10700.0,personnel,actif
CTR_000151,INS_000226,Tous risques,2025-04-27,846.0,BMW,14,14100.0,personnel,actif
CTR_000152,INS_000227,Au tiers,2022-01-21,200.0,Seat,17,6900.0,personnel,actif
CTR_000153,INS_000228,Tous risques,2023-11-01,1200.0,Ford,3,20000.0,personnel,actif
CTR_000154,INS_000229,Tous risques + assistance,2024-03-20,1507.5,Nissan,6,20100.0,personnel,actif
CTR_000155,INS_000231,Tiers étendu,2022-07-23,200.0,Peugeot,17,3000.0,personnel,suspendu
CTR_000156,INS_000232,Tiers + vol/incendie,2024-02-16,633.5,Fiat,1,18100.0,personnel,actif
CTR_000157,INS_000233,Au tiers,2025-05-18,351.0,Skoda,11,10800.0,professionnel,actif
CTR_000158,INS_000234,Tous risques,2022-07-14,1104.0,Peugeot,2,18400.0,personnel,actif
CTR_000159,INS_000235,Tiers étendu,2025-05-28,256.5,Fiat,6,5700.0,personnel,suspendu
CTR_000160,INS_000236,Tiers étendu,2020-12-12,841.5,Mercedes,0,18700.0,personnel,actif
CTR_000161,INS_000238,Tous risques + assistance,2024-07-11,955.5,Hyundai,13,9800.0,professionnel,actif
CTR_000162,INS_000239,Tiers + vol/incendie,2026-05-19,200.0,Nissan,8,800.0,personnel,actif
CTR_000163,INS_000241,Tous risques,2026-04-15,1014.0,Nissan,10,13000.0,professionnel,actif
CTR_000164,INS_000243,Tous risques,2022-10-27,327.6,Kia,1,4200.0,professionnel,actif
CTR_000165,INS_000244,Au tiers,2025-04-12,390.0,Dacia,7,12000.0,professionnel,actif
CTR_000166,INS_000245,Tiers + vol/incendie,2023-10-09,237.48,BMW,10,5900.0,mixte,actif
CTR_000167,INS_000249,Tous risques,2020-10-17,984.0,Seat,11,16400.0,personnel,actif
CTR_000168,INS_000250,Tiers + vol/incendie,2023-04-29,780.5,Audi,0,22300.0,personnel,actif
CTR_000169,INS_000251,Tous risques,2025-10-11,1032.0,Mercedes,2,17200.0,personnel,actif
CTR_000170,INS_000252,Tiers + vol/incendie,2026-02-27,910.0,Mercedes,5,20000.0,professionnel,actif
CTR_000171,INS_000253,Au tiers,2022-08-13,200.0,Skoda,10,800.0,personnel,actif
CTR_000172,INS_000254,Tous risques,2021-11-15,612.0,Peugeot,4,10200.0,personnel,actif
CTR_000173,INS_000256,Tiers étendu,2024-03-26,207.0,Citroën,19,4600.0,personnel,actif
CTR_000174,INS_000258,Tous risques,2020-10-04,524.4,Seat,18,7600.0,mixte,actif
CTR_000175,INS_000259,Tiers + vol/incendie,2025-11-22,222.95,Kia,9,4900.0,professionnel,actif
CTR_000176,INS_000260,Tiers + vol/incendie,2022-11-23,200.0,Renault,13,3700.0,professionnel,actif
CTR_000177,INS_000262,Au tiers,2021-01-10,505.0,Seat,1,20200.0,personnel,actif
CTR_000178,INS_000265,Tous risques,2023-03-26,444.0,Skoda,5,7400.0,personnel,actif
CTR_000179,INS_000266,Tous risques + assistance,2026-05-08,1005.0,Opel,4,13400.0,personnel,résilié
CTR_000180,INS_000268,Tiers + vol/incendie,2021-09-17,200.0,Renault,1,800.0,personnel,actif
CTR_000181,INS_000269,Tiers étendu,2022-10-27,310.5,Skoda,13,6900.0,personnel,actif
CTR_000182,INS_000276,Tous risques,2023-11-20,1380.6,Dacia,0,17700.0,professionnel,actif
CTR_000183,INS_000278,Tiers étendu,2022-08-15,1017.9,Kia,0,17400.0,professionnel,actif
CTR_000184,INS_000279,Tiers étendu,2022-02-16,200.0,Ford,5,800.0,personnel,actif
CTR_000185,INS_000280,Tiers + vol/incendie,2023-01-17,373.1,Toyota,6,8200.0,professionnel,actif
CTR_000186,INS_000282,Tiers étendu,2026-05-08,245.7,Renault,19,4200.0,professionnel,actif
CTR_000187,INS_000285,Tous risques,2022-01-08,780.0,Kia,8,13000.0,personnel,actif
CTR_000188,INS_000286,Tous risques,2024-12-25,378.0,Nissan,2,6300.0,personnel,résilié
CTR_000189,INS_000287,Au tiers,2023-01-01,297.5,Fiat,5,11900.0,personnel,actif
CTR_000190,INS_000289,Tiers étendu,2022-04-21,616.5,Nissan,4,13700.0,personnel,résilié
CTR_000191,INS_000290,Tiers étendu,2021-10-18,243.0,Ford,7,5400.0,personnel,actif
CTR_000192,INS_000291,Au tiers,2021-08-24,200.0,Kia,0,800.0,professionnel,actif
CTR_000193,INS_000293,Tous risques,2023-11-18,200.1,Ford,17,2900.0,mixte,actif
CTR_000194,INS_000294,Tous risques,2024-07-13,1349.4,Renault,6,17300.0,professionnel,actif
CTR_000195,INS_000296,Tiers étendu,2025-12-13,216.0,Tesla,6,4800.0,personnel,suspendu
CTR_000196,INS_000299,Tiers étendu,2021-02-27,200.0,Audi,20,2600.0,personnel,actif
CTR_000197,INS_000301,Tous risques,2024-03-13,413.4,BMW,12,5300.0,professionnel,actif
CTR_000198,INS_000302,Tiers + vol/incendie,2024-12-28,710.5,Volvo,5,20300.0,personnel,actif
CTR_000199,INS_000304,Au tiers,2023-09-15,200.0,Fiat,9,4500.0,personnel,actif
CTR_000200,INS_000305,Tiers + vol/incendie,2022-06-06,914.55,Skoda,3,20100.0,professionnel,actif
CTR_000201,INS_000306,Tiers étendu,2021-11-23,533.02,Mercedes,12,10300.0,mixte,actif
CTR_000202,INS_000308,Tous risques + assistance,2022-02-18,2010.0,Citroën,6,26800.0,personnel,actif
CTR_000203,INS_000314,Tous risques,2025-08-29,438.0,Renault,16,7300.0,personnel,actif
CTR_000204,INS_000315,Au tiers,2024-08-21,235.0,Jeep,6,9400.0,personnel,résilié
CTR_000205,INS_000316,Tiers + vol/incendie,2026-05-02,438.73,Volvo,1,10900.0,mixte,actif
CTR_000206,INS_000318,Tiers étendu,2023-05-12,200.0,Tesla,1,1200.0,professionnel,actif
CTR_000207,INS_000319,Tiers étendu,2023-12-13,801.0,Opel,9,17800.0,personnel,actif
CTR_000208,INS_000321,Tous risques + assistance,2022-03-08,1140.0,Seat,7,15200.0,personnel,actif
CTR_000209,INS_000322,Tiers étendu,2022-06-06,850.5,Citroën,5,18900.0,personnel,actif
CTR_000210,INS_000324,Tous risques,2020-11-20,1287.0,Hyundai,3,16500.0,professionnel,actif
CTR_000211,INS_000324,Tiers + vol/incendie,2024-03-29,413.0,Skoda,6,11800.0,personnel,actif
CTR_000212,INS_000325,Au tiers,2025-07-29,300.0,Ford,7,12000.0,personnel,actif
CTR_000213,INS_000326,Tous risques,2024-07-31,1362.0,Jeep,0,22700.0,personnel,actif
CTR_000214,INS_000328,Tous risques,2022-11-27,200.0,Seat,6,3300.0,personnel,actif
CTR_000215,INS_000329,Tiers étendu,2021-07-29,751.5,BMW,11,16700.0,personnel,actif
CTR_000216,INS_000330,Tous risques,2024-02-24,1008.0,Jeep,1,16800.0,personnel,actif
CTR_000217,INS_000332,Au tiers,2025-12-25,200.0,Seat,2,800.0,personnel,actif
CTR_000218,INS_000333,Tous risques + assistance,2022-05-04,480.0,Kia,8,6400.0,personnel,actif
CTR_000219,INS_000335,Au tiers,2021-09-02,200.0,Nissan,4,5700.0,personnel,actif
CTR_000220,INS_000337,Tiers + vol/incendie,2024-05-08,504.0,Tesla,0,14400.0,personnel,actif
CTR_000221,INS_000337,Au tiers,2022-11-11,200.0,Mercedes,12,3100.0,personnel,actif
CTR_000222,INS_000338,Tous risques,2022-05-14,200.0,Opel,6,900.0,mixte,actif
CTR_000223,INS_000339,Tiers étendu,2024-11-21,585.0,Jeep,8,13000.0,personnel,actif
CTR_000224,INS_000342,Tiers étendu,2021-11-15,200.0,Volkswagen,18,3100.0,personnel,actif
CTR_000225,INS_000342,Tiers étendu,2023-11-11,388.12,Peugeot,8,7500.0,mixte,résilié
CTR_000226,INS_000343,Tous risques,2022-11-15,200.0,Toyota,5,1800.0,mixte,actif
CTR_000227,INS_000344,Tiers étendu,2021-01-01,472.5,Seat,7,10500.0,personnel,actif
CTR_000228,INS_000345,Tiers étendu,2024-10-12,201.82,BMW,3,3900.0,mixte,actif
CTR_000229,INS_000346,Tiers étendu,2021-04-12,356.85,Skoda,4,6100.0,professionnel,actif
CTR_000230,INS_000347,Tiers + vol/incendie,2023-10-16,441.0,Kia,9,12600.0,personnel,actif
CTR_000231,INS_000349,Tous risques + assistance,2023-12-09,1057.5,Jeep,4,14100.0,personnel,actif
CTR_000232,INS_000351,Tiers étendu,2021-10-24,1017.9,Mercedes,7,17400.0,professionnel,actif
CTR_000233,INS_000352,Au tiers,2024-01-18,200.0,Hyundai,17,5100.0,personnel,actif
CTR_000234,INS_000354,Tous risques + assistance,2025-09-24,560.62,Dacia,8,6500.0,mixte,actif
CTR_000235,INS_000357,Tous risques,2023-09-04,462.0,Citroën,7,7700.0,personnel,actif
CTR_000236,INS_000359,Tous risques + assistance,2024-05-04,667.5,Dacia,4,8900.0,personnel,actif
CTR_000237,INS_000363,Tous risques,2022-11-20,1248.0,Seat,4,20800.0,personnel,suspendu
CTR_000238,INS_000364,Au tiers,2022-07-10,390.0,Citroën,6,15600.0,personnel,suspendu
CTR_000239,INS_000365,Au tiers,2021-09-29,200.0,Volkswagen,5,3300.0,mixte,actif
CTR_000240,INS_000367,Tiers + vol/incendie,2026-01-27,269.5,Audi,8,7700.0,personnel,actif
CTR_000241,INS_000368,Tiers + vol/incendie,2020-11-23,200.0,Seat,3,5500.0,personnel,résilié
CTR_000242,INS_000369,Tous risques,2022-10-04,678.0,BMW,7,11300.0,personnel,actif
CTR_000243,INS_000372,Tous risques,2025-01-31,200.0,Kia,17,800.0,professionnel,actif
CTR_000244,INS_000373,Tiers étendu,2024-04-30,200.0,Mercedes,2,800.0,professionnel,actif
CTR_000245,INS_000374,Au tiers,2024-07-24,200.0,Hyundai,19,800.0,personnel,résilié
CTR_000246,INS_000375,Tous risques + assistance,2020-12-04,1914.75,Audi,3,22200.0,mixte,actif
CTR_000247,INS_000376,Tous risques,2021-11-12,816.0,BMW,9,13600.0,personnel,actif
CTR_000248,INS_000377,Tiers + vol/incendie,2023-05-19,200.0,Tesla,18,4000.0,personnel,actif
CTR_000249,INS_000378,Tous risques,2021-08-24,1230.0,Renault,2,20500.0,personnel,actif
CTR_000250,INS_000380,Tiers + vol/incendie,2021-03-07,200.0,Renault,8,4500.0,personnel,actif
CTR_000251,INS_000382,Tous risques,2020-10-01,450.0,Fiat,5,7500.0,personnel,actif
CTR_000252,INS_000383,Tiers + vol/incendie,2024-07-17,843.5,BMW,5,24100.0,personnel,actif
CTR_000253,INS_000384,Tous risques,2025-01-17,343.2,Hyundai,14,4400.0,professionnel,actif
CTR_000254,INS_000385,Tiers étendu,2025-01-13,238.5,Audi,11,5300.0,personnel,actif
CTR_000255,INS_000387,Tous risques,2026-01-20,1410.0,Seat,4,23500.0,personnel,actif
CTR_000256,INS_000388,Tiers + vol/incendie,2022-01-15,285.78,Audi,11,7100.0,mixte,actif
CTR_000257,INS_000389,Tiers étendu,2024-01-29,200.0,Mercedes,7,3500.0,personnel,actif
CTR_000258,INS_000390,Au tiers,2025-04-13,344.5,Fiat,4,10600.0,professionnel,actif
CTR_000259,INS_000390,Tiers étendu,2026-02-24,648.0,Nissan,4,14400.0,personnel,actif
CTR_000260,INS_000391,Tiers étendu,2025-10-26,491.4,Skoda,6,8400.0,professionnel,actif
CTR_000261,INS_000393,Tiers + vol/incendie,2020-07-05,451.5,Volvo,4,12900.0,personnel,actif
CTR_000262,INS_000395,Tous risques,2025-10-09,1404.0,Skoda,1,23400.0,personnel,actif
CTR_000263,INS_000396,Tiers + vol/incendie,2022-09-19,556.5,Dacia,3,15900.0,personnel,actif
CTR_000264,INS_000397,Tiers étendu,2022-01-17,270.0,Volkswagen,16,6000.0,personnel,actif
CTR_000265,INS_000399,Au tiers,2021-08-23,205.0,Hyundai,8,8200.0,personnel,actif
CTR_000266,INS_000401,Tous risques,2021-03-09,1164.0,Renault,2,19400.0,personnel,actif
CTR_000267,INS_000403,Tous risques,2021-02-17,444.0,Fiat,16,7400.0,personnel,actif
CTR_000268,INS_000406,Tiers étendu,2022-02-09,337.5,Opel,18,7500.0,personnel,actif
CTR_000269,INS_000406,Tous risques,2025-02-05,462.0,Opel,15,7700.0,personnel,actif
CTR_000270,INS_000408,Tiers étendu,2023-12-13,756.0,Volkswagen,4,16800.0,personnel,actif
CTR_000271,INS_000409,Au tiers,2022-03-08,300.0,Hyundai,5,12000.0,personnel,actif
CTR_000272,INS_000410,Tiers + vol/incendie,2025-01-13,213.5,Peugeot,20,6100.0,personnel,résilié
CTR_000273,INS_000412,Au tiers,2022-10-11,1049.75,Hyundai,2,32300.0,professionnel,actif
CTR_000274,INS_000413,Au tiers,2022-05-03,387.5,Toyota,4,15500.0,personnel,actif
CTR_000275,INS_000419,Tous risques,2022-01-24,592.8,Mercedes,4,7600.0,professionnel,actif
CTR_000276,INS_000419,Tiers + vol/incendie,2021-04-05,318.5,Toyota,4,9100.0,personnel,actif
CTR_000277,INS_000420,Tous risques,2023-11-12,666.0,Kia,11,11100.0,personnel,actif
CTR_000278,INS_000423,Tous risques + assistance,2025-05-20,1387.5,Ford,6,18500.0,personnel,actif
CTR_000279,INS_000424,Tous risques,2021-05-20,240.0,Ford,4,4000.0,personnel,actif
CTR_000280,INS_000425,Tiers étendu,2025-06-13,378.0,Citroën,4,8400.0,personnel,actif
CTR_000281,INS_000426,Tiers étendu,2022-03-05,988.65,Opel,7,16900.0,professionnel,suspendu
CTR_000282,INS_000426,Tiers étendu,2024-11-24,405.0,Ford,13,9000.0,personnel,actif
CTR_000283,INS_000427,Tiers + vol/incendie,2021-08-17,549.5,Audi,6,15700.0,personnel,actif
CTR_000284,INS_000430,Tous risques + assistance,2025-04-16,442.5,Audi,15,5900.0,personnel,actif
CTR_000285,INS_000431,Tiers + vol/incendie,2023-12-25,206.5,Seat,7,5900.0,personnel,actif
CTR_000286,INS_000432,Tous risques,2023-02-26,200.0,Opel,10,800.0,personnel,actif
CTR_000287,INS_000433,Tous risques,2024-11-18,426.0,Hyundai,6,7100.0,personnel,actif
CTR_000288,INS_000434,Tous risques,2023-11-27,319.8,Kia,16,4100.0,professionnel,actif
CTR_000289,INS_000437,Tiers + vol/incendie,2025-03-27,441.0,Seat,4,12600.0,personnel,actif
CTR_000290,INS_000439,Au tiers,2024-03-06,200.0,Volvo,6,6800.0,personnel,actif
CTR_000291,INS_000440,Tous risques,2022-03-14,634.8,Citroën,5,9200.0,mixte,actif
CTR_000292,INS_000442,Tous risques,2021-09-08,1080.0,Tesla,2,18000.0,personnel,actif
CTR_000293,INS_000446,Tous risques,2025-04-27,374.4,Renault,16,4800.0,professionnel,suspendu
CTR_000294,INS_000447,Au tiers,2021-12-20,517.5,BMW,5,20700.0,personnel,actif
CTR_000295,INS_000451,Tous risques,2025-06-22,342.0,Dacia,11,5700.0,personnel,actif
CTR_000296,INS_000452,Tous risques + assistance,2020-11-16,1316.25,Mercedes,5,13500.0,professionnel,actif
CTR_000297,INS_000453,Tous risques + assistance,2024-05-27,200.0,Toyota,7,1500.0,personnel,actif
CTR_000298,INS_000454,Tiers + vol/incendie,2021-06-26,511.0,Toyota,5,14600.0,personnel,actif
CTR_000299,INS_000455,Tous risques + assistance,2022-11-17,200.0,Volkswagen,3,800.0,professionnel,actif
CTR_000300,INS_000457,Tous risques + assistance,2025-11-11,1881.75,Renault,5,19300.0,professionnel,actif
CTR_000301,INS_000459,Au tiers,2024-09-15,200.0,Hyundai,2,6400.0,personnel,actif
CTR_000302,INS_000460,Tous risques,2023-10-19,942.0,Audi,10,15700.0,personnel,actif
CTR_000303,INS_000463,Tiers + vol/incendie,2020-12-04,217.0,Kia,12,6200.0,personnel,actif
CTR_000304,INS_000463,Au tiers,2022-11-09,200.0,Peugeot,12,5500.0,personnel,actif
CTR_000305,INS_000467,Tous risques,2026-05-02,858.0,Peugeot,1,14300.0,personnel,actif
CTR_000306,INS_000469,Tous risques,2020-07-20,900.0,Citroën,10,15000.0,personnel,actif
CTR_000307,INS_000470,Au tiers,2024-06-27,200.0,Peugeot,2,800.0,professionnel,suspendu
CTR_000308,INS_000471,Tiers étendu,2023-09-13,234.0,Peugeot,10,5200.0,personnel,actif
CTR_000309,INS_000475,Tiers + vol/incendie,2021-09-15,325.5,Skoda,14,9300.0,personnel,actif
CTR_000310,INS_000480,Tous risques + assistance,2021-09-20,802.12,Volkswagen,6,9300.0,mixte,actif
CTR_000311,INS_000482,Au tiers,2021-01-23,352.5,Opel,11,14100.0,personnel,actif
CTR_000312,INS_000485,Tous risques,2021-01-09,694.2,Dacia,15,8900.0,professionnel,résilié
CTR_000313,INS_000487,Tous risques,2022-09-25,200.0,Mercedes,17,800.0,personnel,actif
CTR_000314,INS_000489,Tous risques,2021-06-01,759.0,Dacia,4,11000.0,mixte,suspendu
CTR_000315,INS_000491,Tiers + vol/incendie,2025-02-08,200.0,Kia,6,4300.0,personnel,actif
CTR_000316,INS_000492,Tiers + vol/incendie,2023-10-28,483.0,Citroën,1,13800.0,personnel,actif
CTR_000317,INS_000493,Tous risques,2021-01-28,510.0,Hyundai,2,8500.0,personnel,actif
CTR_000318,INS_000493,Tiers + vol/incendie,2025-01-19,399.0,Peugeot,1,11400.0,personnel,suspendu
CTR_000319,INS_000496,Tiers étendu,2021-11-16,355.5,Mercedes,5,7900.0,personnel,actif
CTR_000320,INS_000498,Tiers étendu,2024-01-03,364.5,Dacia,14,8100.0,personnel,actif
CTR_000321,INS_000500,Au tiers,2024-10-13,200.0,Tesla,7,4300.0,personnel,actif
CTR_000322,INS_000504,Tous risques + assistance,2020-08-07,200.0,Ford,19,2100.0,personnel,actif
CTR_000323,INS_000505,Tous risques,2024-12-02,396.0,Opel,5,6600.0,personnel,actif
CTR_000324,INS_000505,Tous risques,2021-07-25,842.4,Dacia,14,10800.0,professionnel,actif
CTR_000325,INS_000505,Tous risques,2021-10-14,534.0,Citroën,6,8900.0,personnel,actif
CTR_000326,INS_000512,Tous risques + assistance,2026-03-24,690.0,Volkswagen,12,9200.0,personnel,actif
CTR_000327,INS_000512,Tiers étendu,2021-09-09,301.5,Kia,13,6700.0,personnel,actif
CTR_000328,INS_000512,Au tiers,2025-11-25,725.0,Renault,0,29000.0,personnel,actif
CTR_000329,INS_000513,Tous risques,2022-11-29,234.0,Audi,19,3900.0,personnel,actif
CTR_000330,INS_000514,Au tiers,2023-04-16,200.0,Skoda,9,7400.0,personnel,actif
CTR_000331,INS_000515,Au tiers,2025-03-13,347.5,BMW,7,13900.0,personnel,actif
CTR_000332,INS_000516,Tous risques,2026-02-19,1469.7,Skoda,3,21300.0,mixte,actif
CTR_000333,INS_000520,Tous risques,2022-01-14,1099.8,Tesla,8,14100.0,professionnel,actif
CTR_000334,INS_000521,Tiers + vol/incendie,2025-02-28,422.63,Renault,12,10500.0,mixte,actif
CTR_000335,INS_000523,Tiers étendu,2022-01-31,377.77,BMW,3,7300.0,mixte,actif
CTR_000336,INS_000524,Tiers + vol/incendie,2025-05-07,200.0,Fiat,17,2100.0,personnel,actif
CTR_000337,INS_000525,Tiers étendu,2023-09-02,200.0,Renault,2,800.0,personnel,actif
CTR_000338,INS_000526,Tous risques + assistance,2024-07-17,727.5,Opel,3,9700.0,personnel,actif
CTR_000339,INS_000527,Tous risques,2020-12-05,888.0,Skoda,10,14800.0,personnel,actif
CTR_000340,INS_000528,Tiers + vol/incendie,2020-10-08,546.0,BMW,7,15600.0,personnel,actif
CTR_000341,INS_000529,Tous risques + assistance,2020-10-27,1405.88,Ford,0,16300.0,mixte,actif
CTR_000342,INS_000530,Au tiers,2023-01-01,422.5,Ford,6,16900.0,personnel,actif
CTR_000343,INS_000533,Tous risques,2023-12-31,1318.2,Tesla,4,16900.0,professionnel,actif
CTR_000344,INS_000535,Tous risques,2020-08-15,374.4,Fiat,15,4800.0,professionnel,actif
CTR_000345,INS_000537,Tiers étendu,2026-05-11,603.0,Audi,3,13400.0,personnel,suspendu
CTR_000346,INS_000538,Au tiers,2025-11-05,297.5,Dacia,5,11900.0,personnel,actif
CTR_000347,INS_000539,Au tiers,2020-12-10,200.0,Citroën,9,5500.0,personnel,actif
CTR_000348,INS_000541,Au tiers,2022-10-19,427.5,Hyundai,4,17100.0,personnel,actif
CTR_000349,INS_000543,Au tiers,2026-03-31,242.5,Volvo,14,9700.0,personnel,actif
CTR_000350,INS_000545,Tous risques,2023-11-13,936.0,Mercedes,8,12000.0,professionnel,actif
CTR_000351,INS_000547,Tiers étendu,2024-08-28,598.5,Mercedes,4,13300.0,personnel,actif
CTR_000352,INS_000548,Tous risques + assistance,2024-05-16,937.5,Mercedes,3,12500.0,personnel,actif
CTR_000353,INS_000550,Au tiers,2020-11-22,200.0,Volkswagen,9,2900.0,personnel,actif
CTR_000354,INS_000551,Tiers + vol/incendie,2020-07-18,563.5,Dacia,12,16100.0,personnel,actif
CTR_000355,INS_000553,Tous risques,2025-06-26,1032.0,Renault,3,17200.0,personnel,actif
CTR_000356,INS_000556,Tous risques,2024-05-01,1242.0,Dacia,5,18000.0,mixte,actif
CTR_000357,INS_000558,Tous risques,2025-12-06,1029.6,Skoda,5,13200.0,professionnel,actif
CTR_000358,INS_000560,Tous risques,2025-10-03,852.0,Jeep,2,14200.0,personnel,actif
CTR_000359,INS_000561,Tous risques,2020-08-17,1559.4,BMW,0,22600.0,mixte,actif
CTR_000360,INS_000561,Au tiers,2023-07-29,458.25,Ford,7,14100.0,professionnel,actif
CTR_000361,INS_000563,Tous risques,2025-05-19,1068.0,Hyundai,3,17800.0,personnel,actif
CTR_000362,INS_000564,Tous risques,2022-11-25,1170.0,Skoda,1,19500.0,personnel,suspendu
CTR_000363,INS_000569,Au tiers,2022-11-24,300.0,Ford,8,12000.0,personnel,actif
CTR_000364,INS_000570,Au tiers,2021-02-09,567.5,Renault,3,22700.0,personnel,actif
CTR_000365,INS_000573,Tiers étendu,2025-11-21,778.5,Audi,9,17300.0,personnel,actif
CTR_000366,INS_000575,Tous risques + assistance,2026-05-23,1327.5,BMW,3,17700.0,personnel,actif
CTR_000367,INS_000576,Tous risques + assistance,2024-11-18,982.5,BMW,10,13100.0,personnel,actif
CTR_000368,INS_000577,Tous risques,2020-10-30,954.0,Dacia,4,15900.0,personnel,actif
CTR_000369,INS_000578,Tiers étendu,2024-02-14,675.0,Volkswagen,8,15000.0,personnel,actif
CTR_000370,INS_000581,Tiers étendu,2020-08-19,360.0,Kia,9,8000.0,personnel,actif
CTR_000371,INS_000582,Tous risques,2022-02-23,1458.0,Kia,1,24300.0,personnel,actif
CTR_000372,INS_000583,Tiers étendu,2021-02-16,603.0,Peugeot,5,13400.0,personnel,actif
CTR_000373,INS_000588,Tiers étendu,2025-06-20,391.5,Tesla,0,8700.0,personnel,actif
CTR_000374,INS_000591,Tiers étendu,2021-08-07,450.45,Volvo,2,7700.0,professionnel,actif
CTR_000375,INS_000592,Tous risques,2023-05-29,804.0,Skoda,5,13400.0,personnel,actif
CTR_000376,INS_000593,Au tiers,2024-11-07,786.5,Peugeot,0,24200.0,professionnel,actif
CTR_000377,INS_000595,Tous risques,2022-05-16,546.0,Seat,7,7000.0,professionnel,actif
CTR_000378,INS_000597,Tous risques,2023-09-19,200.0,Skoda,12,800.0,personnel,actif
CTR_000379,INS_000598,Tous risques,2025-09-21,936.0,Seat,9,15600.0,personnel,actif
CTR_000380,INS_000598,Tiers étendu,2026-05-17,1097.1,Volvo,1,21200.0,mixte,actif
CTR_000381,INS_000599,Au tiers,2021-08-27,373.75,Volkswagen,2,11500.0,professionnel,actif
CTR_000382,INS_000601,Tiers + vol/incendie,2021-07-31,1073.8,Kia,6,23600.0,professionnel,actif
CTR_000383,INS_000602,Au tiers,2022-12-13,417.5,BMW,6,16700.0,personnel,suspendu
CTR_000384,INS_000603,Tiers étendu,2024-07-26,423.0,Fiat,9,9400.0,personnel,actif
CTR_000385,INS_000604,Tous risques + assistance,2023-10-15,232.5,Audi,7,3100.0,personnel,actif
CTR_000386,INS_000605,Tiers + vol/incendie,2024-06-03,259.0,Fiat,12,7400.0,personnel,actif
CTR_000387,INS_000608,Au tiers,2023-04-24,200.0,Volvo,5,1100.0,professionnel,actif
CTR_000388,INS_000609,Tous risques,2026-01-11,1279.2,BMW,10,16400.0,professionnel,actif
CTR_000389,INS_000611,Tous risques,2023-12-12,414.0,Renault,8,6900.0,personnel,actif
CTR_000390,INS_000615,Tous risques,2021-08-18,324.0,Fiat,14,5400.0,personnel,actif
CTR_000391,INS_000617,Tous risques,2023-08-28,492.0,Renault,4,8200.0,personnel,actif
CTR_000392,INS_000620,Tous risques,2020-09-30,1038.0,Peugeot,6,17300.0,personnel,actif
CTR_000393,INS_000621,Au tiers,2022-05-04,526.12,Tesla,7,18300.0,mixte,actif
CTR_000394,INS_000623,Tous risques,2023-04-12,200.0,Peugeot,15,800.0,personnel,actif
CTR_000395,INS_000625,Tiers étendu,2025-07-11,841.5,Tesla,0,18700.0,personnel,actif
CTR_000396,INS_000626,Tous risques,2025-09-12,1356.0,Kia,3,22600.0,personnel,résilié
CTR_000397,INS_000627,Tous risques,2025-02-20,975.0,Renault,12,12500.0,professionnel,actif
CTR_000398,INS_000628,Tiers + vol/incendie,2021-02-03,200.0,Hyundai,12,800.0,professionnel,actif
CTR_000399,INS_000630,Tiers + vol/incendie,2025-08-28,200.0,Tesla,9,800.0,personnel,suspendu
CTR_000400,INS_000630,Tous risques,2025-02-02,1755.0,Jeep,5,22500.0,professionnel,actif
CTR_000401,INS_000630,Tous risques,2020-12-25,528.0,Hyundai,0,8800.0,personnel,actif
CTR_000402,INS_000631,Tous risques + assistance,2024-06-26,2182.12,BMW,0,25300.0,mixte,actif
CTR_000403,INS_000633,Au tiers,2025-12-14,200.0,Toyota,2,4800.0,personnel,actif
CTR_000404,INS_000636,Tous risques,2025-04-18,421.2,Renault,1,5400.0,professionnel,actif
CTR_000405,INS_000639,Tous risques,2026-05-17,1895.4,Peugeot,7,24300.0,professionnel,actif
CTR_000406,INS_000640,Tous risques,2022-03-20,1056.0,Dacia,4,17600.0,personnel,actif
CTR_000407,INS_000643,Tous risques,2023-03-07,960.0,Opel,1,16000.0,personnel,actif
CTR_000408,INS_000645,Tiers étendu,2025-08-07,832.5,Tesla,4,18500.0,personnel,actif
CTR_000409,INS_000646,Au tiers,2021-05-14,235.0,Hyundai,6,9400.0,personnel,actif
CTR_000410,INS_000647,Tiers + vol/incendie,2025-12-28,234.5,Citroën,17,6700.0,personnel,actif
CTR_000411,INS_000648,Tous risques + assistance,2023-09-24,322.5,Volkswagen,5,4300.0,personnel,actif
CTR_000412,INS_000649,Tiers étendu,2024-04-29,305.32,Volkswagen,5,5900.0,mixte,actif
CTR_000413,INS_000650,Tous risques + assistance,2022-02-17,200.0,Volkswagen,2,1400.0,personnel,actif
CTR_000414,INS_000651,Tiers étendu,2021-02-10,337.5,Toyota,3,7500.0,personnel,actif
CTR_000415,INS_000652,Tous risques,2025-06-09,200.0,Opel,17,2400.0,personnel,actif
CTR_000416,INS_000656,Tiers étendu,2023-02-25,477.0,Ford,5,10600.0,personnel,actif
CTR_000417,INS_000657,Tous risques,2024-03-09,1020.0,Skoda,3,17000.0,personnel,actif
CTR_000418,INS_000658,Tiers étendu,2022-04-19,940.5,Seat,1,20900.0,personnel,actif
CTR_000419,INS_000660,Tiers étendu,2025-11-05,675.0,Jeep,13,15000.0,personnel,actif
CTR_000420,INS_000661,Tiers + vol/incendie,2025-12-31,618.8,Tesla,3,13600.0,professionnel,actif
CTR_000421,INS_000662,Tous risques,2020-11-05,366.6,Audi,4,4700.0,professionnel,actif
CTR_000422,INS_000664,Tous risques + assistance,2025-12-21,270.0,Kia,2,3600.0,personnel,actif
CTR_000423,INS_000665,Au tiers,2021-09-03,200.0,Renault,7,4800.0,professionnel,actif
CTR_000424,INS_000666,Tous risques,2023-01-05,639.6,Ford,7,8200.0,professionnel,actif
CTR_000425,INS_000667,Tiers étendu,2025-06-28,438.75,Tesla,15,7500.0,professionnel,actif
CTR_000426,INS_000670,Tous risques,2022-08-10,943.8,Hyundai,3,12100.0,professionnel,actif
CTR_000427,INS_000671,Au tiers,2022-09-05,597.5,Citroën,1,23900.0,personnel,actif
CTR_000428,INS_000674,Au tiers,2025-07-22,355.0,Nissan,12,14200.0,personnel,actif
CTR_000429,INS_000675,Tous risques,2021-07-09,222.0,Kia,16,3700.0,personnel,actif
CTR_000430,INS_000676,Tiers étendu,2020-10-29,200.0,Hyundai,5,4400.0,personnel,actif
CTR_000431,INS_000677,Tous risques,2023-09-21,714.0,Hyundai,6,11900.0,personnel,actif
CTR_000432,INS_000678,Au tiers,2026-03-07,224.25,Dacia,16,7800.0,mixte,actif
CTR_000433,INS_000679,Au tiers,2020-08-15,438.75,Tesla,8,13500.0,professionnel,actif
CTR_000434,INS_000680,Tiers + vol/incendie,2024-03-21,304.5,Jeep,9,8700.0,personnel,actif
CTR_000435,INS_000682,Tiers étendu,2022-03-16,661.5,Volkswagen,4,14700.0,personnel,suspendu
CTR_000436,INS_000684,Au tiers,2026-03-21,200.0,Hyundai,9,3000.0,mixte,actif
CTR_000437,INS_000687,Tous risques,2024-05-04,1014.0,Toyota,8,16900.0,personnel,actif
CTR_000438,INS_000688,Tiers + vol/incendie,2022-09-02,200.0,Opel,4,800.0,personnel,actif
CTR_000439,INS_000689,Au tiers,2025-02-02,200.0,Mercedes,2,6300.0,personnel,actif
CTR_000440,INS_000691,Tiers étendu,2026-05-22,200.0,Kia,19,2700.0,personnel,actif
CTR_000441,INS_000692,Tous risques,2021-05-30,1062.0,Renault,13,17700.0,personnel,actif
CTR_000442,INS_000693,Tiers étendu,2024-03-30,733.5,BMW,11,16300.0,personnel,actif
CTR_000443,INS_000695,Tous risques,2021-02-09,200.0,Mercedes,19,2600.0,personnel,actif
CTR_000444,INS_000696,Tous risques,2022-02-06,906.0,BMW,0,15100.0,personnel,actif
CTR_000445,INS_000698,Tous risques,2020-09-06,1572.0,Opel,2,26200.0,personnel,actif
CTR_000446,INS_000699,Au tiers,2024-08-27,331.5,Toyota,10,10200.0,professionnel,actif
CTR_000447,INS_000702,Tous risques,2020-11-21,552.0,Toyota,5,9200.0,personnel,actif
CTR_000448,INS_000703,Au tiers,2022-05-30,200.0,Peugeot,7,800.0,personnel,actif
CTR_000449,INS_000705,Tiers étendu,2022-05-21,274.27,Renault,11,5300.0,mixte,actif
CTR_000450,INS_000706,Tous risques + assistance,2022-11-11,1387.5,Opel,9,18500.0,personnel,actif
CTR_000451,INS_000707,Tous risques,2024-05-17,1122.0,Mercedes,8,18700.0,personnel,actif
CTR_000452,INS_000709,Tiers étendu,2026-03-11,517.5,Ford,10,11500.0,personnel,actif
CTR_000453,INS_000710,Tiers étendu,2021-07-05,927.0,Citroën,2,20600.0,personnel,actif
CTR_000454,INS_000711,Tous risques,2020-10-17,1029.6,Dacia,11,13200.0,professionnel,résilié
CTR_000455,INS_000711,Tous risques,2023-09-07,655.5,Renault,13,9500.0,mixte,actif
CTR_000456,INS_000713,Tous risques,2025-04-12,600.6,Toyota,9,7700.0,professionnel,actif
CTR_000457,INS_000713,Tous risques,2022-06-02,200.0,Nissan,15,2500.0,personnel,actif
CTR_000458,INS_000714,Tous risques + assistance,2026-05-21,570.0,Dacia,2,7600.0,personnel,actif
CTR_000459,INS_000715,Tous risques,2021-06-13,803.4,Fiat,8,10300.0,professionnel,actif
CTR_000460,INS_000715,Tous risques,2024-05-01,516.0,Volkswagen,6,8600.0,personnel,actif
CTR_000461,INS_000715,Au tiers,2024-10-31,412.5,Skoda,7,16500.0,personnel,actif
CTR_000462,INS_000716,Tous risques,2025-10-03,708.0,Renault,2,11800.0,personnel,actif
CTR_000463,INS_000717,Au tiers,2020-05-29,430.0,Hyundai,3,17200.0,personnel,actif
CTR_000464,INS_000718,Au tiers,2024-03-11,420.0,Toyota,6,16800.0,personnel,suspendu
CTR_000465,INS_000719,Tiers + vol/incendie,2022-02-04,241.15,Mercedes,7,5300.0,professionnel,suspendu
CTR_000466,INS_000719,Au tiers,2024-09-19,200.0,Dacia,7,4100.0,personnel,actif
CTR_000467,INS_000720,Au tiers,2020-10-14,200.0,Opel,8,7100.0,personnel,actif
CTR_000468,INS_000721,Tiers + vol/incendie,2024-08-22,326.02,Seat,12,8100.0,mixte,actif
CTR_000469,INS_000722,Au tiers,2023-11-24,315.0,Renault,15,12600.0,personnel,actif
CTR_000470,INS_000724,Tiers étendu,2023-12-24,200.0,Nissan,7,4100.0,personnel,actif
CTR_000471,INS_000725,Tous risques,2024-01-29,372.0,Fiat,13,6200.0,personnel,actif
CTR_000472,INS_000727,Tiers étendu,2023-07-09,769.5,Peugeot,1,17100.0,personnel,actif
CTR_000473,INS_000727,Au tiers,2025-11-19,295.0,Jeep,3,11800.0,personnel,suspendu
CTR_000474,INS_000728,Tous risques,2022-07-20,1283.4,Fiat,8,18600.0,mixte,actif
CTR_000475,INS_000729,Tous risques,2022-09-27,1278.0,Volvo,3,21300.0,personnel,actif
CTR_000476,INS_000731,Tous risques,2022-02-02,1098.0,Peugeot,6,18300.0,personnel,actif
CTR_000477,INS_000733,Tous risques,2023-10-26,276.0,BMW,20,4600.0,personnel,actif
CTR_000478,INS_000735,Tiers étendu,2026-02-03,1464.52,Peugeot,0,28300.0,mixte,actif
CTR_000479,INS_000741,Au tiers,2021-09-21,403.0,Volvo,6,12400.0,professionnel,actif
CTR_000480,INS_000743,Tiers étendu,2020-09-29,1123.2,Citroën,11,19200.0,professionnel,actif
CTR_000481,INS_000744,Tous risques + assistance,2022-08-12,240.0,Fiat,14,3200.0,personnel,actif
CTR_000482,INS_000745,Tiers étendu,2023-12-10,200.0,Toyota,5,800.0,personnel,suspendu
CTR_000483,INS_000750,Tiers étendu,2024-03-02,200.0,Seat,8,800.0,personnel,actif
CTR_000484,INS_000751,Tiers étendu,2024-10-11,1006.2,Dacia,7,17200.0,professionnel,actif
CTR_000485,INS_000752,Tous risques,2022-12-29,990.0,Kia,8,16500.0,personnel,résilié
CTR_000486,INS_000753,Tiers étendu,2022-06-26,200.0,Ford,2,2800.0,professionnel,actif
CTR_000487,INS_000754,Tiers étendu,2024-05-17,369.0,Renault,15,8200.0,personnel,actif
CTR_000488,INS_000755,Tous risques,2022-10-22,764.4,Seat,3,9800.0,professionnel,actif
CTR_000489,INS_000757,Tiers étendu,2022-08-04,472.5,Jeep,9,10500.0,personnel,actif
CTR_000490,INS_000757,Tiers + vol/incendie,2025-01-24,491.4,Peugeot,5,10800.0,professionnel,actif
CTR_000491,INS_000758,Tiers étendu,2022-03-05,643.5,Mercedes,10,14300.0,personnel,actif
CTR_000492,INS_000759,Tous risques,2021-04-09,888.0,Volvo,1,14800.0,personnel,actif
CTR_000493,INS_000760,Tous risques + assistance,2026-05-04,200.0,Volvo,4,2600.0,personnel,suspendu
CTR_000494,INS_000762,Au tiers,2023-02-01,200.0,Kia,2,1300.0,personnel,actif
CTR_000495,INS_000764,Tous risques,2024-09-28,489.9,Renault,4,7100.0,mixte,actif
CTR_000496,INS_000768,Tous risques,2023-02-17,1006.2,Ford,12,12900.0,professionnel,actif
CTR_000497,INS_000769,Tiers + vol/incendie,2022-09-25,283.5,Citroën,11,8100.0,personnel,actif
CTR_000498,INS_000770,Tiers + vol/incendie,2021-03-12,318.5,Mercedes,5,9100.0,personnel,actif
CTR_000499,INS_000772,Tous risques,2024-04-25,462.0,Hyundai,14,7700.0,personnel,actif
CTR_000500,INS_000773,Tiers étendu,2022-10-29,234.0,Seat,9,5200.0,personnel,actif
CTR_000501,INS_000774,Tiers + vol/incendie,2020-07-20,200.0,Kia,18,5400.0,personnel,actif
CTR_000502,INS_000774,Tiers + vol/incendie,2022-09-10,200.0,Citroën,6,800.0,mixte,actif
CTR_000503,INS_000775,Tiers + vol/incendie,2020-06-11,206.5,Ford,9,5900.0,personnel,actif
CTR_000504,INS_000776,Au tiers,2020-07-13,200.0,Tesla,3,800.0,personnel,actif
CTR_000505,INS_000777,Au tiers,2020-08-26,320.0,Citroën,8,12800.0,personnel,actif
CTR_000506,INS_000777,Tous risques,2022-02-28,294.0,Mercedes,10,4900.0,personnel,actif
CTR_000507,INS_000777,Tous risques,2026-05-22,327.6,Renault,6,4200.0,professionnel,actif
CTR_000508,INS_000779,Tous risques + assistance,2025-12-02,727.5,Kia,7,9700.0,personnel,actif
CTR_000509,INS_000781,Tiers + vol/incendie,2021-01-23,584.5,Jeep,7,16700.0,personnel,actif
CTR_000510,INS_000783,Tous risques,2021-09-24,614.1,Volvo,7,8900.0,mixte,actif
CTR_000511,INS_000784,Tous risques,2026-04-26,1304.1,Tesla,3,18900.0,mixte,actif
CTR_000512,INS_000785,Tous risques,2022-08-31,200.0,Skoda,15,800.0,personnel,actif
CTR_000513,INS_000786,Tous risques,2024-04-14,546.0,Citroën,8,9100.0,personnel,actif
CTR_000514,INS_000787,Tiers étendu,2026-02-28,538.2,BMW,7,9200.0,professionnel,actif
CTR_000515,INS_000794,Au tiers,2025-07-24,450.0,Opel,4,18000.0,personnel,actif
CTR_000516,INS_000795,Tous risques,2021-12-17,1045.2,Dacia,4,13400.0,professionnel,actif
CTR_000517,INS_000796,Au tiers,2025-02-13,357.5,Peugeot,9,14300.0,personnel,actif
CTR_000518,INS_000797,Au tiers,2023-06-20,200.0,Renault,5,4600.0,personnel,actif
CTR_000519,INS_000798,Tiers étendu,2025-01-23,594.0,BMW,5,13200.0,personnel,actif
CTR_000520,INS_000799,Tiers étendu,2021-01-04,324.0,Kia,2,7200.0,personnel,actif
CTR_000521,INS_000800,Tiers étendu,2020-06-05,922.5,Jeep,3,20500.0,personnel,actif
CTR_000522,INS_000801,Tiers étendu,2026-03-16,751.5,Tesla,5,16700.0,personnel,actif
CTR_000523,INS_000803,Tous risques,2026-04-12,624.0,Nissan,0,10400.0,personnel,actif
CTR_000524,INS_000804,Tiers étendu,2022-11-13,396.0,Toyota,1,8800.0,personnel,actif
CTR_000525,INS_000805,Au tiers,2023-08-24,200.0,BMW,10,2800.0,personnel,actif
CTR_000526,INS_000806,Tous risques,2020-10-01,1333.8,Dacia,8,17100.0,professionnel,actif
CTR_000527,INS_000809,Au tiers,2022-01-10,200.0,Peugeot,4,4100.0,personnel,actif
CTR_000528,INS_000810,Tous risques,2026-03-24,294.0,Dacia,8,4900.0,personnel,actif
CTR_000529,INS_000812,Tiers étendu,2024-12-14,666.0,Peugeot,1,14800.0,personnel,actif
CTR_000530,INS_000814,Au tiers,2023-04-24,527.5,Ford,4,21100.0,personnel,actif
CTR_000531,INS_000818,Au tiers,2023-08-13,367.5,Ford,3,14700.0,personnel,actif
CTR_000532,INS_000819,Tiers étendu,2020-06-10,200.0,Volkswagen,9,1300.0,personnel,actif
CTR_000533,INS_000820,Tiers + vol/incendie,2022-11-04,295.75,Volvo,9,6500.0,professionnel,résilié
CTR_000534,INS_000821,Tous risques,2021-07-20,200.0,Tesla,10,2700.0,personnel,actif
CTR_000535,INS_000822,Tiers étendu,2024-09-18,562.5,Peugeot,1,12500.0,personnel,actif
CTR_000536,INS_000824,Au tiers,2021-02-15,352.5,Volkswagen,5,14100.0,personnel,actif
CTR_000537,INS_000825,Tous risques,2025-08-13,402.0,Seat,12,6700.0,personnel,actif
CTR_000538,INS_000828,Tous risques,2024-05-09,984.0,Jeep,4,16400.0,personnel,actif
CTR_000539,INS_000829,Tiers étendu,2021-03-27,497.25,Nissan,2,8500.0,professionnel,actif
CTR_000540,INS_000830,Tiers étendu,2021-04-02,865.8,Ford,6,14800.0,professionnel,actif
CTR_000541,INS_000831,Tous risques,2021-04-14,978.0,Skoda,5,16300.0,personnel,actif
CTR_000542,INS_000833,Tous risques,2021-06-12,1069.5,Tesla,7,15500.0,mixte,actif
CTR_000543,INS_000834,Tiers étendu,2021-04-29,661.5,Toyota,7,14700.0,personnel,résilié
CTR_000544,INS_000837,Tous risques + assistance,2020-06-22,448.5,Dacia,8,5200.0,mixte,actif
CTR_000545,INS_000838,Tous risques,2022-01-23,756.0,Mercedes,6,12600.0,personnel,actif
CTR_000546,INS_000840,Tous risques,2022-05-10,1074.0,Dacia,3,17900.0,personnel,actif
CTR_000547,INS_000843,Tous risques + assistance,2021-04-30,1357.5,Kia,3,18100.0,personnel,actif
CTR_000548,INS_000845,Tous risques,2021-07-20,552.0,Volvo,6,9200.0,personnel,actif
CTR_000549,INS_000847,Tous risques + assistance,2026-05-24,457.5,Renault,0,6100.0,personnel,actif
CTR_000550,INS_000848,Tiers + vol/incendie,2023-12-11,266.0,Citroën,10,7600.0,personnel,actif
CTR_000551,INS_000849,Tous risques,2022-03-07,516.0,Jeep,2,8600.0,personnel,actif
CTR_000552,INS_000849,Tiers + vol/incendie,2020-05-27,262.5,Citroën,1,7500.0,personnel,actif
CTR_000553,INS_000850,Au tiers,2020-12-13,252.5,Volkswagen,2,10100.0,personnel,actif
CTR_000554,INS_000851,Au tiers,2024-10-02,375.0,Seat,2,15000.0,personnel,actif
CTR_000555,INS_000852,Tous risques,2023-09-21,296.4,Nissan,4,3800.0,professionnel,actif
CTR_000556,INS_000853,Tous risques,2023-02-10,492.0,Nissan,14,8200.0,personnel,actif
CTR_000557,INS_000854,Tiers + vol/incendie,2025-03-18,819.0,BMW,2,18000.0,professionnel,actif
CTR_000558,INS_000855,Tiers étendu,2021-10-06,634.5,Volkswagen,7,14100.0,personnel,actif
CTR_000559,INS_000855,Tous risques + assistance,2025-09-25,225.0,Renault,5,3000.0,personnel,suspendu
CTR_000560,INS_000856,Tiers étendu,2021-01-02,643.5,Ford,2,14300.0,personnel,actif
CTR_000561,INS_000858,Tous risques + assistance,2021-02-01,1252.5,Fiat,6,16700.0,personnel,actif
CTR_000562,INS_000860,Tiers étendu,2021-11-15,1008.0,Seat,6,22400.0,personnel,actif
CTR_000563,INS_000862,Tous risques,2024-05-25,738.3,Volvo,14,10700.0,mixte,actif
CTR_000564,INS_000865,Tiers étendu,2025-05-08,200.0,Kia,20,3600.0,personnel,actif
CTR_000565,INS_000866,Au tiers,2026-01-26,200.0,Ford,11,6700.0,personnel,actif
CTR_000566,INS_000868,Tiers étendu,2022-04-13,304.2,Audi,7,5200.0,professionnel,actif
CTR_000567,INS_000869,Tous risques,2022-04-23,864.0,Ford,6,14400.0,personnel,actif
CTR_000568,INS_000872,Tous risques + assistance,2025-01-27,1181.62,Ford,9,13700.0,mixte,actif
CTR_000569,INS_000873,Au tiers,2023-01-20,200.0,Audi,20,3500.0,personnel,actif
CTR_000570,INS_000874,Tiers + vol/incendie,2021-04-09,511.0,Tesla,11,14600.0,personnel,actif
CTR_000571,INS_000874,Tous risques,2024-12-28,1302.6,Opel,7,16700.0,professionnel,actif
CTR_000572,INS_000875,Tous risques,2023-07-31,220.8,Kia,14,3200.0,mixte,actif
CTR_000573,INS_000876,Au tiers,2021-03-08,540.0,Toyota,5,21600.0,personnel,actif
CTR_000574,INS_000879,Tous risques,2025-05-07,900.0,Seat,4,15000.0,personnel,actif
CTR_000575,INS_000883,Tous risques,2025-02-22,614.1,Jeep,5,8900.0,mixte,actif
CTR_000576,INS_000884,Tous risques,2023-01-06,553.8,Dacia,5,7100.0,professionnel,actif
CTR_000577,INS_000887,Tous risques,2021-02-06,684.0,Jeep,8,11400.0,personnel,actif
CTR_000578,INS_000889,Tous risques,2024-08-06,882.0,Citroën,5,14700.0,personnel,actif
CTR_000579,INS_000891,Tiers étendu,2024-05-20,364.5,Kia,6,8100.0,personnel,actif
CTR_000580,INS_000891,Tiers + vol/incendie,2026-02-18,350.0,Renault,9,10000.0,personnel,actif
CTR_000581,INS_000894,Tiers + vol/incendie,2023-09-26,600.6,Jeep,7,13200.0,professionnel,actif
CTR_000582,INS_000895,Tiers + vol/incendie,2020-08-22,200.0,Ford,5,2100.0,personnel,actif
CTR_000583,INS_000896,Au tiers,2024-12-13,455.0,Dacia,4,18200.0,personnel,actif
CTR_000584,INS_000898,Au tiers,2023-07-17,731.25,Audi,4,22500.0,professionnel,actif
CTR_000585,INS_000898,Tous risques,2020-07-28,228.0,Dacia,6,3800.0,personnel,actif
CTR_000586,INS_000899,Tous risques,2025-12-15,1374.0,Opel,5,22900.0,personnel,actif
CTR_000587,INS_000900,Au tiers,2020-07-01,200.0,Nissan,5,5500.0,personnel,actif
CTR_000588,INS_000903,Tiers + vol/incendie,2020-10-31,200.0,Opel,19,1800.0,personnel,actif
CTR_000589,INS_000904,Tous risques,2025-10-06,222.0,Hyundai,13,3700.0,personnel,actif
CTR_000590,INS_000908,Tous risques,2021-01-04,200.0,Mercedes,1,2000.0,mixte,actif
CTR_000591,INS_000911,Tous risques + assistance,2022-02-14,900.0,Kia,7,12000.0,personnel,actif
CTR_000592,INS_000914,Tous risques,2025-08-05,200.0,Seat,11,2700.0,personnel,actif
CTR_000593,INS_000915,Tous risques,2026-01-20,330.0,Dacia,2,5500.0,personnel,actif
CTR_000594,INS_000916,Tiers étendu,2021-11-07,200.0,Toyota,4,1700.0,personnel,actif
CTR_000595,INS_000917,Tiers étendu,2020-11-10,211.5,Ford,17,4700.0,personnel,suspendu
CTR_000596,INS_000918,Tiers étendu,2022-05-24,909.0,Jeep,4,20200.0,personnel,actif
CTR_000597,INS_000919,Tous risques,2024-12-13,828.0,Mercedes,4,12000.0,mixte,suspendu
CTR_000598,INS_000920,Tiers + vol/incendie,2025-02-11,297.5,Tesla,4,8500.0,personnel,actif
CTR_000599,INS_000921,Tiers + vol/incendie,2023-06-17,776.83,Seat,8,19300.0,mixte,actif
CTR_000600,INS_000922,Tous risques + assistance,2025-10-31,585.0,Renault,4,7800.0,personnel,actif
CTR_000601,INS_000923,Tiers étendu,2025-12-22,200.0,Opel,3,2400.0,personnel,actif
CTR_000602,INS_000926,Tiers + vol/incendie,2021-12-21,200.0,Peugeot,10,3600.0,professionnel,actif
CTR_000603,INS_000928,Tiers étendu,2023-03-19,200.0,Audi,19,3400.0,personnel,actif
CTR_000604,INS_000929,Tiers étendu,2022-11-09,200.0,Volvo,7,2900.0,personnel,actif
CTR_000605,INS_000929,Tiers étendu,2023-02-14,976.95,Volkswagen,6,16700.0,professionnel,actif
CTR_000606,INS_000930,Au tiers,2024-10-16,200.0,Audi,8,4000.0,mixte,actif
CTR_000607,INS_000931,Tiers + vol/incendie,2024-03-02,917.7,Skoda,4,22800.0,mixte,actif
CTR_000608,INS_000931,Tiers étendu,2023-09-13,520.65,Fiat,5,8900.0,professionnel,actif
CTR_000609,INS_000933,Tiers étendu,2021-06-13,200.0,Renault,9,4000.0,personnel,actif
CTR_000610,INS_000934,Tiers + vol/incendie,2024-03-30,255.5,Toyota,17,7300.0,personnel,actif
CTR_000611,INS_000935,Tous risques,2024-06-10,1986.0,Opel,0,33100.0,personnel,actif
CTR_000612,INS_000935,Tous risques,2025-12-14,764.4,Kia,5,9800.0,professionnel,actif
CTR_000613,INS_000939,Tous risques,2021-09-26,462.0,Audi,14,7700.0,personnel,actif
CTR_000614,INS_000940,Tous risques,2022-09-16,434.7,Tesla,2,6300.0,mixte,actif
CTR_000615,INS_000942,Tous risques,2024-12-06,1536.0,Ford,7,25600.0,personnel,actif
CTR_000616,INS_000942,Tiers étendu,2023-05-20,200.0,Dacia,6,800.0,professionnel,actif
CTR_000617,INS_000943,Tiers + vol/incendie,2025-11-14,388.5,Dacia,7,11100.0,personnel,actif
CTR_000618,INS_000948,Au tiers,2024-04-01,200.0,Citroën,12,3600.0,personnel,actif
CTR_000619,INS_000951,Tous risques,2026-03-16,787.8,Toyota,0,10100.0,professionnel,actif
CTR_000620,INS_000951,Tous risques,2024-06-09,1476.0,Nissan,6,24600.0,personnel,actif
CTR_000621,INS_000956,Tous risques,2021-10-05,636.0,Toyota,4,10600.0,personnel,actif
CTR_000622,INS_000957,Tiers étendu,2023-09-30,396.0,Ford,3,8800.0,personnel,actif
CTR_000623,INS_000960,Tiers étendu,2025-01-12,555.75,Nissan,9,9500.0,professionnel,actif
CTR_000624,INS_000961,Tiers + vol/incendie,2024-05-26,432.25,Fiat,6,9500.0,professionnel,actif
CTR_000625,INS_000962,Au tiers,2020-12-24,200.0,Ford,16,3100.0,personnel,actif
CTR_000626,INS_000963,Tous risques + assistance,2025-05-04,990.0,Jeep,6,13200.0,personnel,actif
CTR_000627,INS_000964,Tous risques,2024-02-13,690.0,Jeep,4,11500.0,personnel,actif
CTR_000628,INS_000964,Tiers + vol/incendie,2025-10-28,581.0,Volvo,5,16600.0,personnel,actif
CTR_000629,INS_000965,Tous risques,2023-01-24,324.0,Renault,17,5400.0,personnel,actif
CTR_000630,INS_000969,Tiers étendu,2025-12-25,220.5,Tesla,5,4900.0,personnel,actif
CTR_000631,INS_000969,Au tiers,2025-10-26,370.0,Citroën,1,14800.0,personnel,actif
CTR_000632,INS_000970,Au tiers,2025-04-30,200.0,Peugeot,8,900.0,personnel,actif
CTR_000633,INS_000971,Tous risques,2022-10-23,897.0,Fiat,5,11500.0,professionnel,actif
CTR_000634,INS_000973,Tous risques + assistance,2023-11-07,532.5,Opel,8,7100.0,personnel,actif
CTR_000635,INS_000974,Tous risques + assistance,2022-04-23,352.5,BMW,16,4700.0,personnel,actif
CTR_000636,INS_000974,Tous risques,2022-05-22,798.0,Peugeot,4,13300.0,personnel,résilié
CTR_000637,INS_000975,Au tiers,2022-05-03,200.0,Ford,11,1900.0,personnel,actif
CTR_000638,INS_000977,Tous risques,2022-06-18,354.0,Volvo,7,5900.0,personnel,actif
CTR_000639,INS_000979,Tous risques,2023-05-10,786.6,Opel,6,11400.0,mixte,actif
CTR_000640,INS_000981,Tiers étendu,2022-08-18,200.0,Kia,15,2500.0,personnel,actif
CTR_000641,INS_000982,Tiers étendu,2023-10-30,200.0,Renault,4,4000.0,personnel,actif
CTR_000642,INS_000983,Tiers étendu,2024-08-01,504.0,BMW,9,11200.0,personnel,actif
CTR_000643,INS_000985,Tous risques + assistance,2020-07-09,240.0,Volvo,5,3200.0,personnel,actif
CTR_000644,INS_000988,Tous risques,2024-12-14,690.0,Mercedes,6,10000.0,mixte,actif
CTR_000645,INS_000990,Tous risques,2021-07-07,738.0,Jeep,7,12300.0,personnel,actif
CTR_000646,INS_000995,Tiers étendu,2025-10-06,756.0,Ford,3,16800.0,personnel,actif
CTR_000647,INS_000996,Tous risques,2020-05-26,200.0,Opel,3,800.0,professionnel,actif
CTR_000648,INS_001000,Tous risques,2022-11-29,468.0,Mercedes,15,7800.0,personnel,actif
CTR_000649,INS_001001,Tous risques,2026-03-08,834.6,Citroën,7,10700.0,professionnel,actif
CTR_000650,INS_001002,Tous risques,2023-10-18,200.0,Nissan,4,2200.0,personnel,suspendu
CTR_000651,INS_001003,Au tiers,2020-09-09,255.0,Toyota,0,10200.0,personnel,suspendu
CTR_000652,INS_001004,Tiers + vol/incendie,2022-03-08,680.22,Citroën,5,16900.0,mixte,suspendu
CTR_000653,INS_001005,Tiers étendu,2025-10-04,200.0,Mercedes,9,2700.0,personnel,actif
CTR_000654,INS_001006,Tous risques,2023-07-07,1029.6,Skoda,4,13200.0,professionnel,actif
CTR_000655,INS_001009,Tous risques + assistance,2025-03-14,200.0,Opel,5,800.0,professionnel,actif
CTR_000656,INS_001009,Tiers + vol/incendie,2022-12-21,402.5,Jeep,3,11500.0,personnel,suspendu
CTR_000657,INS_001009,Au tiers,2022-08-29,332.5,Ford,4,13300.0,personnel,actif
CTR_000658,INS_001013,Tous risques,2024-10-05,246.0,Hyundai,3,4100.0,personnel,actif
CTR_000659,INS_001014,Tiers + vol/incendie,2022-09-23,290.5,Mercedes,2,8300.0,personnel,actif
CTR_000660,INS_001015,Tous risques,2022-12-02,366.0,Volvo,10,6100.0,personnel,actif
CTR_000661,INS_001015,Tiers + vol/incendie,2021-11-03,200.0,Nissan,14,3600.0,personnel,actif
CTR_000662,INS_001018,Tiers étendu,2023-02-10,1029.82,Toyota,12,19900.0,mixte,actif
CTR_000663,INS_001023,Au tiers,2022-01-13,200.0,Volkswagen,14,1100.0,personnel,actif
CTR_000664,INS_001025,Tiers + vol/incendie,2023-01-22,200.0,Kia,10,2300.0,professionnel,actif
CTR_000665,INS_001026,Tiers + vol/incendie,2020-08-27,200.0,Dacia,2,800.0,personnel,actif
CTR_000666,INS_001027,Tous risques,2022-10-16,366.0,Jeep,4,6100.0,personnel,actif
CTR_000667,INS_001028,Tous risques + assistance,2021-04-05,3178.5,Volkswagen,0,32600.0,professionnel,résilié
CTR_000668,INS_001030,Au tiers,2022-11-18,200.0,Skoda,8,8000.0,personnel,actif
CTR_000669,INS_001031,Au tiers,2025-12-14,532.5,Seat,2,21300.0,personnel,actif
CTR_000670,INS_001032,Tiers étendu,2022-11-27,200.0,Hyundai,3,800.0,professionnel,actif
CTR_000671,INS_001033,Tiers étendu,2023-10-04,742.5,BMW,1,16500.0,personnel,suspendu
CTR_000672,INS_001038,Tous risques,2022-03-10,1240.2,Fiat,6,15900.0,professionnel,actif
CTR_000673,INS_001039,Tous risques,2025-10-15,1434.0,Mercedes,2,23900.0,personnel,actif
CTR_000674,INS_001040,Tous risques,2020-09-30,924.0,BMW,4,15400.0,personnel,actif
CTR_000675,INS_001042,Au tiers,2022-07-17,320.0,Opel,3,12800.0,personnel,actif
CTR_000676,INS_001043,Tous risques,2024-03-16,351.9,BMW,15,5100.0,mixte,actif
CTR_000677,INS_001044,Au tiers,2023-06-20,472.5,Seat,0,18900.0,personnel,actif
CTR_000678,INS_001047,Tiers étendu,2021-07-25,200.0,Hyundai,9,800.0,personnel,actif
CTR_000679,INS_001048,Au tiers,2024-09-24,432.5,Citroën,8,17300.0,personnel,actif
CTR_000680,INS_001049,Tiers + vol/incendie,2024-02-03,203.0,Volkswagen,14,5800.0,personnel,actif
CTR_000681,INS_001050,Au tiers,2021-05-12,200.0,Skoda,7,800.0,personnel,actif
CTR_000682,INS_001052,Tous risques + assistance,2024-01-27,585.0,Jeep,8,7800.0,personnel,actif
CTR_000683,INS_001053,Au tiers,2022-10-13,312.0,BMW,14,9600.0,professionnel,résilié
CTR_000684,INS_001054,Tous risques,2022-01-05,1276.5,Seat,5,18500.0,mixte,actif
CTR_000685,INS_001055,Tous risques,2023-02-26,642.0,Tesla,14,10700.0,personnel,actif
CTR_000686,INS_001058,Tiers + vol/incendie,2025-06-02,579.6,Skoda,7,14400.0,mixte,actif
CTR_000687,INS_001061,Tiers + vol/incendie,2025-07-21,495.95,Citroën,7,10900.0,professionnel,actif
CTR_000688,INS_001062,Tiers + vol/incendie,2021-06-24,283.5,Tesla,2,8100.0,personnel,actif
CTR_000689,INS_001062,Au tiers,2025-03-18,200.0,Kia,6,4200.0,personnel,actif
CTR_000690,INS_001063,Tiers étendu,2025-04-07,200.0,Renault,11,2000.0,personnel,actif
CTR_000691,INS_001064,Tous risques,2023-08-02,200.0,Skoda,10,1600.0,personnel,actif
CTR_000692,INS_001065,Au tiers,2024-06-12,494.0,Seat,8,15200.0,professionnel,actif
CTR_000693,INS_001066,Tous risques,2021-11-02,696.0,Renault,10,11600.0,personnel,actif
CTR_000694,INS_001067,Tiers étendu,2021-03-29,871.65,Opel,5,14900.0,professionnel,actif
CTR_000695,INS_001068,Tiers étendu,2021-11-24,200.0,Kia,8,2700.0,personnel,actif
CTR_000696,INS_001069,Tiers étendu,2021-09-02,400.5,Audi,10,8900.0,personnel,actif
CTR_000697,INS_001070,Au tiers,2023-06-21,415.0,Ford,5,16600.0,personnel,actif
CTR_000698,INS_001071,Tiers + vol/incendie,2024-12-30,600.6,Mercedes,15,13200.0,professionnel,actif
CTR_000699,INS_001072,Tiers étendu,2022-01-15,418.5,Audi,2,9300.0,personnel,actif
CTR_000700,INS_001073,Tous risques + assistance,2023-02-14,210.0,Mercedes,5,2800.0,personnel,actif
CTR_000701,INS_001074,Au tiers,2021-02-25,200.0,Jeep,8,5800.0,personnel,actif
CTR_000702,INS_001075,Au tiers,2021-01-22,255.0,Fiat,11,10200.0,personnel,actif
CTR_000703,INS_001076,Tiers étendu,2022-05-20,742.95,Jeep,5,12700.0,professionnel,actif
CTR_000704,INS_001078,Tous risques,2021-11-16,456.0,Peugeot,12,7600.0,personnel,actif
CTR_000705,INS_001080,Tiers + vol/incendie,2025-08-19,598.5,Nissan,8,17100.0,personnel,actif
CTR_000706,INS_001081,Tous risques,2023-12-31,1512.0,Toyota,4,25200.0,personnel,actif
CTR_000707,INS_001083,Tous risques,2022-05-12,200.0,Skoda,10,2200.0,mixte,actif
CTR_000708,INS_001084,Tous risques + assistance,2022-06-04,1485.0,Audi,0,19800.0,personnel,actif
CTR_000709,INS_001085,Au tiers,2023-02-23,200.0,Opel,13,4600.0,professionnel,actif
CTR_000710,INS_001086,Tous risques,2025-06-21,414.0,Volkswagen,15,6900.0,personnel,actif
CTR_000711,INS_001087,Tiers + vol/incendie,2023-11-27,203.0,Volvo,2,5800.0,personnel,actif
CTR_000712,INS_001088,Tous risques,2020-07-27,894.0,Hyundai,8,14900.0,personnel,actif
CTR_000713,INS_001089,Tous risques,2021-06-10,456.0,Hyundai,15,7600.0,personnel,actif
CTR_000714,INS_001090,Tous risques,2023-05-23,600.6,Fiat,5,7700.0,professionnel,suspendu
CTR_000715,INS_001092,Tous risques,2025-04-01,483.0,Mercedes,19,7000.0,mixte,actif
CTR_000716,INS_001093,Tous risques,2020-06-26,200.0,Toyota,7,1100.0,professionnel,actif
CTR_000717,INS_001094,Tous risques,2022-01-23,1200.0,Seat,2,20000.0,personnel,actif
CTR_000718,INS_001095,Tiers étendu,2022-08-11,538.2,Skoda,4,9200.0,professionnel,actif
CTR_000719,INS_001096,Tous risques,2020-10-06,670.8,Renault,12,8600.0,professionnel,actif
CTR_000720,INS_001097,Au tiers,2026-05-17,290.0,Skoda,1,11600.0,personnel,actif
CTR_000721,INS_001099,Tiers + vol/incendie,2021-09-03,220.5,Volkswagen,11,6300.0,personnel,actif
CTR_000722,INS_001100,Tous risques,2024-05-03,552.0,Mercedes,6,9200.0,personnel,actif
CTR_000723,INS_001101,Tiers + vol/incendie,2024-02-13,200.0,Volvo,6,5400.0,personnel,actif
CTR_000724,INS_001102,Tiers étendu,2022-06-04,889.2,Fiat,4,15200.0,professionnel,actif
CTR_000725,INS_001103,Tiers + vol/incendie,2023-12-30,493.5,Dacia,3,14100.0,personnel,actif
CTR_000726,INS_001104,Tous risques,2022-07-20,200.0,Mercedes,16,1800.0,professionnel,actif
CTR_000727,INS_001106,Tous risques,2025-12-24,1287.0,Nissan,5,16500.0,professionnel,actif
CTR_000728,INS_001108,Au tiers,2025-06-26,222.5,Peugeot,8,8900.0,personnel,suspendu
CTR_000729,INS_001109,Tiers étendu,2022-04-30,279.0,Ford,10,6200.0,personnel,actif
CTR_000730,INS_001110,Tous risques,2023-08-16,600.0,Nissan,2,10000.0,personnel,actif
CTR_000731,INS_001111,Tiers + vol/incendie,2025-04-04,364.0,Audi,2,8000.0,professionnel,actif
CTR_000732,INS_001111,Au tiers,2023-07-20,517.5,Seat,4,20700.0,personnel,actif
CTR_000733,INS_001112,Tiers + vol/incendie,2021-10-02,200.0,Ford,13,800.0,personnel,actif
CTR_000734,INS_001113,Tous risques,2022-01-27,468.0,Fiat,6,7800.0,personnel,actif
CTR_000735,INS_001115,Tous risques,2025-11-12,1427.4,Hyundai,1,18300.0,professionnel,actif
CTR_000736,INS_001116,Tous risques,2021-03-27,200.0,Kia,3,800.0,personnel,actif
CTR_000737,INS_001117,Tous risques,2023-01-03,1122.0,Tesla,0,18700.0,personnel,actif
CTR_000738,INS_001118,Tous risques,2021-07-01,897.0,Volkswagen,4,13000.0,mixte,actif
CTR_000739,INS_001118,Tiers étendu,2025-09-07,256.5,Ford,18,5700.0,personnel,actif
CTR_000740,INS_001120,Tiers étendu,2024-02-06,947.7,Dacia,5,16200.0,professionnel,actif
CTR_000741,INS_001121,Au tiers,2020-12-09,495.0,Hyundai,2,19800.0,personnel,actif
CTR_000742,INS_001124,Tous risques + assistance,2021-05-06,997.5,Tesla,7,13300.0,personnel,actif
CTR_000743,INS_001125,Tiers étendu,2023-04-23,324.0,Jeep,3,7200.0,personnel,actif
CTR_000744,INS_001127,Tiers étendu,2026-02-07,544.05,Ford,8,9300.0,professionnel,suspendu
CTR_000745,INS_001128,Tiers étendu,2023-12-31,734.85,Ford,5,14200.0,mixte,actif
CTR_000746,INS_001129,Tiers étendu,2025-05-15,747.0,Skoda,7,16600.0,personnel,actif
CTR_000747,INS_001131,Tiers + vol/incendie,2020-07-21,200.0,Citroën,17,5100.0,personnel,actif
CTR_000748,INS_001135,Tous risques,2020-12-01,1020.0,Mercedes,6,17000.0,personnel,actif
CTR_000749,INS_001136,Tous risques,2023-03-07,606.0,Ford,4,10100.0,personnel,actif
CTR_000750,INS_001137,Tous risques + assistance,2025-12-17,200.0,Audi,6,1900.0,personnel,actif
CTR_000751,INS_001138,Tous risques,2021-06-16,1032.0,Renault,8,17200.0,personnel,actif
CTR_000752,INS_001139,Tous risques,2021-02-10,300.0,Seat,11,5000.0,personnel,actif
CTR_000753,INS_001141,Au tiers,2024-07-02,330.62,Kia,3,11500.0,mixte,actif
CTR_000754,INS_001142,Au tiers,2023-12-09,200.0,Skoda,13,800.0,personnel,actif
CTR_000755,INS_001143,Au tiers,2025-10-17,460.0,BMW,9,18400.0,personnel,actif
CTR_000756,INS_001144,Tiers + vol/incendie,2022-09-09,220.5,Mercedes,11,6300.0,personnel,actif
CTR_000757,INS_001145,Tous risques,2021-08-27,648.0,Volvo,11,10800.0,personnel,actif
CTR_000758,INS_001146,Tous risques,2025-07-18,396.0,Tesla,17,6600.0,personnel,actif
CTR_000759,INS_001146,Tous risques + assistance,2025-05-26,810.0,Toyota,3,10800.0,personnel,actif
CTR_000760,INS_001147,Tous risques,2022-10-10,452.4,Seat,8,5800.0,professionnel,actif
CTR_000761,INS_001150,Tiers étendu,2026-04-24,684.45,Renault,9,11700.0,professionnel,actif
CTR_000762,INS_001152,Tiers étendu,2025-04-24,859.95,Kia,6,14700.0,professionnel,actif
CTR_000763,INS_001153,Tous risques,2024-11-26,738.3,Citroën,4,10700.0,mixte,actif
CTR_000764,INS_001154,Au tiers,2026-03-22,225.0,Opel,4,9000.0,personnel,actif
CTR_000765,INS_001160,Tous risques,2021-02-14,200.0,Hyundai,15,2400.0,professionnel,actif
CTR_000766,INS_001161,Tous risques,2021-10-12,930.0,Kia,2,15500.0,personnel,actif
CTR_000767,INS_001163,Tiers étendu,2021-05-03,200.0,Nissan,5,800.0,personnel,actif
CTR_000768,INS_001167,Tiers étendu,2020-08-31,720.0,Seat,1,16000.0,personnel,actif
CTR_000769,INS_001168,Tiers + vol/incendie,2023-08-02,200.0,Ford,14,4900.0,personnel,actif
CTR_000770,INS_001169,Tous risques,2026-01-08,402.0,Tesla,4,6700.0,personnel,actif
CTR_000771,INS_001171,Tous risques,2022-07-19,1182.0,Ford,8,19700.0,personnel,actif
CTR_000772,INS_001173,Tous risques,2021-07-04,684.0,Nissan,8,11400.0,personnel,actif
CTR_000773,INS_001174,Tous risques + assistance,2020-08-31,1823.25,Jeep,6,18700.0,professionnel,actif
CTR_000774,INS_001175,Au tiers,2020-12-19,422.5,Seat,2,16900.0,personnel,suspendu
CTR_000775,INS_001176,Au tiers,2023-11-27,235.75,Opel,15,8200.0,mixte,actif
CTR_000776,INS_001177,Tiers + vol/incendie,2021-01-12,490.0,Mercedes,5,14000.0,personnel,actif
CTR_000777,INS_001178,Tous risques,2021-10-31,318.0,Renault,7,5300.0,personnel,actif
CTR_000778,INS_001179,Tous risques + assistance,2021-11-09,1104.0,Ford,3,12800.0,mixte,actif
CTR_000779,INS_001180,Tous risques,2022-08-21,486.0,Toyota,9,8100.0,personnel,actif
CTR_000780,INS_001181,Tiers + vol/incendie,2021-10-01,339.5,Citroën,6,9700.0,personnel,actif
CTR_000781,INS_001182,Tous risques,2024-01-08,1338.0,Fiat,2,22300.0,personnel,actif
CTR_000782,INS_001183,Au tiers,2020-11-26,200.0,Seat,4,4900.0,personnel,actif
CTR_000783,INS_001184,Tous risques,2020-10-07,1162.2,Nissan,7,14900.0,professionnel,actif
CTR_000784,INS_001185,Tiers étendu,2020-09-29,639.0,Nissan,2,14200.0,personnel,actif
CTR_000785,INS_001187,Tiers étendu,2020-07-11,310.5,Peugeot,14,6000.0,mixte,actif
CTR_000786,INS_001191,Tiers + vol/incendie,2024-08-24,479.5,Seat,7,13700.0,personnel,actif
CTR_000787,INS_001192,Au tiers,2024-04-13,477.75,Seat,6,14700.0,professionnel,actif
CTR_000788,INS_001197,Tous risques,2022-12-23,246.0,Volvo,11,4100.0,personnel,actif
CTR_000789,INS_001197,Tous risques,2022-08-28,378.0,Citroën,8,6300.0,personnel,actif
CTR_000790,INS_001198,Tiers étendu,2021-07-02,789.75,Tesla,4,13500.0,professionnel,actif
CTR_000791,INS_001199,Tous risques + assistance,2022-06-10,2242.5,Opel,2,23000.0,professionnel,actif
CTR_000792,INS_001199,Tous risques,2024-09-08,576.0,Tesla,9,9600.0,personnel,actif
CTR_000793,INS_001205,Tiers étendu,2024-06-16,210.6,Volvo,14,3600.0,professionnel,actif
CTR_000794,INS_001206,Au tiers,2024-08-05,638.25,Volkswagen,1,22200.0,mixte,actif
CTR_000795,INS_001208,Tiers étendu,2020-10-12,269.1,Fiat,5,4600.0,professionnel,actif
CTR_000796,INS_001210,Tiers + vol/incendie,2024-11-01,583.62,Opel,4,14500.0,mixte,actif
CTR_000797,INS_001213,Tous risques + assistance,2022-07-09,711.75,Hyundai,7,7300.0,professionnel,actif
CTR_000798,INS_001214,Tous risques,2023-12-29,1254.0,Kia,1,20900.0,personnel,suspendu
CTR_000799,INS_001215,Tiers étendu,2020-05-30,200.0,Jeep,10,4200.0,personnel,actif
CTR_000800,INS_001216,Tous risques,2023-02-03,1014.0,Toyota,7,13000.0,professionnel,actif
CTR_000801,INS_001218,Tous risques,2026-05-19,900.0,Tesla,1,15000.0,personnel,actif
CTR_000802,INS_001221,Au tiers,2025-04-07,284.62,Peugeot,5,9900.0,mixte,actif
CTR_000803,INS_001225,Tous risques,2021-04-02,582.0,Peugeot,11,9700.0,personnel,actif
CTR_000804,INS_001227,Tous risques,2020-05-26,910.8,Renault,12,13200.0,mixte,actif
CTR_000805,INS_001228,Tiers + vol/incendie,2025-02-27,581.0,Ford,9,16600.0,personnel,actif
CTR_000806,INS_001228,Tiers étendu,2022-06-17,571.5,Hyundai,4,12700.0,personnel,actif
CTR_000807,INS_001231,Tous risques,2025-03-21,642.0,Peugeot,11,10700.0,personnel,actif
CTR_000808,INS_001233,Tous risques,2021-09-12,516.0,Opel,4,8600.0,personnel,actif
CTR_000809,INS_001234,Tous risques,2024-11-07,200.0,Renault,4,1400.0,mixte,actif
CTR_000810,INS_001237,Tous risques,2020-11-22,588.0,Dacia,17,9800.0,personnel,actif
CTR_000811,INS_001238,Tous risques,2022-09-15,402.0,Kia,7,6700.0,personnel,actif
CTR_000812,INS_001240,Tous risques + assistance,2024-02-28,750.75,Mercedes,2,7700.0,professionnel,actif
CTR_000813,INS_001242,Tous risques,2023-03-10,1621.5,Opel,7,23500.0,mixte,actif
CTR_000814,INS_001243,Tiers étendu,2025-02-01,462.15,Nissan,7,7900.0,professionnel,actif
CTR_000815,INS_001244,Tiers étendu,2025-01-02,711.0,Citroën,4,15800.0,personnel,actif
CTR_000816,INS_001245,Au tiers,2022-02-08,415.0,Volvo,5,16600.0,personnel,actif
CTR_000817,INS_001247,Tiers étendu,2022-08-28,1292.85,Skoda,0,22100.0,professionnel,actif
CTR_000818,INS_001248,Tiers + vol/incendie,2023-01-16,490.0,Citroën,2,14000.0,personnel,actif
CTR_000819,INS_001249,Tous risques,2022-02-14,1146.0,Renault,2,19100.0,personnel,actif
CTR_000820,INS_001251,Tous risques,2021-11-12,756.6,Citroën,1,9700.0,professionnel,actif
CTR_000821,INS_001253,Tous risques,2020-06-22,336.0,Renault,11,5600.0,personnel,actif
CTR_000822,INS_001255,Tiers + vol/incendie,2024-11-01,721.0,Hyundai,1,20600.0,personnel,actif
CTR_000823,INS_001257,Tous risques + assistance,2024-02-01,612.38,Toyota,3,7100.0,mixte,actif
CTR_000824,INS_001259,Tiers étendu,2026-01-24,544.05,Renault,5,9300.0,professionnel,actif
CTR_000825,INS_001261,Au tiers,2022-07-06,535.0,BMW,5,21400.0,personnel,actif
CTR_000826,INS_001261,Au tiers,2024-06-17,525.0,Tesla,0,21000.0,personnel,actif
CTR_000827,INS_001262,Tiers étendu,2024-08-04,585.0,Nissan,8,13000.0,personnel,actif
CTR_000828,INS_001264,Tiers étendu,2021-01-08,652.5,Fiat,2,14500.0,personnel,actif
CTR_000829,INS_001265,Tous risques,2020-11-16,990.0,Audi,7,16500.0,personnel,actif
CTR_000830,INS_001266,Au tiers,2023-02-07,200.0,Seat,17,1300.0,personnel,actif
CTR_000831,INS_001269,Tiers + vol/incendie,2023-05-23,668.15,Jeep,8,16600.0,mixte,actif
CTR_000832,INS_001270,Tous risques,2026-03-18,1341.6,Tesla,4,17200.0,professionnel,résilié
CTR_000833,INS_001271,Tous risques + assistance,2024-08-30,495.0,Dacia,7,6600.0,personnel,actif
CTR_000834,INS_001271,Tiers + vol/incendie,2022-06-08,430.5,Citroën,6,12300.0,personnel,actif
CTR_000835,INS_001273,Tous risques + assistance,2022-06-19,795.0,Nissan,9,10600.0,personnel,actif
CTR_000836,INS_001274,Tous risques,2024-05-07,1668.0,Audi,4,27800.0,personnel,actif
CTR_000837,INS_001275,Tous risques,2024-04-13,310.5,Jeep,14,4500.0,mixte,actif
CTR_000838,INS_001276,Tiers + vol/incendie,2024-12-14,395.85,Hyundai,10,8700.0,professionnel,actif
CTR_000839,INS_001277,Tous risques,2020-10-18,288.6,Peugeot,12,3700.0,professionnel,actif
CTR_000840,INS_001278,Tous risques,2020-07-22,450.0,Dacia,2,7500.0,personnel,actif
CTR_000841,INS_001279,Tous risques,2023-11-06,774.0,Peugeot,7,12900.0,personnel,actif
CTR_000842,INS_001279,Tiers étendu,2023-09-20,571.5,BMW,4,12700.0,personnel,actif
CTR_000843,INS_001280,Tous risques,2025-04-28,810.0,BMW,2,13500.0,personnel,actif
CTR_000844,INS_001281,Au tiers,2024-04-13,315.0,Citroën,9,12600.0,personnel,actif
CTR_000845,INS_001282,Tous risques + assistance,2023-04-04,1102.5,Opel,2,14700.0,personnel,actif
CTR_000846,INS_001282,Tous risques,2020-09-22,1722.0,Hyundai,4,28700.0,personnel,actif
CTR_000847,INS_001283,Tiers étendu,2024-05-14,200.0,Renault,13,4100.0,personnel,actif
CTR_000848,INS_001285,Tous risques,2025-03-06,354.0,Audi,6,5900.0,personnel,actif
CTR_000849,INS_001285,Tiers étendu,2024-02-23,612.0,Ford,12,13600.0,personnel,actif
CTR_000850,INS_001286,Tous risques,2021-05-01,414.0,Nissan,11,6900.0,personnel,actif
CTR_000851,INS_001287,Au tiers,2021-11-14,342.5,Mercedes,3,13700.0,personnel,actif
CTR_000852,INS_001292,Au tiers,2024-06-12,200.0,Peugeot,9,6600.0,personnel,actif
CTR_000853,INS_001293,Tiers étendu,2022-09-28,304.2,Dacia,4,5200.0,professionnel,actif
CTR_000854,INS_001295,Au tiers,2024-02-25,390.0,Dacia,3,15600.0,personnel,actif
CTR_000855,INS_001296,Au tiers,2024-06-22,200.0,Peugeot,10,4700.0,professionnel,suspendu
CTR_000856,INS_001299,Tous risques,2023-01-17,762.0,Hyundai,7,12700.0,personnel,actif
CTR_000857,INS_001299,Tous risques,2022-09-18,522.0,Volvo,13,8700.0,personnel,actif
CTR_000858,INS_001300,Tiers + vol/incendie,2025-05-08,200.0,Toyota,4,2700.0,professionnel,actif
CTR_000859,INS_001301,Tiers + vol/incendie,2024-03-11,359.45,Nissan,3,7900.0,professionnel,actif
CTR_000860,INS_001305,Au tiers,2021-08-16,220.0,Nissan,16,8800.0,personnel,actif
CTR_000861,INS_001307,Tiers étendu,2021-11-15,432.0,Peugeot,3,9600.0,personnel,actif
CTR_000862,INS_001312,Tiers étendu,2021-04-21,1023.75,Fiat,4,17500.0,professionnel,actif
CTR_000863,INS_001313,Tous risques + assistance,2024-07-01,1365.0,Peugeot,4,18200.0,personnel,actif
CTR_000864,INS_001317,Tiers étendu,2021-02-18,526.5,Fiat,13,11700.0,personnel,actif
CTR_000865,INS_001318,Au tiers,2022-07-13,272.5,Nissan,10,10900.0,personnel,résilié
CTR_000866,INS_001319,Tiers + vol/incendie,2021-04-30,605.15,Renault,5,13300.0,professionnel,actif
CTR_000867,INS_001319,Tiers + vol/incendie,2025-08-10,473.2,Audi,15,10400.0,professionnel,actif
CTR_000868,INS_001320,Tous risques,2022-09-01,731.4,Opel,5,10600.0,mixte,actif
CTR_000869,INS_001322,Au tiers,2024-03-17,330.0,Skoda,8,13200.0,personnel,actif
CTR_000870,INS_001323,Tous risques,2024-09-19,618.0,BMW,12,10300.0,personnel,actif
CTR_000871,INS_001324,Tiers étendu,2024-04-11,1030.5,Kia,3,22900.0,personnel,actif
CTR_000872,INS_001329,Tiers étendu,2022-08-08,823.5,Fiat,8,18300.0,personnel,actif
CTR_000873,INS_001330,Tiers + vol/incendie,2021-09-20,200.0,Toyota,9,800.0,personnel,actif
CTR_000874,INS_001331,Au tiers,2023-05-21,302.25,Citroën,15,9300.0,professionnel,actif
CTR_000875,INS_001336,Tiers étendu,2020-11-23,707.85,Seat,2,12100.0,professionnel,actif
CTR_000876,INS_001337,Tiers étendu,2025-06-21,445.5,Ford,7,9900.0,personnel,suspendu
CTR_000877,INS_001338,Tiers étendu,2024-01-13,747.0,Fiat,2,16600.0,personnel,actif
CTR_000878,INS_001339,Tous risques,2021-07-20,455.4,Volvo,5,6600.0,mixte,actif
CTR_000879,INS_001339,Tiers étendu,2020-08-20,576.0,Mercedes,5,12800.0,personnel,actif
CTR_000880,INS_001339,Tiers étendu,2026-01-11,558.9,Renault,9,10800.0,mixte,actif
CTR_000881,INS_001340,Tous risques,2021-11-12,936.0,Tesla,2,15600.0,personnel,actif
CTR_000882,INS_001341,Tous risques,2025-05-17,390.0,Renault,17,6500.0,personnel,actif
CTR_000883,INS_001342,Tous risques + assistance,2025-01-12,200.0,Skoda,10,800.0,personnel,actif
CTR_000884,INS_001345,Tiers étendu,2021-11-14,200.0,Citroën,4,2500.0,personnel,actif
CTR_000885,INS_001346,Tiers étendu,2024-11-28,351.0,Skoda,9,7800.0,personnel,actif
CTR_000886,INS_001347,Au tiers,2023-10-14,320.0,Dacia,5,12800.0,personnel,actif
CTR_000887,INS_001348,Tous risques,2024-07-29,200.0,Toyota,20,3000.0,personnel,actif
CTR_000888,INS_001349,Tiers + vol/incendie,2025-08-21,990.5,BMW,0,28300.0,personnel,actif
CTR_000889,INS_001350,Tiers + vol/incendie,2024-08-12,495.95,Opel,10,10900.0,professionnel,actif
CTR_000890,INS_001352,Au tiers,2020-11-01,455.0,Nissan,9,18200.0,personnel,actif
CTR_000891,INS_001354,Tiers étendu,2021-04-03,819.0,Seat,6,18200.0,personnel,actif
CTR_000892,INS_001357,Tiers + vol/incendie,2023-01-08,760.73,Renault,8,18900.0,mixte,actif
CTR_000893,INS_001358,Tiers étendu,2023-12-29,200.0,Peugeot,8,4300.0,personnel,actif
CTR_000894,INS_001358,Tiers étendu,2024-02-26,387.0,Tesla,3,8600.0,personnel,actif
CTR_000895,INS_001358,Tiers étendu,2025-07-03,760.5,Hyundai,3,16900.0,personnel,actif
CTR_000896,INS_001359,Au tiers,2022-09-04,515.0,Renault,7,20600.0,personnel,actif
CTR_000897,INS_001360,Tous risques,2021-08-25,200.0,Ford,19,800.0,personnel,actif
CTR_000898,INS_001361,Tous risques + assistance,2026-03-22,1012.5,Kia,4,13500.0,personnel,actif
CTR_000899,INS_001363,Tous risques,2024-12-04,492.0,Fiat,2,8200.0,personnel,actif
CTR_000900,INS_001364,Tous risques,2023-08-11,612.0,Peugeot,0,10200.0,personnel,actif
CTR_000901,INS_001366,Au tiers,2021-12-10,200.0,Hyundai,10,800.0,mixte,actif
CTR_000902,INS_001366,Au tiers,2023-05-05,484.25,Fiat,6,14900.0,professionnel,actif
CTR_000903,INS_001368,Tous risques,2023-09-20,522.0,Skoda,13,8700.0,personnel,actif
CTR_000904,INS_001369,Au tiers,2025-03-15,335.0,Mercedes,3,13400.0,personnel,actif
CTR_000905,INS_001372,Au tiers,2023-05-18,322.5,Seat,5,12900.0,personnel,actif
CTR_000906,INS_001374,Tous risques,2022-06-14,912.0,Dacia,4,15200.0,personnel,actif
CTR_000907,INS_001375,Tiers + vol/incendie,2020-10-28,200.0,Seat,2,800.0,personnel,actif
CTR_000908,INS_001376,Tiers + vol/incendie,2026-04-23,339.5,Citroën,4,9700.0,personnel,suspendu
CTR_000909,INS_001377,Tous risques,2025-10-08,1266.0,Seat,1,21100.0,personnel,actif
CTR_000910,INS_001378,Tous risques,2025-11-29,894.0,Jeep,10,14900.0,personnel,actif
CTR_000911,INS_001381,Tous risques,2021-03-26,200.0,Citroën,13,1400.0,professionnel,actif
CTR_000912,INS_001382,Tous risques,2020-12-17,300.0,Opel,12,5000.0,personnel,actif
CTR_000913,INS_001383,Tous risques,2025-01-25,200.0,Nissan,5,1500.0,personnel,suspendu
CTR_000914,INS_001387,Tiers étendu,2024-05-26,200.0,Volkswagen,16,3800.0,mixte,actif
CTR_000915,INS_001390,Tous risques + assistance,2020-07-30,615.0,Ford,3,8200.0,personnel,actif
CTR_000916,INS_001390,Tiers + vol/incendie,2022-09-21,224.0,Peugeot,6,6400.0,personnel,actif
CTR_000917,INS_001393,Tiers étendu,2022-07-07,706.5,Volkswagen,4,15700.0,personnel,actif
CTR_000918,INS_001393,Au tiers,2024-08-06,200.0,Fiat,10,4200.0,personnel,actif
CTR_000919,INS_001393,Au tiers,2022-10-02,200.0,BMW,6,7800.0,personnel,actif
CTR_000920,INS_001394,Au tiers,2021-07-02,200.0,Toyota,13,3500.0,mixte,actif
CTR_000921,INS_001395,Tous risques,2023-01-25,474.0,Skoda,6,7900.0,personnel,actif
CTR_000922,INS_001397,Tous risques,2025-02-25,606.0,Citroën,3,10100.0,personnel,suspendu
CTR_000923,INS_001397,Au tiers,2021-09-19,542.5,Hyundai,0,21700.0,personnel,actif
CTR_000924,INS_001399,Au tiers,2025-09-20,267.5,Nissan,15,10700.0,personnel,actif
CTR_000925,INS_001400,Au tiers,2020-10-11,240.5,Seat,8,7400.0,professionnel,actif
CTR_000926,INS_001403,Au tiers,2021-04-06,212.75,Audi,6,7400.0,mixte,actif
CTR_000927,INS_001404,Tous risques,2021-06-30,200.0,Hyundai,10,3200.0,personnel,actif
CTR_000928,INS_001405,Tiers étendu,2022-01-27,200.0,Ford,5,3100.0,personnel,résilié
CTR_000929,INS_001406,Tiers étendu,2026-01-20,1205.77,Tesla,0,23300.0,mixte,actif
CTR_000930,INS_001407,Tiers + vol/incendie,2021-09-20,623.35,Dacia,7,13700.0,professionnel,actif
CTR_000931,INS_001408,Tiers étendu,2025-03-29,891.0,Volkswagen,2,19800.0,personnel,actif
CTR_000932,INS_001409,Tous risques + assistance,2021-11-21,472.5,Audi,8,6300.0,personnel,actif
CTR_000933,INS_001412,Tiers étendu,2026-02-04,499.5,Volvo,5,11100.0,personnel,actif
CTR_000934,INS_001412,Tous risques,2022-08-03,345.0,Kia,19,5000.0,mixte,actif
CTR_000935,INS_001414,Au tiers,2022-10-01,207.0,Renault,12,7200.0,mixte,actif
CTR_000936,INS_001415,Tiers + vol/incendie,2025-12-23,200.0,Volvo,7,5400.0,personnel,actif
CTR_000937,INS_001417,Tous risques,2022-09-17,938.4,Jeep,6,13600.0,mixte,actif
CTR_000938,INS_001418,Tiers + vol/incendie,2023-03-19,220.5,Kia,9,6300.0,personnel,actif
CTR_000939,INS_001419,Au tiers,2022-11-10,377.0,Toyota,11,11600.0,professionnel,actif
CTR_000940,INS_001421,Tous risques,2023-07-27,200.0,BMW,13,800.0,personnel,actif
CTR_000941,INS_001422,Au tiers,2023-06-19,200.0,Citroën,20,4200.0,personnel,actif
CTR_000942,INS_001423,Tous risques + assistance,2023-12-05,765.0,Hyundai,6,10200.0,personnel,actif
CTR_000943,INS_001425,Tiers étendu,2021-05-09,333.45,Ford,12,5700.0,professionnel,actif
CTR_000944,INS_001428,Tous risques,2022-01-25,1099.8,Jeep,3,14100.0,professionnel,actif
CTR_000945,INS_001430,Tous risques,2025-03-17,444.0,Seat,9,7400.0,personnel,résilié
CTR_000946,INS_001431,Tiers étendu,2022-02-14,378.0,Renault,12,8400.0,personnel,actif
CTR_000947,INS_001434,Tous risques + assistance,2022-08-08,200.0,Seat,19,1100.0,mixte,actif
CTR_000948,INS_001436,Tous risques,2021-02-12,1587.0,Opel,0,23000.0,mixte,actif
CTR_000949,INS_001440,Tous risques,2022-03-28,750.0,Peugeot,2,12500.0,personnel,actif
CTR_000950,INS_001440,Au tiers,2024-02-24,287.5,Audi,11,10000.0,mixte,actif
CTR_000951,INS_001441,Au tiers,2022-04-14,322.5,Citroën,13,12900.0,personnel,actif
CTR_000952,INS_001442,Tiers étendu,2026-02-23,463.5,Dacia,8,10300.0,personnel,actif
CTR_000953,INS_001444,Tous risques + assistance,2023-11-13,439.87,Seat,12,5100.0,mixte,actif
CTR_000954,INS_001448,Tous risques + assistance,2026-03-21,427.5,Tesla,16,5700.0,personnel,résilié
CTR_000955,INS_001449,Tous risques + assistance,2022-11-28,1043.62,Opel,9,12100.0,mixte,actif
CTR_000956,INS_001450,Au tiers,2022-09-11,422.5,BMW,0,16900.0,personnel,actif
CTR_000957,INS_001451,Tiers étendu,2025-12-20,270.0,Dacia,2,6000.0,personnel,actif
CTR_000958,INS_001452,Au tiers,2025-07-19,475.0,Kia,4,19000.0,personnel,actif
CTR_000959,INS_001453,Tiers étendu,2021-04-03,283.5,Toyota,4,6300.0,personnel,actif
CTR_000960,INS_001455,Au tiers,2024-06-05,200.0,Volvo,8,5000.0,professionnel,actif
CTR_000961,INS_001456,Tous risques + assistance,2025-08-05,200.0,BMW,11,800.0,personnel,actif
CTR_000962,INS_001457,Au tiers,2024-12-28,200.0,Hyundai,14,5100.0,personnel,actif
CTR_000963,INS_001458,Tous risques,2024-11-24,552.0,Opel,12,9200.0,personnel,actif
CTR_000964,INS_001459,Tiers + vol/incendie,2025-08-25,656.07,Skoda,4,16300.0,mixte,actif
CTR_000965,INS_001460,Tiers étendu,2024-08-29,1125.0,Seat,5,25000.0,personnel,actif
CTR_000966,INS_001461,Tiers + vol/incendie,2021-06-21,850.5,Kia,4,24300.0,personnel,actif
CTR_000967,INS_001461,Tiers + vol/incendie,2026-01-23,500.5,Nissan,6,14300.0,personnel,actif
CTR_000968,INS_001462,Au tiers,2024-10-31,200.0,Hyundai,9,5800.0,personnel,actif
CTR_000969,INS_001463,Tous risques,2024-08-10,200.0,Mercedes,15,1700.0,personnel,actif
CTR_000970,INS_001464,Tous risques + assistance,2024-01-30,615.0,Tesla,3,8200.0,personnel,actif
CTR_000971,INS_001464,Tous risques + assistance,2023-11-26,772.5,Hyundai,9,10300.0,personnel,actif
CTR_000972,INS_001465,Au tiers,2021-09-09,402.5,Opel,5,16100.0,personnel,actif
CTR_000973,INS_001466,Tous risques,2024-07-03,413.4,Tesla,17,5300.0,professionnel,résilié
CTR_000974,INS_001467,Tiers + vol/incendie,2022-01-05,382.38,Fiat,1,9500.0,mixte,actif
CTR_000975,INS_001469,Tous risques,2021-03-24,282.9,Citroën,1,4100.0,mixte,actif
CTR_000976,INS_001471,Au tiers,2021-03-07,200.0,Fiat,5,800.0,personnel,actif
CTR_000977,INS_001474,Tiers + vol/incendie,2021-01-21,504.0,Mercedes,3,14400.0,personnel,actif
CTR_000978,INS_001476,Tiers étendu,2023-01-07,495.0,BMW,7,11000.0,personnel,actif
CTR_000979,INS_001477,Au tiers,2025-02-02,812.5,Tesla,3,25000.0,professionnel,actif
CTR_000980,INS_001478,Tous risques,2022-08-16,336.0,Skoda,3,5600.0,personnel,actif
CTR_000981,INS_001479,Tous risques + assistance,2020-06-03,825.0,Dacia,7,11000.0,personnel,actif
CTR_000982,INS_001480,Au tiers,2021-04-12,355.0,Dacia,2,14200.0,personnel,actif
CTR_000983,INS_001482,Au tiers,2021-07-28,247.5,Jeep,9,9900.0,personnel,actif
CTR_000984,INS_001483,Tous risques,2025-10-02,480.0,Fiat,4,8000.0,personnel,actif
CTR_000985,INS_001484,Tous risques,2023-03-02,358.8,Peugeot,6,4600.0,professionnel,actif
CTR_000986,INS_001484,Au tiers,2026-04-19,200.0,Mercedes,3,5900.0,personnel,actif
CTR_000987,INS_001486,Au tiers,2024-07-13,355.0,Opel,1,14200.0,personnel,actif
CTR_000988,INS_001487,Tous risques,2025-07-10,276.0,Audi,3,4600.0,personnel,actif
CTR_000989,INS_001488,Tous risques + assistance,2024-05-27,1170.0,Volvo,2,15600.0,personnel,actif
CTR_000990,INS_001489,Tiers + vol/incendie,2024-08-03,341.25,Kia,12,7500.0,professionnel,actif
CTR_000991,INS_001490,Tiers étendu,2022-02-12,679.5,Dacia,0,15100.0,personnel,actif
CTR_000992,INS_001495,Au tiers,2022-06-19,419.25,Seat,4,12900.0,professionnel,actif
CTR_000993,INS_001498,Tiers étendu,2023-05-09,1210.5,Dacia,2,26900.0,personnel,actif
CTR_000994,INS_001504,Tous risques,2023-10-19,553.8,Jeep,7,7100.0,professionnel,actif
CTR_000995,INS_001505,Au tiers,2025-07-17,200.0,Opel,12,6800.0,personnel,actif
CTR_000996,INS_001507,Tous risques,2021-03-21,491.4,Peugeot,4,6300.0,professionnel,actif
CTR_000997,INS_001508,Tiers étendu,2021-02-03,1210.95,Dacia,3,23400.0,mixte,actif
CTR_000998,INS_001510,Au tiers,2023-07-07,200.0,Opel,10,5300.0,personnel,actif
CTR_000999,INS_001510,Au tiers,2024-08-01,802.75,Volkswagen,2,24700.0,professionnel,actif
CTR_001000,INS_001510,Tous risques,2020-09-15,468.0,Mercedes,6,6000.0,professionnel,actif
CTR_001001,INS_001514,Tiers étendu,2020-07-17,468.0,Renault,17,10400.0,personnel,actif
CTR_001002,INS_001515,Tiers étendu,2021-10-11,766.35,Volvo,6,13100.0,professionnel,actif
CTR_001003,INS_001516,Tous risques,2024-01-23,912.6,Dacia,12,11700.0,professionnel,actif
CTR_001004,INS_001517,Tous risques + assistance,2021-03-14,1177.5,Dacia,8,15700.0,personnel,actif
CTR_001005,INS_001519,Tiers étendu,2022-02-25,200.0,Kia,6,3700.0,mixte,actif
CTR_001006,INS_001520,Tous risques,2023-09-24,630.0,Volvo,11,10500.0,personnel,actif
CTR_001007,INS_001521,Tiers étendu,2025-06-10,513.0,BMW,6,11400.0,personnel,actif
CTR_001008,INS_001523,Tous risques + assistance,2026-01-21,690.0,Fiat,17,9200.0,personnel,actif
CTR_001009,INS_001525,Tous risques,2026-01-29,1092.0,Mercedes,3,14000.0,professionnel,actif
CTR_001010,INS_001528,Tiers + vol/incendie,2025-01-15,217.0,Kia,9,6200.0,personnel,actif
CTR_001011,INS_001529,Tous risques,2021-07-22,786.6,Volvo,8,11400.0,mixte,actif
CTR_001012,INS_001530,Tous risques,2024-04-07,972.0,Ford,10,16200.0,personnel,actif
CTR_001013,INS_001531,Tous risques,2025-09-05,1584.0,Jeep,2,26400.0,personnel,actif
CTR_001014,INS_001533,Tous risques,2024-07-22,1170.0,Toyota,6,19500.0,personnel,actif
CTR_001015,INS_001534,Tiers étendu,2025-12-14,441.0,BMW,6,9800.0,personnel,actif
CTR_001016,INS_001536,Tiers étendu,2024-08-02,200.0,Audi,10,800.0,mixte,actif
CTR_001017,INS_001537,Au tiers,2022-01-05,522.5,Volvo,0,20900.0,personnel,actif
CTR_001018,INS_001538,Tous risques,2020-10-12,510.0,Dacia,11,8500.0,personnel,actif
CTR_001019,INS_001538,Tous risques,2025-12-06,448.5,Audi,13,6500.0,mixte,actif
CTR_001020,INS_001539,Tous risques,2023-04-29,1026.0,Kia,2,17100.0,personnel,suspendu
CTR_001021,INS_001542,Tous risques,2024-12-28,200.0,Volvo,2,800.0,professionnel,actif
CTR_001022,INS_001543,Tous risques + assistance,2023-01-25,810.0,Toyota,15,10800.0,personnel,suspendu
CTR_001023,INS_001544,Tous risques,2022-10-08,207.0,Peugeot,6,3000.0,mixte,actif
CTR_001024,INS_001545,Tiers étendu,2022-11-02,200.0,Ford,15,2500.0,personnel,actif
CTR_001025,INS_001546,Tous risques,2021-09-18,503.7,Hyundai,6,7300.0,mixte,actif
CTR_001026,INS_001546,Tiers étendu,2021-03-29,1246.5,Toyota,1,27700.0,personnel,actif
CTR_001027,INS_001547,Tous risques,2025-07-28,576.0,Tesla,17,9600.0,personnel,actif
CTR_001028,INS_001548,Tous risques,2026-04-10,1140.0,Renault,6,19000.0,personnel,actif
CTR_001029,INS_001551,Tiers étendu,2023-07-08,981.0,Dacia,0,21800.0,personnel,actif
CTR_001030,INS_001552,Tiers + vol/incendie,2021-08-07,231.0,Peugeot,9,6600.0,personnel,actif
CTR_001031,INS_001552,Tous risques + assistance,2021-01-27,1147.5,Hyundai,4,15300.0,personnel,actif
CTR_001032,INS_001553,Tiers + vol/incendie,2026-04-29,616.0,Tesla,3,17600.0,personnel,actif
CTR_001033,INS_001557,Tiers + vol/incendie,2025-09-11,612.5,Jeep,4,17500.0,personnel,actif
CTR_001034,INS_001558,Tous risques + assistance,2025-05-07,487.5,Peugeot,15,6500.0,personnel,actif
CTR_001035,INS_001562,Tiers + vol/incendie,2020-07-23,486.5,Fiat,7,13900.0,personnel,actif
CTR_001036,INS_001562,Tous risques,2026-02-02,200.0,Ford,15,800.0,personnel,suspendu
CTR_001037,INS_001564,Tous risques,2020-09-09,348.0,Renault,12,5800.0,personnel,actif
CTR_001038,INS_001567,Tous risques,2025-09-21,1086.0,Renault,5,18100.0,personnel,actif
CTR_001039,INS_001567,Tous risques,2024-06-13,846.0,Ford,9,14100.0,personnel,suspendu
CTR_001040,INS_001568,Au tiers,2022-02-24,265.0,Kia,3,10600.0,personnel,actif
CTR_001041,INS_001569,Tous risques,2025-11-26,324.0,Jeep,11,5400.0,personnel,actif
CTR_001042,INS_001570,Tous risques + assistance,2021-02-26,1350.0,Volvo,9,18000.0,personnel,actif
CTR_001043,INS_001571,Au tiers,2025-04-19,297.5,Mercedes,9,11900.0,personnel,actif
CTR_001044,INS_001572,Au tiers,2025-01-13,200.0,Kia,14,3400.0,personnel,actif
CTR_001045,INS_001573,Au tiers,2025-08-12,502.5,Volvo,6,20100.0,personnel,actif
CTR_001046,INS_001574,Tiers étendu,2021-08-13,655.2,Tesla,0,11200.0,professionnel,suspendu
CTR_001047,INS_001575,Au tiers,2026-05-09,407.5,Peugeot,3,16300.0,personnel,actif
CTR_001048,INS_001576,Tous risques,2021-09-02,624.0,Volkswagen,5,8000.0,professionnel,actif
CTR_001049,INS_001579,Tiers + vol/incendie,2025-06-28,677.95,Citroën,10,14900.0,professionnel,actif
CTR_001050,INS_001581,Tiers + vol/incendie,2024-06-13,966.0,Nissan,2,27600.0,personnel,actif
CTR_001051,INS_001582,Tous risques,2022-09-06,200.0,BMW,14,1500.0,personnel,actif
CTR_001052,INS_001583,Au tiers,2026-01-28,242.5,Dacia,8,9700.0,personnel,actif
CTR_001053,INS_001584,Tiers étendu,2023-06-15,351.0,Mercedes,14,7800.0,personnel,actif
CTR_001054,INS_001585,Tous risques,2026-01-10,303.6,Renault,17,4400.0,mixte,actif
CTR_001055,INS_001586,Tous risques,2024-07-17,648.0,Dacia,4,10800.0,personnel,actif
CTR_001056,INS_001586,Tous risques,2024-01-11,483.6,Nissan,5,6200.0,professionnel,actif
CTR_001057,INS_001587,Au tiers,2023-05-22,255.0,Kia,14,10200.0,personnel,actif
CTR_001058,INS_001588,Tiers + vol/incendie,2024-11-01,329.0,Fiat,6,9400.0,personnel,actif
CTR_001059,INS_001590,Tous risques + assistance,2020-11-28,2055.0,Audi,0,27400.0,personnel,actif
CTR_001060,INS_001591,Tiers étendu,2021-08-21,200.0,Peugeot,20,3100.0,personnel,actif
CTR_001061,INS_001592,Tous risques,2020-06-13,1146.6,BMW,7,14700.0,professionnel,actif
CTR_001062,INS_001593,Au tiers,2022-05-30,367.5,Hyundai,9,14700.0,personnel,actif
CTR_001063,INS_001598,Au tiers,2024-06-16,266.5,Skoda,16,8200.0,professionnel,actif
CTR_001064,INS_001601,Tous risques + assistance,2024-01-14,1147.12,Hyundai,5,13300.0,mixte,suspendu
CTR_001065,INS_001602,Tiers étendu,2022-02-10,432.0,Citroën,2,9600.0,personnel,actif
CTR_001066,INS_001603,Tiers + vol/incendie,2023-01-02,276.5,Seat,9,7900.0,personnel,actif
CTR_001067,INS_001604,Au tiers,2025-11-21,393.87,Hyundai,11,13700.0,mixte,actif
CTR_001068,INS_001607,Tous risques + assistance,2021-03-12,1170.0,Volkswagen,6,15600.0,personnel,actif
CTR_001069,INS_001608,Tiers étendu,2023-10-08,855.0,Volkswagen,5,19000.0,personnel,suspendu
CTR_001070,INS_001609,Tiers + vol/incendie,2022-08-14,528.5,Dacia,3,15100.0,personnel,actif
CTR_001071,INS_001611,Tiers étendu,2022-11-29,432.0,BMW,8,9600.0,personnel,résilié
CTR_001072,INS_001613,Tous risques,2023-10-22,1050.0,Renault,1,17500.0,personnel,actif
CTR_001073,INS_001614,Tous risques,2025-05-26,672.0,Renault,9,11200.0,personnel,actif
CTR_001074,INS_001615,Tous risques,2021-01-29,582.0,Ford,9,9700.0,personnel,actif
CTR_001075,INS_001617,Tous risques,2021-07-10,348.0,Nissan,5,5800.0,personnel,actif
CTR_001076,INS_001618,Tous risques,2021-12-19,390.0,Opel,8,5000.0,professionnel,actif
CTR_001077,INS_001619,Tous risques,2022-08-12,528.0,Tesla,10,8800.0,personnel,actif
CTR_001078,INS_001620,Tous risques,2025-08-06,1164.0,Audi,8,19400.0,personnel,actif
CTR_001079,INS_001621,Au tiers,2025-11-04,547.5,Toyota,6,21900.0,personnel,actif
CTR_001080,INS_001622,Tous risques + assistance,2025-12-23,1365.0,Ford,6,14000.0,professionnel,actif
CTR_001081,INS_001624,Tiers étendu,2022-08-22,450.0,Hyundai,10,10000.0,personnel,actif
CTR_001082,INS_001625,Tous risques + assistance,2025-05-06,200.0,Renault,12,1500.0,personnel,actif
CTR_001083,INS_001627,Tiers + vol/incendie,2026-03-18,200.0,Peugeot,11,2300.0,personnel,actif
CTR_001084,INS_001629,Au tiers,2025-08-23,386.75,Peugeot,3,11900.0,professionnel,actif
CTR_001085,INS_001630,Tiers + vol/incendie,2020-11-10,203.0,Peugeot,9,5800.0,personnel,actif
CTR_001086,INS_001631,Tiers + vol/incendie,2025-10-15,479.5,Audi,5,13700.0,personnel,actif
CTR_001087,INS_001632,Tous risques,2022-02-23,979.8,Volkswagen,14,14200.0,mixte,actif
CTR_001088,INS_001633,Tous risques,2021-01-20,1314.0,Seat,4,21900.0,personnel,actif
CTR_001089,INS_001634,Tous risques,2022-06-19,708.0,Opel,7,11800.0,personnel,actif
CTR_001090,INS_001636,Au tiers,2025-10-17,200.0,Tesla,9,7700.0,personnel,actif
CTR_001091,INS_001637,Tiers étendu,2024-09-08,486.0,Peugeot,14,10800.0,personnel,actif
CTR_001092,INS_001638,Tiers étendu,2025-10-06,1620.45,BMW,0,27700.0,professionnel,actif
CTR_001093,INS_001638,Tous risques,2024-04-01,1294.8,Volvo,6,16600.0,professionnel,actif
CTR_001094,INS_001639,Au tiers,2023-08-23,200.0,Citroën,12,4600.0,professionnel,actif
CTR_001095,INS_001640,Tous risques,2020-09-08,744.0,Seat,4,12400.0,personnel,actif
CTR_001096,INS_001641,Au tiers,2026-02-08,200.0,Seat,15,6300.0,personnel,résilié
CTR_001097,INS_001642,Au tiers,2024-10-18,412.5,Kia,2,16500.0,personnel,actif
CTR_001098,INS_001643,Tous risques,2023-11-10,1349.4,Mercedes,5,17300.0,professionnel,actif
CTR_001099,INS_001644,Tiers étendu,2024-12-09,972.9,Jeep,6,18800.0,mixte,actif
CTR_001100,INS_001646,Tous risques,2024-10-22,282.0,Dacia,17,4700.0,personnel,actif
CTR_001101,INS_001647,Tous risques + assistance,2022-02-10,202.5,BMW,9,2700.0,personnel,résilié
CTR_001102,INS_001648,Tous risques,2024-03-22,432.0,Jeep,5,7200.0,personnel,actif
CTR_001103,INS_001649,Tous risques + assistance,2020-10-06,705.0,Volvo,3,9400.0,personnel,actif
CTR_001104,INS_001649,Tous risques,2020-10-06,972.0,Skoda,4,16200.0,personnel,actif
CTR_001105,INS_001649,Tiers étendu,2021-11-06,634.5,Fiat,5,14100.0,personnel,actif
CTR_001106,INS_001650,Tous risques,2022-06-27,390.0,Ford,13,6500.0,personnel,suspendu
CTR_001107,INS_001651,Tous risques,2022-09-15,200.0,Opel,8,800.0,mixte,actif
CTR_001108,INS_001653,Tiers étendu,2023-06-14,522.0,Dacia,3,11600.0,personnel,actif
CTR_001109,INS_001654,Au tiers,2020-11-07,200.0,Nissan,1,4900.0,personnel,actif
CTR_001110,INS_001654,Tous risques,2021-09-04,1104.0,Kia,3,18400.0,personnel,actif
CTR_001111,INS_001657,Au tiers,2022-05-18,200.0,Seat,12,3300.0,professionnel,actif
CTR_001112,INS_001660,Tiers + vol/incendie,2023-07-13,200.0,Jeep,13,5600.0,personnel,actif
CTR_001113,INS_001662,Tous risques,2024-04-28,1388.4,Dacia,2,17800.0,professionnel,actif
CTR_001114,INS_001665,Tous risques + assistance,2022-01-16,622.5,Skoda,9,8300.0,personnel,actif
CTR_001115,INS_001666,Tiers + vol/incendie,2024-04-08,200.0,Jeep,4,3600.0,personnel,actif
CTR_001116,INS_001667,Tous risques,2023-04-05,200.0,Seat,19,2000.0,personnel,actif
CTR_001117,INS_001670,Tous risques,2023-02-22,200.0,Mercedes,11,800.0,personnel,actif
CTR_001118,INS_001671,Au tiers,2022-07-05,200.0,Mercedes,15,4400.0,personnel,actif
CTR_001119,INS_001673,Tiers + vol/incendie,2020-09-11,210.0,Tesla,15,6000.0,personnel,suspendu
CTR_001120,INS_001674,Tous risques,2020-08-25,228.0,Mercedes,6,3800.0,personnel,actif
CTR_001121,INS_001675,Tous risques,2024-03-25,1452.0,BMW,0,24200.0,personnel,actif
CTR_001122,INS_001675,Tiers étendu,2021-01-05,211.5,Citroën,17,4700.0,personnel,actif
CTR_001123,INS_001676,Tous risques,2022-10-25,304.2,Audi,8,3900.0,professionnel,suspendu
CTR_001124,INS_001677,Tiers étendu,2025-12-25,558.0,Opel,14,12400.0,personnel,suspendu
CTR_001125,INS_001679,Tous risques,2022-09-07,624.0,Nissan,8,10400.0,personnel,actif
CTR_001126,INS_001681,Tiers + vol/incendie,2023-01-30,259.0,BMW,10,7400.0,personnel,actif
CTR_001127,INS_001682,Au tiers,2023-04-27,282.5,Fiat,12,11300.0,personnel,actif
CTR_001128,INS_001683,Au tiers,2025-04-16,200.0,BMW,4,800.0,personnel,actif
CTR_001129,INS_001684,Tous risques,2023-09-09,324.3,Ford,19,4700.0,mixte,actif
CTR_001130,INS_001687,Tous risques,2020-08-12,200.0,Citroën,5,800.0,personnel,actif
CTR_001131,INS_001688,Tiers étendu,2026-03-02,210.6,Tesla,3,3600.0,professionnel,actif
CTR_001132,INS_001690,Tiers + vol/incendie,2024-01-17,500.5,Audi,10,14300.0,personnel,actif
CTR_001133,INS_001690,Tiers + vol/incendie,2021-04-29,619.5,Mercedes,8,17700.0,personnel,actif
CTR_001134,INS_001692,Tous risques,2023-03-04,1583.4,Renault,0,20300.0,professionnel,actif
CTR_001135,INS_001694,Tous risques + assistance,2025-11-12,472.5,Volvo,12,6300.0,personnel,actif
CTR_001136,INS_001695,Au tiers,2021-01-05,200.0,Seat,7,6600.0,personnel,actif
CTR_001137,INS_001696,Au tiers,2025-10-12,442.0,Ford,7,13600.0,professionnel,actif
CTR_001138,INS_001698,Au tiers,2023-07-23,330.0,Ford,4,13200.0,personnel,actif
CTR_001139,INS_001700,Tous risques,2023-10-01,348.0,Citroën,1,5800.0,personnel,actif
CTR_001140,INS_001701,Tous risques,2024-08-12,200.0,Toyota,4,800.0,personnel,actif
CTR_001141,INS_001702,Tiers étendu,2023-04-19,576.0,Skoda,10,12800.0,personnel,actif
CTR_001142,INS_001703,Tiers étendu,2021-01-05,553.5,Volvo,8,12300.0,personnel,suspendu
CTR_001143,INS_001706,Tous risques + assistance,2020-12-15,322.5,Renault,14,4300.0,personnel,actif
CTR_001144,INS_001707,Tous risques,2022-08-04,1398.0,Tesla,2,23300.0,personnel,actif
CTR_001145,INS_001708,Tiers + vol/incendie,2025-12-17,200.0,Citroën,7,1000.0,personnel,actif
CTR_001146,INS_001708,Tous risques,2022-12-10,200.0,Fiat,2,1400.0,mixte,suspendu
CTR_001147,INS_001709,Tous risques,2025-03-10,816.0,Skoda,3,13600.0,personnel,actif
CTR_001148,INS_001710,Tous risques,2026-04-06,407.1,Citroën,4,5900.0,mixte,actif
CTR_001149,INS_001711,Tiers + vol/incendie,2021-01-27,570.5,Peugeot,11,16300.0,personnel,actif
CTR_001150,INS_001712,Tous risques,2023-10-23,984.0,Tesla,3,16400.0,personnel,actif
CTR_001151,INS_001714,Au tiers,2023-03-20,250.0,Fiat,9,10000.0,personnel,actif
CTR_001152,INS_001714,Tous risques + assistance,2025-05-21,2710.5,Dacia,0,27800.0,professionnel,actif
CTR_001153,INS_001715,Tiers étendu,2023-01-10,472.5,Dacia,8,10500.0,personnel,actif
CTR_001154,INS_001715,Tous risques,2023-11-14,354.0,Seat,14,5900.0,personnel,actif
CTR_001155,INS_001715,Au tiers,2024-09-02,225.0,Nissan,7,9000.0,personnel,suspendu
CTR_001156,INS_001716,Tous risques + assistance,2021-08-10,1078.12,Citroën,2,12500.0,mixte,actif
CTR_001157,INS_001720,Tous risques,2021-08-04,503.7,Volkswagen,3,7300.0,mixte,actif
CTR_001158,INS_001721,Tiers étendu,2022-11-17,1363.5,Citroën,3,30300.0,personnel,actif
CTR_001159,INS_001722,Au tiers,2023-04-03,212.5,Tesla,5,8500.0,personnel,actif
CTR_001160,INS_001728,Tiers + vol/incendie,2020-08-24,200.0,Citroën,20,3500.0,personnel,actif
CTR_001161,INS_001729,Tous risques,2022-04-27,714.0,Mercedes,8,11900.0,personnel,actif
CTR_001162,INS_001732,Tous risques,2020-07-25,975.0,Mercedes,3,12500.0,professionnel,actif
CTR_001163,INS_001733,Tous risques,2026-03-19,690.0,Skoda,2,11500.0,personnel,actif
CTR_001164,INS_001734,Tiers + vol/incendie,2023-08-13,200.0,Tesla,17,3300.0,personnel,actif
CTR_001165,INS_001735,Tiers étendu,2022-08-24,247.5,Peugeot,20,5500.0,personnel,actif
CTR_001166,INS_001736,Au tiers,2021-12-05,238.62,Toyota,9,8300.0,mixte,actif
CTR_001167,INS_001738,Tous risques,2024-04-04,906.0,Dacia,1,15100.0,personnel,actif
CTR_001168,INS_001740,Tous risques + assistance,2020-10-18,315.0,Audi,17,4200.0,personnel,actif
CTR_001169,INS_001742,Tiers + vol/incendie,2022-06-25,445.9,Skoda,6,9800.0,professionnel,actif
CTR_001170,INS_001743,Au tiers,2022-05-11,385.0,Tesla,2,15400.0,personnel,actif
CTR_001171,INS_001744,Au tiers,2024-08-17,200.0,Renault,12,2300.0,personnel,actif
CTR_001172,INS_001745,Tous risques,2023-09-02,200.0,Peugeot,4,800.0,professionnel,actif
CTR_001173,INS_001746,Tous risques + assistance,2021-11-16,468.0,Toyota,10,4800.0,professionnel,actif
CTR_001174,INS_001746,Tiers étendu,2026-02-08,517.5,Tesla,0,11500.0,personnel,actif
CTR_001175,INS_001747,Tous risques,2026-04-27,200.0,Hyundai,5,1900.0,personnel,actif
CTR_001176,INS_001749,Au tiers,2023-11-13,200.0,Volkswagen,10,3200.0,personnel,actif
CTR_001177,INS_001750,Tous risques,2023-12-15,1158.0,Citroën,4,19300.0,personnel,actif
CTR_001178,INS_001753,Tiers + vol/incendie,2024-12-17,343.0,Seat,11,9800.0,personnel,actif
CTR_001179,INS_001754,Tiers étendu,2021-05-17,351.0,Toyota,8,7800.0,personnel,actif
CTR_001180,INS_001755,Tiers étendu,2021-05-08,427.05,BMW,7,7300.0,professionnel,actif
CTR_001181,INS_001756,Au tiers,2022-10-18,210.0,Fiat,7,8400.0,personnel,actif
CTR_001182,INS_001758,Tous risques,2021-04-01,793.5,Kia,11,11500.0,mixte,actif
CTR_001183,INS_001759,Au tiers,2023-03-16,200.0,Ford,5,800.0,personnel,actif
CTR_001184,INS_001761,Tous risques,2025-01-20,200.0,BMW,17,3300.0,personnel,actif
CTR_001185,INS_001762,Tiers étendu,2023-04-16,555.75,Tesla,5,9500.0,professionnel,actif
CTR_001186,INS_001763,Tous risques + assistance,2023-10-02,1567.5,Audi,2,20900.0,personnel,actif
CTR_001187,INS_001765,Au tiers,2020-10-17,385.0,Opel,5,15400.0,personnel,actif
CTR_001188,INS_001768,Au tiers,2022-05-18,472.5,Audi,4,18900.0,personnel,actif
CTR_001189,INS_001769,Tous risques,2025-04-13,666.0,Toyota,9,11100.0,personnel,actif
CTR_001190,INS_001771,Tous risques,2025-12-20,750.0,Hyundai,1,12500.0,personnel,actif
CTR_001191,INS_001772,Au tiers,2022-12-18,307.62,Opel,5,10700.0,mixte,actif
CTR_001192,INS_001775,Tiers étendu,2023-04-22,200.0,Audi,15,3500.0,mixte,résilié
CTR_001193,INS_001775,Tous risques + assistance,2025-08-10,1680.0,Nissan,6,22400.0,personnel,actif
CTR_001194,INS_001776,Tous risques,2020-06-03,702.0,Opel,4,11700.0,personnel,actif
CTR_001195,INS_001777,Tous risques,2025-08-24,1836.0,Renault,0,30600.0,personnel,suspendu
CTR_001196,INS_001778,Au tiers,2021-08-11,247.25,Nissan,10,8600.0,mixte,suspendu
CTR_001197,INS_001780,Tous risques + assistance,2021-04-22,468.0,BMW,9,4800.0,professionnel,actif
CTR_001198,INS_001781,Tiers étendu,2023-06-28,200.0,Skoda,3,4000.0,personnel,actif
CTR_001199,INS_001783,Tous risques,2021-08-16,978.0,Tesla,0,16300.0,personnel,actif
CTR_001200,INS_001784,Tiers étendu,2025-10-19,427.5,Fiat,1,9500.0,personnel,actif
CTR_001201,INS_001785,Tous risques,2023-03-03,1032.0,Renault,3,17200.0,personnel,actif
CTR_001202,INS_001786,Tiers étendu,2023-04-09,202.5,Tesla,1,4500.0,personnel,actif
CTR_001203,INS_001787,Tous risques,2022-09-13,672.0,Volvo,4,11200.0,personnel,suspendu
CTR_001204,INS_001789,Tiers étendu,2023-12-14,319.5,Volvo,4,7100.0,personnel,actif
CTR_001205,INS_001790,Tous risques,2025-04-06,624.0,Fiat,12,10400.0,personnel,suspendu
CTR_001206,INS_001792,Tous risques,2021-09-23,828.0,Citroën,8,13800.0,personnel,actif
CTR_001207,INS_001792,Tiers étendu,2022-04-18,369.0,Dacia,9,8200.0,personnel,actif
CTR_001208,INS_001793,Tiers + vol/incendie,2024-03-22,357.0,Ford,12,10200.0,personnel,actif
CTR_001209,INS_001794,Tiers étendu,2025-04-05,405.0,Citroën,9,9000.0,personnel,actif
CTR_001210,INS_001795,Tous risques + assistance,2024-08-27,615.0,BMW,9,8200.0,personnel,actif
CTR_001211,INS_001797,Au tiers,2021-05-20,307.62,Ford,1,10700.0,mixte,actif
CTR_001212,INS_001798,Au tiers,2021-02-24,1277.25,Dacia,3,39300.0,professionnel,actif
CTR_001213,INS_001799,Tiers + vol/incendie,2023-07-03,514.15,Fiat,10,11300.0,professionnel,actif
CTR_001214,INS_001802,Tiers étendu,2026-01-20,200.0,Fiat,13,800.0,personnel,actif
CTR_001215,INS_001803,Tous risques,2022-12-15,216.0,Peugeot,15,3600.0,personnel,actif
CTR_001216,INS_001804,Au tiers,2026-03-16,372.5,Citroën,5,14900.0,personnel,actif
CTR_001217,INS_001805,Au tiers,2020-06-03,415.0,Skoda,13,16600.0,personnel,actif
CTR_001218,INS_001806,Au tiers,2023-08-30,200.0,Renault,6,7600.0,personnel,actif
CTR_001219,INS_001807,Au tiers,2025-04-21,200.0,Hyundai,4,5400.0,mixte,résilié
CTR_001220,INS_001808,Tiers + vol/incendie,2026-01-16,791.7,Volvo,6,17400.0,professionnel,actif
CTR_001221,INS_001809,Tous risques,2020-06-10,708.0,Nissan,3,11800.0,personnel,actif
CTR_001222,INS_001810,Tiers + vol/incendie,2025-11-22,200.0,Mercedes,3,1200.0,mixte,actif
CTR_001223,INS_001811,Tous risques,2025-12-09,1458.6,Nissan,6,18700.0,professionnel,actif
CTR_001224,INS_001811,Tiers + vol/incendie,2021-02-23,546.0,Mercedes,4,15600.0,personnel,actif
CTR_001225,INS_001812,Tous risques,2024-09-23,756.0,Renault,7,12600.0,personnel,résilié
CTR_001226,INS_001814,Tiers étendu,2020-06-11,792.0,Renault,2,17600.0,personnel,actif
CTR_001227,INS_001815,Tiers étendu,2023-02-19,243.0,Toyota,12,5400.0,personnel,actif
CTR_001228,INS_001816,Tous risques,2025-05-14,200.0,BMW,18,2500.0,professionnel,actif
CTR_001229,INS_001818,Tous risques,2023-09-24,468.0,Renault,12,7800.0,personnel,actif
CTR_001230,INS_001820,Au tiers,2024-09-07,200.0,Skoda,10,800.0,personnel,actif
CTR_001231,INS_001821,Tous risques,2021-05-25,1989.0,Volvo,3,25500.0,professionnel,actif
CTR_001232,INS_001822,Tous risques,2023-04-19,966.0,Skoda,3,16100.0,personnel,actif
CTR_001233,INS_001823,Tous risques,2023-03-31,200.0,Nissan,9,800.0,mixte,actif
CTR_001234,INS_001824,Au tiers,2023-02-17,200.0,Nissan,11,6100.0,personnel,actif
CTR_001235,INS_001828,Tiers étendu,2024-11-16,463.5,Audi,2,10300.0,personnel,résilié
CTR_001236,INS_001830,Tiers étendu,2024-12-05,486.0,Peugeot,3,10800.0,personnel,actif
CTR_001237,INS_001833,Tiers étendu,2021-02-13,1053.0,Ford,1,23400.0,personnel,actif
CTR_001238,INS_001833,Tiers + vol/incendie,2024-12-15,273.0,Fiat,17,7800.0,personnel,actif
CTR_001239,INS_001834,Tous risques,2022-02-24,750.0,Tesla,10,12500.0,personnel,actif
CTR_001240,INS_001836,Tiers + vol/incendie,2022-04-24,200.0,BMW,4,2100.0,personnel,actif
CTR_001241,INS_001839,Tiers étendu,2024-07-22,895.5,Volvo,7,19900.0,personnel,actif
CTR_001242,INS_001841,Tous risques,2023-04-13,408.0,Jeep,15,6800.0,personnel,actif
CTR_001243,INS_001843,Au tiers,2023-06-03,200.0,Seat,16,4800.0,mixte,actif
CTR_001244,INS_001843,Tiers étendu,2022-09-26,360.0,Ford,6,8000.0,personnel,actif
CTR_001245,INS_001843,Tous risques,2020-05-27,1474.2,Volkswagen,1,18900.0,professionnel,actif
CTR_001246,INS_001844,Au tiers,2024-01-05,200.0,Seat,9,2000.0,personnel,actif
CTR_001247,INS_001846,Tiers + vol/incendie,2020-06-12,768.95,Tesla,0,16900.0,professionnel,actif
CTR_001248,INS_001847,Tiers étendu,2025-11-03,814.5,Skoda,3,18100.0,personnel,actif
CTR_001249,INS_001848,Au tiers,2021-04-10,402.5,Fiat,8,16100.0,personnel,actif
CTR_001250,INS_001849,Tous risques,2020-09-07,282.0,Fiat,10,4700.0,personnel,actif
CTR_001251,INS_001850,Tous risques,2021-03-31,1044.0,Hyundai,7,17400.0,personnel,actif
CTR_001252,INS_001851,Tiers + vol/incendie,2025-07-16,252.0,BMW,2,7200.0,personnel,actif
CTR_001253,INS_001852,Tiers étendu,2021-03-29,733.5,Mercedes,5,16300.0,personnel,actif
CTR_001254,INS_001854,Tous risques + assistance,2022-03-02,915.0,Kia,6,12200.0,personnel,actif
CTR_001255,INS_001854,Tous risques,2022-02-19,200.0,BMW,7,3100.0,personnel,actif
CTR_001256,INS_001855,Tous risques + assistance,2021-09-11,330.0,Tesla,15,4400.0,personnel,actif
CTR_001257,INS_001858,Au tiers,2024-06-18,200.0,Mercedes,2,1400.0,professionnel,actif
CTR_001258,INS_001862,Au tiers,2020-09-15,355.0,Opel,0,14200.0,personnel,actif
CTR_001259,INS_001863,Tiers étendu,2024-10-29,200.0,Peugeot,5,800.0,personnel,actif
CTR_001260,INS_001864,Tous risques,2023-04-19,822.0,Volvo,9,13700.0,personnel,actif
CTR_001261,INS_001865,Tous risques,2025-04-29,654.0,Citroën,14,10900.0,personnel,actif
CTR_001262,INS_001866,Au tiers,2024-05-14,317.5,Volkswagen,4,12700.0,personnel,actif
CTR_001263,INS_001867,Tiers étendu,2026-04-23,670.5,Toyota,7,14900.0,personnel,actif
CTR_001264,INS_001868,Tiers + vol/incendie,2020-12-16,364.0,Toyota,7,10400.0,personnel,actif
CTR_001265,INS_001871,Tous risques,2024-02-10,1362.0,Toyota,1,22700.0,personnel,actif
CTR_001266,INS_001872,Au tiers,2025-12-18,316.25,BMW,10,11000.0,mixte,suspendu
CTR_001267,INS_001875,Tous risques + assistance,2024-08-31,585.0,Fiat,10,6000.0,professionnel,actif
CTR_001268,INS_001877,Tiers + vol/incendie,2022-12-16,203.0,Skoda,6,5800.0,personnel,actif
CTR_001269,INS_001879,Au tiers,2021-02-12,290.0,Volkswagen,7,11600.0,personnel,actif
CTR_001270,INS_001880,Tous risques,2023-11-15,1045.2,Tesla,3,13400.0,professionnel,actif
CTR_001271,INS_001882,Tiers étendu,2024-03-07,225.0,Seat,14,5000.0,personnel,actif
CTR_001272,INS_001884,Au tiers,2021-01-17,204.75,Kia,11,6300.0,professionnel,actif
CTR_001273,INS_001888,Tous risques + assistance,2022-08-02,697.5,Fiat,8,9300.0,personnel,actif
CTR_001274,INS_001891,Tous risques,2024-01-21,732.0,Dacia,4,12200.0,personnel,actif
CTR_001275,INS_001892,Tiers + vol/incendie,2022-06-30,677.95,Tesla,10,14900.0,professionnel,suspendu
CTR_001276,INS_001892,Tiers + vol/incendie,2022-10-15,200.0,Skoda,16,2200.0,personnel,actif
CTR_001277,INS_001893,Tous risques + assistance,2025-01-05,200.0,Citroën,7,1200.0,personnel,actif
CTR_001278,INS_001895,Tous risques,2022-11-02,1062.0,Skoda,3,17700.0,personnel,actif
CTR_001279,INS_001898,Tiers étendu,2020-08-22,774.0,Jeep,3,17200.0,personnel,actif
CTR_001280,INS_001900,Tous risques,2024-01-20,1060.8,Hyundai,4,13600.0,professionnel,suspendu
CTR_001281,INS_001902,Tiers + vol/incendie,2024-06-25,200.0,Ford,5,3500.0,personnel,actif
CTR_001282,INS_001903,Tous risques,2023-07-17,756.0,Hyundai,1,12600.0,personnel,actif
CTR_001283,INS_001905,Tiers + vol/incendie,2021-10-20,414.58,Dacia,5,10300.0,mixte,actif
CTR_001284,INS_001907,Tiers + vol/incendie,2022-02-14,800.8,Audi,6,17600.0,professionnel,actif
CTR_001285,INS_001908,Tous risques,2021-12-28,1182.0,Kia,2,19700.0,personnel,actif
CTR_001286,INS_001909,Tous risques,2020-07-02,1242.0,Hyundai,9,18000.0,mixte,actif
CTR_001287,INS_001910,Tiers étendu,2024-09-04,672.75,Citroën,8,11500.0,professionnel,actif
CTR_001288,INS_001912,Tiers + vol/incendie,2021-04-23,437.5,Fiat,2,12500.0,personnel,actif
CTR_001289,INS_001913,Au tiers,2026-01-05,367.25,Ford,6,11300.0,professionnel,actif
CTR_001290,INS_001915,Au tiers,2025-06-07,437.0,Skoda,0,15200.0,mixte,actif
CTR_001291,INS_001917,Tous risques,2026-01-24,200.0,Tesla,2,800.0,personnel,actif
CTR_001292,INS_001918,Tous risques,2026-04-25,522.0,Jeep,4,8700.0,personnel,actif
CTR_001293,INS_001920,Tous risques,2022-09-04,720.0,Fiat,1,12000.0,personnel,actif
CTR_001294,INS_001921,Tiers + vol/incendie,2024-09-02,511.0,Volvo,5,14600.0,personnel,actif
CTR_001295,INS_001922,Tiers étendu,2021-07-29,1133.32,Nissan,0,21900.0,mixte,actif
CTR_001296,INS_001925,Tous risques + assistance,2023-02-24,586.5,Seat,14,6800.0,mixte,actif
CTR_001297,INS_001926,Au tiers,2021-08-06,590.0,Volkswagen,7,23600.0,personnel,actif
CTR_001298,INS_001926,Au tiers,2024-07-24,532.5,Toyota,4,21300.0,personnel,suspendu
CTR_001299,INS_001928,Tous risques,2021-02-27,2220.0,Audi,1,37000.0,personnel,actif
CTR_001300,INS_001930,Tiers étendu,2020-12-04,747.0,Skoda,7,16600.0,personnel,actif
CTR_001301,INS_001935,Tous risques + assistance,2020-11-07,780.0,Mercedes,14,8000.0,professionnel,actif
CTR_001302,INS_001936,Tous risques + assistance,2021-12-12,200.0,Volvo,20,800.0,personnel,actif
CTR_001303,INS_001938,Au tiers,2026-04-20,467.5,Volkswagen,7,18700.0,personnel,actif
CTR_001304,INS_001939,Au tiers,2024-08-13,220.0,Ford,13,8800.0,personnel,actif
CTR_001305,INS_001943,Tous risques,2023-02-23,975.0,Nissan,7,12500.0,professionnel,actif
CTR_001306,INS_001944,Tous risques,2022-07-26,588.0,Opel,7,9800.0,personnel,actif
CTR_001307,INS_001945,Tous risques + assistance,2022-02-07,945.0,Volkswagen,12,12600.0,personnel,actif
CTR_001308,INS_001946,Tiers étendu,2024-06-04,234.0,Dacia,5,5200.0,personnel,actif
CTR_001309,INS_001950,Tiers étendu,2022-12-04,590.85,Hyundai,11,10100.0,professionnel,actif
CTR_001310,INS_001952,Tous risques,2024-12-20,200.0,Peugeot,13,800.0,professionnel,actif
CTR_001311,INS_001953,Au tiers,2022-05-28,200.0,Peugeot,11,5300.0,personnel,actif
CTR_001312,INS_001955,Au tiers,2025-02-15,327.5,Hyundai,0,13100.0,personnel,actif
CTR_001313,INS_001957,Tiers étendu,2023-12-01,279.0,Kia,12,6200.0,personnel,actif
CTR_001314,INS_001958,Tous risques,2020-11-22,200.0,Seat,15,2700.0,personnel,actif
CTR_001315,INS_001959,Au tiers,2026-01-23,505.0,Audi,2,20200.0,personnel,actif
CTR_001316,INS_001960,Tous risques,2020-08-14,624.0,Tesla,14,10400.0,personnel,actif
CTR_001317,INS_001961,Tous risques,2024-08-10,897.0,Dacia,6,11500.0,professionnel,actif
CTR_001318,INS_001964,Tous risques + assistance,2020-08-29,327.75,Nissan,2,3800.0,mixte,actif
CTR_001319,INS_001965,Tiers + vol/incendie,2022-10-11,200.0,Hyundai,14,3300.0,personnel,actif
CTR_001320,INS_001966,Au tiers,2025-05-14,245.0,Tesla,17,9800.0,personnel,actif
CTR_001321,INS_001968,Tiers étendu,2021-04-21,855.0,Kia,0,19000.0,personnel,actif
CTR_001322,INS_001969,Tiers étendu,2020-06-13,855.0,Kia,6,19000.0,personnel,actif
CTR_001323,INS_001971,Tous risques,2023-06-03,1455.9,Dacia,1,21100.0,mixte,suspendu
CTR_001324,INS_001973,Au tiers,2021-03-15,434.12,BMW,4,15100.0,mixte,actif
CTR_001325,INS_001975,Tous risques,2022-06-27,672.0,Renault,6,11200.0,personnel,actif
CTR_001326,INS_001976,Tiers étendu,2023-10-29,245.7,Volkswagen,5,4200.0,professionnel,actif
CTR_001327,INS_001978,Tous risques + assistance,2021-08-25,982.5,Ford,4,13100.0,personnel,actif
CTR_001328,INS_001979,Au tiers,2021-12-19,200.0,Jeep,17,3200.0,personnel,actif
CTR_001329,INS_001982,Tous risques,2023-03-17,1158.0,Renault,8,19300.0,personnel,actif
CTR_001330,INS_001983,Tiers + vol/incendie,2022-05-31,200.0,Volkswagen,11,1600.0,personnel,actif
CTR_001331,INS_001984,Tiers + vol/incendie,2023-02-17,200.0,Renault,11,800.0,personnel,actif
CTR_001332,INS_001985,Tous risques,2023-09-25,336.0,Tesla,13,5600.0,personnel,actif
CTR_001333,INS_001987,Au tiers,2025-07-08,665.0,BMW,2,26600.0,personnel,actif
CTR_001334,INS_001988,Tous risques + assistance,2021-09-20,1875.0,Skoda,2,25000.0,personnel,actif
CTR_001335,INS_001990,Tiers étendu,2022-02-17,200.0,Dacia,3,800.0,personnel,actif
CTR_001336,INS_001991,Tous risques,2023-05-26,1380.0,Opel,5,23000.0,personnel,résilié
CTR_001337,INS_001992,Tous risques,2021-08-21,756.0,BMW,5,12600.0,personnel,actif
CTR_001338,INS_001994,Tiers étendu,2023-05-07,315.0,BMW,4,7000.0,personnel,actif
CTR_001339,INS_001995,Tiers + vol/incendie,2020-12-06,200.0,Volkswagen,1,5200.0,personnel,actif
CTR_001340,INS_002001,Au tiers,2021-07-08,431.25,Nissan,3,15000.0,mixte,actif
CTR_001341,INS_002002,Tiers étendu,2022-02-05,200.0,Hyundai,9,3300.0,mixte,actif
CTR_001342,INS_002003,Tous risques,2022-10-24,720.0,Tesla,2,12000.0,personnel,actif
CTR_001343,INS_002004,Tiers + vol/incendie,2023-10-26,206.5,Toyota,9,5900.0,personnel,actif
CTR_001344,INS_002005,Au tiers,2025-04-21,455.0,BMW,2,18200.0,personnel,actif
CTR_001345,INS_002007,Au tiers,2022-09-14,351.0,Audi,3,10800.0,professionnel,actif
CTR_001346,INS_002008,Tiers étendu,2026-03-20,301.5,Volvo,11,6700.0,personnel,suspendu
CTR_001347,INS_002010,Tiers + vol/incendie,2024-08-29,200.0,Toyota,3,5200.0,personnel,actif
CTR_001348,INS_002011,Tiers étendu,2025-12-09,269.1,Ford,12,4600.0,professionnel,actif
CTR_001349,INS_002012,Au tiers,2026-04-22,200.0,Kia,12,6000.0,professionnel,actif
CTR_001350,INS_002013,Tiers + vol/incendie,2022-09-20,462.0,Dacia,4,13200.0,personnel,actif
CTR_001351,INS_002014,Tous risques,2022-02-05,228.0,Seat,9,3800.0,personnel,actif
CTR_001352,INS_002015,Tiers étendu,2025-05-21,200.0,Peugeot,16,2000.0,mixte,actif
CTR_001353,INS_002018,Tiers étendu,2025-04-08,200.0,Audi,3,800.0,personnel,actif
CTR_001354,INS_002020,Tous risques + assistance,2020-07-14,1447.5,Toyota,3,19300.0,personnel,actif
CTR_001355,INS_002021,Tiers + vol/incendie,2021-08-23,535.5,Seat,1,15300.0,personnel,actif
CTR_001356,INS_002022,Tous risques,2026-01-18,744.0,Skoda,3,12400.0,personnel,actif
CTR_001357,INS_002022,Tiers étendu,2026-02-03,360.0,Nissan,4,8000.0,personnel,actif
CTR_001358,INS_002023,Tiers étendu,2024-07-20,848.7,Renault,0,16400.0,mixte,actif
CTR_001359,INS_002023,Tous risques,2025-04-19,397.8,Mercedes,13,5100.0,professionnel,actif
CTR_001360,INS_002024,Tiers étendu,2022-11-04,507.15,Volkswagen,7,9800.0,mixte,actif
CTR_001361,INS_002025,Tous risques,2022-08-02,480.0,Seat,3,8000.0,personnel,actif
CTR_001362,INS_002026,Tiers + vol/incendie,2025-01-25,395.5,Toyota,3,11300.0,personnel,actif
CTR_001363,INS_002027,Tous risques,2021-04-01,600.0,Kia,7,10000.0,personnel,actif
CTR_001364,INS_002029,Tiers étendu,2022-10-02,544.5,Ford,2,12100.0,personnel,actif
CTR_001365,INS_002031,Tiers étendu,2022-05-24,688.27,Audi,7,13300.0,mixte,actif
CTR_001366,INS_002031,Tous risques + assistance,2025-07-18,900.0,Kia,5,12000.0,personnel,actif
CTR_001367,INS_002031,Au tiers,2023-12-13,200.0,Hyundai,10,1900.0,personnel,actif
CTR_001368,INS_002033,Tous risques + assistance,2021-05-24,1267.88,Hyundai,4,14700.0,mixte,actif
CTR_001369,INS_002034,Tous risques,2024-09-19,200.0,Volvo,5,800.0,personnel,actif
CTR_001370,INS_002036,Au tiers,2024-05-31,687.5,Jeep,4,27500.0,personnel,actif
CTR_001371,INS_002038,Tiers étendu,2022-02-19,216.0,Hyundai,4,4800.0,personnel,actif
CTR_001372,INS_002039,Tiers étendu,2020-08-19,549.0,Toyota,5,12200.0,personnel,actif
CTR_001373,INS_002040,Tiers + vol/incendie,2020-08-08,200.0,Nissan,4,5200.0,personnel,actif
CTR_001374,INS_002041,Tous risques + assistance,2025-09-05,375.0,Seat,11,5000.0,personnel,actif
CTR_001375,INS_002042,Au tiers,2024-06-12,200.0,Jeep,8,7500.0,personnel,actif
CTR_001376,INS_002046,Tiers + vol/incendie,2021-03-30,200.0,Skoda,17,2100.0,personnel,actif
CTR_001377,INS_002048,Tiers étendu,2023-09-03,382.5,Mercedes,10,8500.0,personnel,actif
CTR_001378,INS_002048,Tous risques,2024-05-18,1621.5,Hyundai,2,23500.0,mixte,actif
CTR_001379,INS_002049,Tiers + vol/incendie,2020-11-30,776.83,Tesla,9,19300.0,mixte,actif
CTR_001380,INS_002050,Au tiers,2024-05-24,370.0,Nissan,3,14800.0,personnel,actif
CTR_001381,INS_002051,Tous risques + assistance,2022-08-28,1052.25,Hyundai,6,12200.0,mixte,actif
CTR_001382,INS_002058,Au tiers,2020-07-02,332.5,Skoda,11,13300.0,personnel,actif
CTR_001383,INS_002062,Au tiers,2020-11-29,207.5,Fiat,5,8300.0,personnel,actif
CTR_001384,INS_002062,Tiers étendu,2020-07-16,202.5,Volkswagen,2,4500.0,personnel,actif
CTR_001385,INS_002064,Tous risques,2024-12-27,864.0,Toyota,8,14400.0,personnel,actif
CTR_001386,INS_002064,Tous risques,2022-01-28,1386.0,Skoda,5,23100.0,personnel,actif
CTR_001387,INS_002065,Tous risques,2025-05-04,1014.0,Kia,10,16900.0,personnel,actif
CTR_001388,INS_002069,Tous risques,2023-05-15,906.0,Volvo,4,15100.0,personnel,actif
CTR_001389,INS_002069,Au tiers,2021-01-30,355.0,Kia,4,14200.0,personnel,actif
CTR_001390,INS_002071,Tiers étendu,2026-02-13,561.6,Fiat,7,9600.0,professionnel,actif
CTR_001391,INS_002072,Tiers étendu,2021-08-12,517.5,Hyundai,5,11500.0,personnel,actif
CTR_001392,INS_002075,Tous risques,2020-09-26,917.7,Audi,12,13300.0,mixte,actif
CTR_001393,INS_002076,Tous risques,2024-04-07,804.0,BMW,4,13400.0,personnel,actif
CTR_001394,INS_002078,Tous risques,2024-09-30,372.0,Skoda,8,6200.0,personnel,actif
CTR_001395,INS_002079,Tiers + vol/incendie,2026-04-29,539.0,Renault,3,15400.0,personnel,suspendu
CTR_001396,INS_002080,Tiers étendu,2022-04-26,288.0,Renault,5,6400.0,personnel,actif
CTR_001397,INS_002081,Tous risques + assistance,2022-12-02,945.0,Volvo,3,12600.0,personnel,actif
CTR_001398,INS_002082,Tiers étendu,2024-04-30,279.0,Audi,11,6200.0,personnel,actif
CTR_001399,INS_002082,Tiers + vol/incendie,2021-09-12,1015.0,Audi,2,29000.0,personnel,actif
CTR_001400,INS_002083,Tous risques,2023-12-26,1084.2,Opel,2,13900.0,professionnel,actif
CTR_001401,INS_002084,Tiers étendu,2024-12-20,456.3,Seat,6,7800.0,professionnel,suspendu
CTR_001402,INS_002085,Tous risques,2025-10-10,545.1,Audi,9,7900.0,mixte,suspendu
CTR_001403,INS_002087,Au tiers,2025-04-07,410.0,Toyota,12,16400.0,personnel,actif
CTR_001404,INS_002088,Tiers + vol/incendie,2020-12-06,323.05,Opel,7,7100.0,professionnel,actif
CTR_001405,INS_002089,Tiers + vol/incendie,2020-09-29,647.5,Citroën,1,18500.0,personnel,actif
CTR_001406,INS_002090,Au tiers,2024-09-23,370.0,Jeep,4,14800.0,personnel,résilié
CTR_001407,INS_002092,Tiers étendu,2023-12-07,871.65,Nissan,3,14900.0,professionnel,actif
CTR_001408,INS_002096,Tiers étendu,2023-07-22,666.0,Nissan,7,14800.0,personnel,actif
CTR_001409,INS_002097,Tous risques + assistance,2023-12-20,1443.0,Mercedes,5,14800.0,professionnel,actif
CTR_001410,INS_002098,Tiers étendu,2021-10-21,1003.5,Nissan,1,22300.0,personnel,actif
CTR_001411,INS_002099,Tous risques,2023-09-18,288.6,Volkswagen,16,3700.0,professionnel,suspendu
CTR_001412,INS_002100,Tous risques,2023-07-10,606.0,BMW,3,10100.0,personnel,actif
CTR_001413,INS_002101,Tiers étendu,2024-10-04,364.5,Dacia,17,8100.0,personnel,actif
CTR_001414,INS_002102,Tous risques + assistance,2025-04-02,1966.5,Tesla,0,22800.0,mixte,actif
CTR_001415,INS_002103,Tiers étendu,2022-04-03,200.0,Citroën,10,3400.0,professionnel,actif
CTR_001416,INS_002103,Tous risques,2025-05-04,270.0,Kia,4,4500.0,personnel,suspendu
CTR_001417,INS_002104,Tous risques,2026-03-14,630.0,Dacia,6,10500.0,personnel,actif
CTR_001418,INS_002106,Tiers étendu,2021-06-09,257.4,Toyota,5,4400.0,professionnel,actif
CTR_001419,INS_002107,Au tiers,2024-04-04,200.0,Dacia,13,4000.0,personnel,actif
CTR_001420,INS_002109,Tous risques,2026-01-31,438.0,Skoda,4,7300.0,personnel,actif
CTR_001421,INS_002110,Tiers + vol/incendie,2022-05-31,413.0,Citroën,5,11800.0,personnel,actif
CTR_001422,INS_002110,Tous risques + assistance,2026-02-08,262.5,Audi,14,3500.0,personnel,actif
CTR_001423,INS_002111,Tous risques + assistance,2020-10-13,1095.0,Volvo,3,14600.0,personnel,actif
CTR_001424,INS_002112,Tiers étendu,2023-08-29,823.5,Opel,2,18300.0,personnel,actif
CTR_001425,INS_002116,Au tiers,2026-01-20,200.0,BMW,8,4000.0,personnel,actif
CTR_001426,INS_002117,Tous risques,2024-12-06,228.0,Mercedes,14,3800.0,personnel,suspendu
CTR_001427,INS_002117,Tiers étendu,2024-02-23,324.0,Renault,18,7200.0,personnel,actif
CTR_001428,INS_002119,Au tiers,2020-09-12,272.5,Mercedes,9,10900.0,personnel,actif
CTR_001429,INS_002121,Tous risques,2024-10-31,200.0,Fiat,3,800.0,personnel,actif
CTR_001430,INS_002123,Tiers étendu,2020-09-10,229.5,Peugeot,10,5100.0,personnel,actif
CTR_001431,INS_002124,Tous risques,2021-12-21,1254.0,Peugeot,4,20900.0,personnel,actif
CTR_001432,INS_002125,Tous risques + assistance,2021-09-20,322.5,Fiat,4,4300.0,personnel,actif
CTR_001433,INS_002125,Tous risques + assistance,2023-01-21,1472.25,Fiat,6,15100.0,professionnel,actif
CTR_001434,INS_002126,Tous risques,2022-12-11,200.0,Audi,12,2800.0,personnel,actif
CTR_001435,INS_002128,Tiers étendu,2021-11-07,200.0,Citroën,7,800.0,personnel,actif
CTR_001436,INS_002130,Tous risques,2022-11-25,903.9,Volvo,5,13100.0,mixte,actif
CTR_001437,INS_002133,Tous risques,2021-06-02,510.6,Skoda,11,7400.0,mixte,actif
CTR_001438,INS_002135,Au tiers,2025-11-22,253.5,Kia,9,7800.0,professionnel,actif
CTR_001439,INS_002136,Tiers + vol/incendie,2020-07-18,703.5,Skoda,6,20100.0,personnel,actif
CTR_001440,INS_002138,Tous risques,2025-02-16,811.2,Volkswagen,14,10400.0,professionnel,actif
CTR_001441,INS_002139,Au tiers,2020-11-21,347.88,Audi,4,12100.0,mixte,actif
CTR_001442,INS_002140,Tiers étendu,2026-04-22,459.0,Fiat,5,10200.0,personnel,actif
CTR_001443,INS_002141,Tiers + vol/incendie,2024-06-10,605.15,Opel,6,13300.0,professionnel,actif
CTR_001444,INS_002143,Tiers + vol/incendie,2022-12-21,343.0,Tesla,10,9800.0,personnel,actif
CTR_001445,INS_002144,Tiers étendu,2020-10-18,643.5,Mercedes,5,14300.0,personnel,actif
CTR_001446,INS_002145,Tous risques,2025-07-07,558.0,Ford,6,9300.0,personnel,actif
CTR_001447,INS_002146,Tous risques,2025-08-02,335.4,Opel,14,4300.0,professionnel,actif
CTR_001448,INS_002147,Tiers étendu,2023-10-30,263.25,Audi,15,4500.0,professionnel,actif
CTR_001449,INS_002148,Au tiers,2025-01-27,200.0,Volvo,5,1100.0,personnel,actif
CTR_001450,INS_002149,Tiers + vol/incendie,2025-10-05,404.95,Renault,15,8900.0,professionnel,actif
CTR_001451,INS_002151,Au tiers,2026-04-14,525.0,Dacia,2,21000.0,personnel,actif
CTR_001452,INS_002152,Tiers étendu,2025-01-04,555.75,Citroën,16,9500.0,professionnel,suspendu
CTR_001453,INS_002153,Tiers + vol/incendie,2025-06-23,752.5,Volkswagen,6,21500.0,personnel,actif
CTR_001454,INS_002155,Tous risques,2025-08-17,476.1,Fiat,5,6900.0,mixte,actif
CTR_001455,INS_002157,Au tiers,2025-11-11,200.0,Volkswagen,5,800.0,personnel,actif
CTR_001456,INS_002158,Tous risques,2021-09-19,354.0,Kia,5,5900.0,personnel,actif
CTR_001457,INS_002158,Tous risques,2026-05-10,930.0,Renault,4,15500.0,personnel,actif
CTR_001458,INS_002159,Tiers + vol/incendie,2025-07-29,200.0,Citroën,6,3800.0,personnel,actif
CTR_001459,INS_002160,Tiers + vol/incendie,2020-12-04,427.0,Mercedes,2,12200.0,personnel,actif
CTR_001460,INS_002163,Tous risques,2026-04-10,200.0,Ford,13,3000.0,personnel,actif
CTR_001461,INS_002164,Tous risques + assistance,2024-06-24,200.0,Skoda,19,900.0,personnel,actif
CTR_001462,INS_002166,Tous risques,2026-01-28,648.0,Jeep,2,10800.0,personnel,actif
CTR_001463,INS_002171,Tous risques,2024-06-10,882.0,Ford,9,14700.0,personnel,actif
CTR_001464,INS_002172,Tous risques,2024-11-05,516.0,Ford,7,8600.0,personnel,actif
CTR_001465,INS_002173,Tous risques + assistance,2020-06-12,412.5,Citroën,7,5500.0,personnel,suspendu
CTR_001466,INS_002174,Tous risques,2024-01-27,306.0,Kia,10,5100.0,personnel,actif
CTR_001467,INS_002175,Tous risques,2023-05-19,306.0,BMW,10,5100.0,personnel,actif
CTR_001468,INS_002177,Tiers étendu,2021-08-12,649.35,Nissan,4,11100.0,professionnel,actif
CTR_001469,INS_002180,Tous risques,2023-01-31,288.0,Mercedes,10,4800.0,personnel,actif
CTR_001470,INS_002181,Tiers étendu,2023-06-02,444.6,Seat,6,7600.0,professionnel,actif
CTR_001471,INS_002182,Au tiers,2026-04-08,238.62,Hyundai,7,8300.0,mixte,actif
CTR_001472,INS_002183,Tous risques + assistance,2020-12-18,465.0,Volvo,8,6200.0,personnel,actif
CTR_001473,INS_002185,Tiers étendu,2023-11-26,454.5,BMW,3,10100.0,personnel,actif
CTR_001474,INS_002186,Au tiers,2021-02-22,393.25,Seat,16,12100.0,professionnel,actif
CTR_001475,INS_002187,Tiers étendu,2022-03-31,637.65,Kia,8,10900.0,professionnel,actif
CTR_001476,INS_002187,Tiers étendu,2024-05-25,514.8,BMW,7,8800.0,professionnel,actif
CTR_001477,INS_002188,Tous risques,2024-01-13,634.8,BMW,4,9200.0,mixte,actif
CTR_001478,INS_002190,Tous risques,2023-03-30,774.0,Audi,1,12900.0,personnel,actif
CTR_001479,INS_002192,Tous risques + assistance,2022-11-05,250.12,Skoda,17,2900.0,mixte,actif
CTR_001480,INS_002195,Tous risques,2025-07-29,618.0,Tesla,8,10300.0,personnel,actif
CTR_001481,INS_002196,Tiers étendu,2024-04-12,643.5,Tesla,6,11000.0,professionnel,actif
CTR_001482,INS_002197,Au tiers,2024-12-09,252.5,Hyundai,8,10100.0,personnel,actif
CTR_001483,INS_002198,Tous risques + assistance,2021-01-07,667.5,Audi,3,8900.0,personnel,actif
CTR_001484,INS_002200,Tiers étendu,2025-04-08,450.0,Audi,11,10000.0,personnel,actif
CTR_001485,INS_002200,Au tiers,2022-12-16,390.0,Skoda,5,12000.0,professionnel,actif
CTR_001486,INS_002203,Tous risques,2024-07-14,1524.9,Skoda,5,22100.0,mixte,actif
CTR_001487,INS_002208,Tiers étendu,2020-12-26,200.0,Peugeot,7,800.0,mixte,actif
CTR_001488,INS_002209,Tiers étendu,2023-05-15,200.0,Nissan,14,800.0,personnel,résilié
CTR_001489,INS_002211,Tous risques,2022-10-14,630.0,Peugeot,11,10500.0,personnel,actif
CTR_001490,INS_002212,Tous risques,2025-10-13,774.0,Skoda,8,12900.0,personnel,actif
CTR_001491,INS_002218,Tous risques,2024-05-06,684.0,Dacia,7,11400.0,personnel,actif
CTR_001492,INS_002222,Tiers étendu,2023-08-27,200.0,Volkswagen,11,4200.0,personnel,actif
CTR_001493,INS_002223,Au tiers,2026-02-22,282.75,Dacia,16,8700.0,professionnel,actif
CTR_001494,INS_002226,Au tiers,2022-11-07,200.0,BMW,14,6800.0,mixte,actif
CTR_001495,INS_002227,Tiers étendu,2021-10-24,445.5,Opel,11,9900.0,personnel,actif
CTR_001496,INS_002228,Au tiers,2023-08-31,492.5,Dacia,4,19700.0,personnel,actif
CTR_001497,INS_002228,Tiers + vol/incendie,2025-10-31,336.7,Citroën,3,7400.0,professionnel,actif
CTR_001498,INS_002231,Tiers étendu,2024-05-24,1076.4,Skoda,0,18400.0,professionnel,actif
CTR_001499,INS_002234,Tous risques + assistance,2020-07-17,200.0,Peugeot,9,800.0,professionnel,actif
CTR_001500,INS_002235,Au tiers,2024-10-07,270.0,Renault,14,10800.0,personnel,actif
CTR_001501,INS_002236,Tous risques,2022-10-10,1086.0,Kia,7,18100.0,personnel,suspendu
CTR_001502,INS_002237,Tous risques + assistance,2025-01-19,847.5,Citroën,9,11300.0,personnel,actif
CTR_001503,INS_002238,Tous risques,2024-03-26,200.0,Mercedes,18,1600.0,personnel,actif
CTR_001504,INS_002239,Tiers + vol/incendie,2023-02-26,756.0,Fiat,4,21600.0,personnel,actif
CTR_001505,INS_002242,Tiers + vol/incendie,2022-10-21,209.3,Peugeot,14,4600.0,professionnel,actif
CTR_001506,INS_002246,Tiers étendu,2023-12-13,315.0,Skoda,11,7000.0,personnel,actif
CTR_001507,INS_002247,Tous risques,2021-07-02,372.0,BMW,9,6200.0,personnel,actif
CTR_001508,INS_002248,Tiers étendu,2022-12-28,751.5,Peugeot,11,16700.0,personnel,actif
CTR_001509,INS_002253,Tiers + vol/incendie,2023-01-22,200.0,Ford,0,1300.0,personnel,actif
CTR_001510,INS_002253,Tous risques,2025-05-19,1294.8,Peugeot,0,16600.0,professionnel,actif
CTR_001511,INS_002255,Tiers + vol/incendie,2023-06-27,367.5,Tesla,15,10500.0,personnel,actif
CTR_001512,INS_002256,Tous risques,2023-10-25,1302.6,Tesla,1,16700.0,professionnel,actif
CTR_001513,INS_002257,Tous risques,2024-07-09,474.0,Seat,14,7900.0,personnel,actif
CTR_001514,INS_002258,Tous risques,2023-01-30,600.6,Citroën,6,7700.0,professionnel,actif
CTR_001515,INS_002262,Au tiers,2022-10-12,475.0,Jeep,2,19000.0,personnel,actif
CTR_001516,INS_002264,Tous risques + assistance,2026-02-03,828.75,Fiat,9,8500.0,professionnel,actif
CTR_001517,INS_002265,Tous risques,2026-05-02,756.0,Seat,3,12600.0,personnel,résilié
CTR_001518,INS_002267,Au tiers,2022-05-06,200.0,Jeep,9,7600.0,personnel,actif
CTR_001519,INS_002269,Tous risques,2021-07-09,696.9,Dacia,15,10100.0,mixte,actif
CTR_001520,INS_002271,Tiers étendu,2025-11-23,200.0,Nissan,12,2100.0,mixte,actif
CTR_001521,INS_002276,Tous risques,2024-01-04,1092.0,Kia,2,18200.0,personnel,actif
CTR_001522,INS_002280,Tous risques,2025-09-30,577.2,Hyundai,11,7400.0,professionnel,actif
CTR_001523,INS_002281,Tiers étendu,2023-08-16,802.12,Renault,10,15500.0,mixte,actif
CTR_001524,INS_002282,Tous risques,2024-01-19,943.8,Citroën,7,12100.0,professionnel,actif
CTR_001525,INS_002283,Tous risques,2023-03-07,948.0,Peugeot,1,15800.0,personnel,actif
CTR_001526,INS_002284,Tiers + vol/incendie,2023-11-18,659.75,Skoda,6,14500.0,professionnel,actif
CTR_001527,INS_002285,Au tiers,2021-11-05,295.75,Volvo,6,9100.0,professionnel,actif
CTR_001528,INS_002286,Tiers étendu,2022-04-21,200.0,Jeep,14,2600.0,personnel,actif
CTR_001529,INS_002287,Tiers + vol/incendie,2023-08-11,200.0,Opel,17,2200.0,personnel,actif
CTR_001530,INS_002288,Au tiers,2021-03-18,633.75,Peugeot,5,19500.0,professionnel,actif
CTR_001531,INS_002289,Tiers étendu,2022-06-12,386.1,Ford,13,6600.0,professionnel,actif
CTR_001532,INS_002289,Tiers + vol/incendie,2023-04-04,200.0,Skoda,11,2600.0,personnel,actif
CTR_001533,INS_002292,Tous risques,2023-03-09,360.0,Skoda,5,6000.0,personnel,actif
CTR_001534,INS_002294,Tiers + vol/incendie,2022-12-31,206.5,Tesla,16,5900.0,personnel,actif
CTR_001535,INS_002296,Tous risques,2026-03-30,1062.0,Jeep,8,17700.0,personnel,actif
CTR_001536,INS_002298,Tous risques,2025-05-30,582.0,Volkswagen,3,9700.0,personnel,actif
CTR_001537,INS_002301,Tous risques,2022-09-04,840.0,Kia,8,14000.0,personnel,actif
CTR_001538,INS_002302,Tous risques + assistance,2020-07-18,1350.0,Volvo,3,18000.0,personnel,actif
CTR_001539,INS_002305,Tiers étendu,2025-06-05,378.0,Toyota,1,8400.0,personnel,actif
CTR_001540,INS_002306,Tiers étendu,2025-11-13,279.0,Ford,4,6200.0,personnel,actif
CTR_001541,INS_002309,Tous risques,2022-08-12,558.0,Nissan,4,9300.0,personnel,actif
CTR_001542,INS_002310,Tous risques,2024-11-05,534.0,Dacia,10,8900.0,personnel,actif
CTR_001543,INS_002311,Tous risques,2020-07-17,1080.0,BMW,7,18000.0,personnel,actif
CTR_001544,INS_002311,Tous risques + assistance,2020-07-28,1117.5,Ford,7,14900.0,personnel,actif
CTR_001545,INS_002312,Tiers étendu,2020-10-30,1021.5,Peugeot,4,22700.0,personnel,actif
CTR_001546,INS_002313,Au tiers,2024-08-28,313.38,Dacia,3,10900.0,mixte,actif
CTR_001547,INS_002315,Tiers + vol/incendie,2026-01-02,371.0,Ford,6,10600.0,personnel,actif
CTR_001548,INS_002316,Au tiers,2021-02-22,267.5,Tesla,3,10700.0,personnel,actif
CTR_001549,INS_002317,Au tiers,2023-01-15,200.0,Volvo,9,4500.0,mixte,actif
CTR_001550,INS_002318,Au tiers,2025-09-30,535.0,Volvo,2,21400.0,personnel,actif
CTR_001551,INS_002319,Tous risques + assistance,2025-01-29,799.5,Skoda,7,8200.0,professionnel,actif
CTR_001552,INS_002320,Tous risques,2022-05-17,1122.0,Audi,4,18700.0,personnel,actif
CTR_001553,INS_002323,Tous risques,2023-09-15,569.4,Volvo,6,7300.0,professionnel,actif
CTR_001554,INS_002324,Au tiers,2021-07-11,200.0,Skoda,11,5500.0,personnel,actif
CTR_001555,INS_002325,Tous risques,2020-10-25,850.2,Jeep,8,10900.0,professionnel,actif
CTR_001556,INS_002327,Tous risques + assistance,2025-05-02,1374.75,Toyota,7,14100.0,professionnel,actif
CTR_001557,INS_002330,Au tiers,2023-12-09,277.5,Toyota,4,11100.0,personnel,résilié
CTR_001558,INS_002331,Tous risques,2026-02-02,810.0,Mercedes,5,13500.0,personnel,suspendu
CTR_001559,INS_002332,Tiers + vol/incendie,2022-07-06,588.0,Mercedes,0,16800.0,personnel,actif
CTR_001560,INS_002333,Tous risques,2022-10-10,1032.0,Mercedes,2,17200.0,personnel,actif
CTR_001561,INS_002334,Tous risques,2025-03-15,666.0,Tesla,4,11100.0,personnel,actif
CTR_001562,INS_002335,Tous risques,2023-08-08,660.0,Opel,12,11000.0,personnel,actif
CTR_001563,INS_002335,Tous risques,2023-01-17,804.0,Peugeot,5,13400.0,personnel,actif
CTR_001564,INS_002337,Tous risques + assistance,2024-04-14,637.5,Fiat,2,8500.0,personnel,actif
CTR_001565,INS_002339,Au tiers,2025-06-11,455.0,Mercedes,0,18200.0,personnel,actif
CTR_001566,INS_002341,Tous risques + assistance,2022-03-31,1252.5,Opel,5,16700.0,personnel,actif
CTR_001567,INS_002342,Tous risques + assistance,2022-12-19,1110.0,Audi,2,14800.0,personnel,actif
CTR_001568,INS_002344,Tous risques + assistance,2020-09-24,847.5,Jeep,11,11300.0,personnel,actif
CTR_001569,INS_002345,Tous risques,2024-04-21,708.0,Seat,2,11800.0,personnel,actif
CTR_001570,INS_002349,Tiers + vol/incendie,2025-01-14,482.3,Mercedes,3,10600.0,professionnel,actif
CTR_001571,INS_002350,Au tiers,2020-06-03,200.0,Dacia,3,4800.0,personnel,actif
CTR_001572,INS_002352,Tiers + vol/incendie,2024-01-07,200.0,Skoda,17,3100.0,personnel,actif
CTR_001573,INS_002353,Au tiers,2021-12-19,387.5,Volkswagen,4,15500.0,personnel,actif
CTR_001574,INS_002355,Au tiers,2023-12-18,232.5,Dacia,14,9300.0,personnel,actif
CTR_001575,INS_002356,Tiers + vol/incendie,2024-03-24,686.0,Dacia,5,19600.0,personnel,actif
CTR_001576,INS_002357,Tiers étendu,2023-07-14,571.5,Seat,2,12700.0,personnel,actif
CTR_001577,INS_002359,Tiers étendu,2023-01-29,517.5,Opel,16,11500.0,personnel,actif
CTR_001578,INS_002360,Au tiers,2025-05-29,212.5,Opel,3,8500.0,personnel,actif
CTR_001579,INS_002361,Tous risques,2023-05-06,200.0,Volkswagen,3,800.0,personnel,actif
CTR_001580,INS_002362,Tiers étendu,2024-03-26,261.0,Mercedes,14,5800.0,personnel,actif
CTR_001581,INS_002364,Au tiers,2026-05-08,300.0,BMW,2,12000.0,personnel,actif
CTR_001582,INS_002366,Tous risques,2024-02-26,200.0,Mercedes,0,2100.0,personnel,actif
CTR_001583,INS_002367,Tous risques,2024-04-01,348.0,Audi,3,5800.0,personnel,actif
CTR_001584,INS_002371,Au tiers,2025-01-14,200.0,Volvo,10,7800.0,personnel,actif
CTR_001585,INS_002372,Tous risques,2023-12-07,1786.2,Nissan,4,22900.0,professionnel,actif
CTR_001586,INS_002373,Au tiers,2020-07-03,217.5,Tesla,8,8700.0,personnel,actif
CTR_001587,INS_002374,Au tiers,2021-01-02,330.0,Toyota,9,13200.0,personnel,actif
CTR_001588,INS_002375,Tous risques,2025-08-28,200.0,Nissan,17,3100.0,personnel,actif
CTR_001589,INS_002376,Au tiers,2022-06-08,200.0,Audi,3,4900.0,personnel,actif
CTR_001590,INS_002377,Tous risques,2020-06-22,1242.0,Toyota,7,20700.0,personnel,actif
CTR_001591,INS_002377,Tous risques,2024-04-04,552.0,Ford,7,9200.0,personnel,actif
CTR_001592,INS_002378,Tous risques,2022-09-29,972.9,Skoda,7,14100.0,mixte,actif
CTR_001593,INS_002379,Tous risques,2024-02-24,756.6,Tesla,7,9700.0,professionnel,actif
CTR_001594,INS_002379,Au tiers,2023-05-11,267.5,Mercedes,8,10700.0,personnel,actif
CTR_001595,INS_002380,Tous risques,2021-06-03,300.0,Citroën,6,5000.0,personnel,actif
CTR_001596,INS_002381,Tous risques,2024-12-02,336.0,Mercedes,9,5600.0,personnel,actif
CTR_001597,INS_002383,Au tiers,2020-07-14,585.0,Renault,11,23400.0,personnel,actif
CTR_001598,INS_002385,Tous risques + assistance,2024-05-13,660.0,Dacia,7,8800.0,personnel,actif
CTR_001599,INS_002386,Tiers étendu,2024-01-01,200.0,Fiat,6,1900.0,personnel,actif
CTR_001600,INS_002388,Tous risques,2021-04-16,702.0,Volvo,5,11700.0,personnel,actif
CTR_001601,INS_002389,Tous risques,2021-06-25,684.0,Audi,10,11400.0,personnel,actif
CTR_001602,INS_002390,Tous risques,2021-10-04,774.0,Peugeot,10,12900.0,personnel,actif
CTR_001603,INS_002392,Tous risques,2021-07-13,816.0,Fiat,2,13600.0,personnel,actif
CTR_001604,INS_002393,Tiers + vol/incendie,2024-01-09,200.0,Ford,18,800.0,professionnel,actif
CTR_001605,INS_002394,Tiers étendu,2025-04-27,1030.5,Jeep,0,22900.0,personnel,actif
CTR_001606,INS_002395,Tous risques + assistance,2024-03-14,322.5,BMW,2,4300.0,personnel,actif
CTR_001607,INS_002396,Tous risques,2020-06-28,1134.0,Tesla,13,18900.0,personnel,suspendu
CTR_001608,INS_002397,Tiers + vol/incendie,2021-05-28,269.5,Seat,2,7700.0,personnel,actif
CTR_001609,INS_002398,Tous risques,2020-08-24,455.4,Jeep,8,6600.0,mixte,actif
CTR_001610,INS_002399,Tous risques,2025-02-02,414.0,Opel,13,6000.0,mixte,actif
CTR_001611,INS_002400,Tiers étendu,2023-05-22,200.0,Opel,16,1100.0,personnel,actif
CTR_001612,INS_002403,Tiers + vol/incendie,2021-07-27,378.35,Volkswagen,14,9400.0,mixte,actif
CTR_001613,INS_002406,Tous risques,2026-01-14,421.2,Opel,11,5400.0,professionnel,actif
CTR_001614,INS_002407,Tiers étendu,2025-04-08,301.5,Skoda,11,6700.0,personnel,actif
CTR_001615,INS_002408,Tiers étendu,2025-02-09,535.5,Citroën,9,11900.0,personnel,actif
CTR_001616,INS_002409,Au tiers,2025-10-28,245.0,Citroën,6,9800.0,personnel,actif
CTR_001617,INS_002410,Tiers étendu,2024-04-20,200.0,Seat,6,1200.0,personnel,actif
CTR_001618,INS_002412,Tiers étendu,2022-12-08,783.0,Renault,3,17400.0,personnel,actif
CTR_001619,INS_002415,Tiers + vol/incendie,2021-12-14,490.0,Toyota,4,14000.0,personnel,actif
CTR_001620,INS_002416,Tiers + vol/incendie,2025-03-23,584.5,Hyundai,0,16700.0,personnel,actif
CTR_001621,INS_002420,Tiers étendu,2023-02-07,595.12,Dacia,2,11500.0,mixte,actif
CTR_001622,INS_002420,Au tiers,2021-10-31,200.0,Ford,7,1200.0,personnel,actif
CTR_001623,INS_002421,Tiers étendu,2026-01-24,544.5,Citroën,6,12100.0,personnel,actif
CTR_001624,INS_002421,Tous risques,2024-10-20,258.0,Seat,16,4300.0,personnel,actif
CTR_001625,INS_002421,Tous risques + assistance,2022-02-15,367.5,Tesla,6,4900.0,personnel,actif
CTR_001626,INS_002422,Tiers étendu,2020-07-18,675.0,Citroën,2,15000.0,personnel,actif
CTR_001627,INS_002423,Tous risques,2025-04-01,540.0,Jeep,6,9000.0,personnel,actif
CTR_001628,INS_002426,Tiers + vol/incendie,2023-05-14,318.5,Skoda,5,9100.0,personnel,actif
CTR_001629,INS_002427,Tous risques,2025-02-01,200.0,Ford,4,800.0,personnel,suspendu
CTR_001630,INS_002428,Tiers étendu,2020-12-12,315.0,Dacia,9,7000.0,personnel,actif
CTR_001631,INS_002429,Tiers + vol/incendie,2024-03-31,200.0,Nissan,11,2200.0,mixte,actif
CTR_001632,INS_002430,Tous risques,2022-01-22,756.6,Ford,8,9700.0,professionnel,actif
CTR_001633,INS_002430,Tous risques + assistance,2022-09-28,870.0,Dacia,7,11600.0,personnel,actif
CTR_001634,INS_002433,Tiers étendu,2024-05-17,200.0,Kia,14,2000.0,personnel,résilié
CTR_001635,INS_002434,Tous risques + assistance,2023-12-25,825.0,Citroën,10,11000.0,personnel,actif
CTR_001636,INS_002435,Tiers étendu,2025-10-20,924.3,Fiat,9,15800.0,professionnel,actif
CTR_001637,INS_002437,Tous risques,2024-06-19,936.0,Tesla,10,15600.0,personnel,actif
CTR_001638,INS_002438,Tiers étendu,2025-11-05,374.4,Skoda,7,6400.0,professionnel,suspendu
CTR_001639,INS_002440,Tous risques,2021-12-06,803.4,Volkswagen,10,10300.0,professionnel,actif
CTR_001640,INS_002443,Tous risques,2024-09-19,558.0,Nissan,10,9300.0,personnel,actif
CTR_001641,INS_002445,Tous risques,2023-08-27,641.7,Fiat,8,9300.0,mixte,actif
CTR_001642,INS_002446,Tous risques + assistance,2023-05-10,795.0,Dacia,7,10600.0,personnel,actif
CTR_001643,INS_002447,Tous risques + assistance,2021-08-24,614.25,BMW,17,6300.0,professionnel,suspendu
CTR_001644,INS_002450,Tiers étendu,2024-04-09,574.42,Volkswagen,11,11100.0,mixte,actif
CTR_001645,INS_002451,Au tiers,2021-11-30,277.5,Ford,3,11100.0,personnel,actif
CTR_001646,INS_002452,Au tiers,2022-08-19,464.75,Ford,2,14300.0,professionnel,actif
CTR_001647,INS_002453,Tous risques,2021-12-03,436.8,Jeep,13,5600.0,professionnel,actif
CTR_001648,INS_002454,Tous risques,2024-09-28,572.7,Peugeot,4,8300.0,mixte,actif
CTR_001649,INS_002456,Tous risques,2022-01-29,265.2,Skoda,16,3400.0,professionnel,actif
CTR_001650,INS_002457,Tiers + vol/incendie,2024-04-29,454.83,Skoda,2,11300.0,mixte,actif
CTR_001651,INS_002459,Tous risques,2025-10-09,883.2,Dacia,4,12800.0,mixte,actif
CTR_001652,INS_002460,Au tiers,2026-03-31,652.5,Volkswagen,3,26100.0,personnel,actif
CTR_001653,INS_002461,Au tiers,2024-05-15,467.5,Ford,4,18700.0,personnel,actif
CTR_001654,INS_002464,Tiers + vol/incendie,2022-11-28,304.5,Opel,3,8700.0,personnel,actif
CTR_001655,INS_002465,Au tiers,2025-12-17,312.5,Volkswagen,1,12500.0,personnel,actif
CTR_001656,INS_002466,Au tiers,2023-06-25,457.5,BMW,0,18300.0,personnel,actif
CTR_001657,INS_002467,Tous risques,2024-05-23,1776.0,Toyota,1,29600.0,personnel,résilié
CTR_001658,INS_002470,Tous risques,2025-08-18,862.5,Tesla,8,12500.0,mixte,actif
CTR_001659,INS_002475,Au tiers,2023-06-09,237.5,Kia,2,9500.0,personnel,actif
CTR_001660,INS_002477,Tiers étendu,2025-02-11,200.0,Citroën,7,2900.0,professionnel,actif
CTR_001661,INS_002479,Tous risques + assistance,2023-10-07,1443.0,Opel,7,14800.0,professionnel,actif
CTR_001662,INS_002482,Tous risques,2025-07-13,444.0,Dacia,17,7400.0,personnel,actif
CTR_001663,INS_002484,Tous risques,2024-05-13,491.4,Fiat,6,6300.0,professionnel,actif
CTR_001664,INS_002485,Au tiers,2025-12-15,200.0,Skoda,1,800.0,personnel,actif
CTR_001665,INS_002487,Tous risques,2024-04-28,600.6,Skoda,2,7700.0,professionnel,actif
CTR_001666,INS_002489,Tous risques,2026-01-23,200.0,BMW,5,800.0,personnel,actif
CTR_001667,INS_002490,Tiers étendu,2024-03-05,450.45,Dacia,11,7700.0,professionnel,actif
CTR_001668,INS_002494,Tiers étendu,2025-07-10,569.25,Seat,13,11000.0,mixte,actif
CTR_001669,INS_002495,Au tiers,2025-05-22,227.5,Tesla,5,9100.0,personnel,actif
CTR_001670,INS_002496,Tous risques + assistance,2021-09-09,819.0,Fiat,14,8400.0,professionnel,actif
CTR_001671,INS_002498,Au tiers,2026-04-08,211.25,Renault,14,6500.0,professionnel,actif
CTR_001672,INS_002499,Tous risques,2025-05-17,1152.0,Jeep,5,19200.0,personnel,actif
CTR_001673,INS_002499,Tous risques,2023-07-03,480.0,Jeep,13,8000.0,personnel,actif
CTR_001674,INS_002501,Tiers étendu,2021-11-02,455.4,BMW,5,8800.0,mixte,actif
CTR_001675,INS_002502,Tiers + vol/incendie,2020-07-28,353.5,Volkswagen,9,10100.0,personnel,actif
CTR_001676,INS_002504,Tous risques,2024-05-16,474.0,Volvo,4,7900.0,personnel,actif
CTR_001677,INS_002505,Tiers + vol/incendie,2023-02-28,200.0,Audi,16,1800.0,personnel,suspendu
CTR_001678,INS_002506,Tous risques,2022-08-02,762.0,Nissan,7,12700.0,personnel,actif
CTR_001679,INS_002508,Tiers + vol/incendie,2023-03-22,217.0,Fiat,9,6200.0,personnel,actif
CTR_001680,INS_002509,Au tiers,2025-12-10,542.75,Volkswagen,6,16700.0,professionnel,actif
CTR_001681,INS_002510,Tous risques,2025-10-20,390.0,Tesla,10,6500.0,personnel,actif
CTR_001682,INS_002511,Au tiers,2022-02-20,200.0,Jeep,17,4600.0,personnel,actif
CTR_001683,INS_002514,Tous risques + assistance,2021-05-08,750.0,Audi,9,10000.0,personnel,actif
CTR_001684,INS_002516,Au tiers,2025-09-12,200.0,Mercedes,7,6200.0,personnel,actif
CTR_001685,INS_002521,Au tiers,2022-11-06,200.0,Jeep,3,3100.0,personnel,actif
CTR_001686,INS_002523,Tous risques + assistance,2025-03-21,1095.38,BMW,6,12700.0,mixte,actif
CTR_001687,INS_002524,Tiers + vol/incendie,2023-10-05,338.1,Toyota,8,8400.0,mixte,actif
CTR_001688,INS_002525,Tous risques,2024-05-03,744.0,Toyota,10,12400.0,personnel,actif
CTR_001689,INS_002526,Tous risques,2024-04-15,966.0,Volvo,3,16100.0,personnel,actif
CTR_001690,INS_002526,Au tiers,2022-03-14,200.0,Tesla,10,5100.0,personnel,actif
CTR_001691,INS_002527,Tiers + vol/incendie,2025-08-15,658.0,Skoda,5,18800.0,personnel,actif
CTR_001692,INS_002528,Tiers + vol/incendie,2024-10-07,261.62,Nissan,1,6500.0,mixte,actif
CTR_001693,INS_002532,Tous risques,2026-05-18,738.0,Citroën,7,12300.0,personnel,actif
CTR_001694,INS_002533,Tiers + vol/incendie,2024-07-15,923.65,Ford,6,20300.0,professionnel,actif
CTR_001695,INS_002536,Au tiers,2025-08-05,200.0,Audi,16,5200.0,personnel,résilié
CTR_001696,INS_002538,Tous risques,2020-08-02,280.8,Fiat,8,3600.0,professionnel,actif
CTR_001697,INS_002539,Tiers étendu,2020-07-16,868.5,Renault,0,19300.0,personnel,actif
CTR_001698,INS_002540,Tous risques,2024-09-27,990.6,Volkswagen,6,12700.0,professionnel,résilié
CTR_001699,INS_002543,Tous risques,2022-03-25,990.0,Volvo,5,16500.0,personnel,actif
CTR_001700,INS_002543,Tous risques,2025-03-12,744.0,Jeep,6,12400.0,personnel,actif
CTR_001701,INS_002543,Tiers étendu,2022-07-25,499.5,Tesla,11,11100.0,personnel,suspendu
CTR_001702,INS_002544,Au tiers,2024-09-20,247.0,Kia,13,7600.0,professionnel,actif
CTR_001703,INS_002548,Tiers + vol/incendie,2023-12-21,304.5,Ford,16,8700.0,personnel,actif
CTR_001704,INS_002550,Tiers étendu,2023-08-03,513.0,Opel,9,11400.0,personnel,résilié
CTR_001705,INS_002551,Tous risques,2022-10-20,1490.4,Volkswagen,4,21600.0,mixte,actif
CTR_001706,INS_002553,Tiers + vol/incendie,2021-05-21,577.5,Hyundai,2,16500.0,personnel,actif
CTR_001707,INS_002555,Au tiers,2025-05-01,475.0,BMW,1,19000.0,personnel,actif
CTR_001708,INS_002556,Tous risques + assistance,2020-09-14,200.0,Audi,14,800.0,personnel,actif
CTR_001709,INS_002558,Tous risques + assistance,2021-07-30,930.0,Jeep,13,12400.0,personnel,actif
CTR_001710,INS_002559,Tous risques,2021-06-06,200.0,Hyundai,6,1200.0,mixte,actif
CTR_001711,INS_002560,Tous risques,2026-04-23,588.0,Kia,7,9800.0,personnel,actif
CTR_001712,INS_002565,Au tiers,2024-01-07,200.0,Kia,6,800.0,personnel,actif
CTR_001713,INS_002566,Tiers étendu,2021-07-28,321.75,Jeep,3,5500.0,professionnel,actif
CTR_001714,INS_002567,Au tiers,2020-09-02,215.0,Mercedes,4,8600.0,personnel,actif
CTR_001715,INS_002568,Tiers + vol/incendie,2023-03-15,768.78,Jeep,6,19100.0,mixte,résilié
CTR_001716,INS_002569,Au tiers,2021-10-04,712.5,Tesla,0,28500.0,personnel,actif
CTR_001717,INS_002572,Tous risques,2024-10-28,200.0,Fiat,5,800.0,professionnel,actif
CTR_001718,INS_002575,Tous risques,2025-11-02,200.0,Ford,8,2600.0,mixte,actif
CTR_001719,INS_002575,Tous risques + assistance,2025-06-18,1209.0,Opel,10,12400.0,professionnel,résilié
CTR_001720,INS_002576,Au tiers,2023-12-09,502.5,Ford,0,20100.0,personnel,actif
CTR_001721,INS_002576,Tous risques,2022-01-05,408.0,Volvo,5,6800.0,personnel,actif
CTR_001722,INS_002580,Tous risques,2025-02-15,318.0,Renault,13,5300.0,personnel,actif
CTR_001723,INS_002581,Tiers étendu,2022-06-20,838.35,Jeep,1,16200.0,mixte,actif
CTR_001724,INS_002582,Tous risques + assistance,2024-03-02,907.5,Hyundai,4,12100.0,personnel,actif
CTR_001725,INS_002584,Tiers étendu,2024-07-05,200.0,Jeep,14,1000.0,professionnel,actif
CTR_001726,INS_002585,Au tiers,2021-11-05,200.0,Nissan,11,3100.0,personnel,actif
CTR_001727,INS_002588,Tous risques,2025-12-12,504.0,Ford,13,8400.0,personnel,actif
CTR_001728,INS_002589,Tous risques,2020-10-10,408.0,Dacia,14,6800.0,personnel,actif
CTR_001729,INS_002590,Tous risques,2021-03-22,1188.0,Hyundai,3,19800.0,personnel,actif
CTR_001730,INS_002592,Tiers étendu,2023-10-01,310.05,Dacia,12,5300.0,professionnel,actif
CTR_001731,INS_002594,Tiers étendu,2022-07-03,657.0,Skoda,2,14600.0,personnel,actif
CTR_001732,INS_002595,Tiers étendu,2022-07-10,200.0,Ford,8,1500.0,personnel,actif
CTR_001733,INS_002596,Tiers étendu,2024-06-15,427.5,Mercedes,5,9500.0,personnel,actif
CTR_001734,INS_002598,Tous risques,2024-07-12,200.0,Volvo,12,1700.0,personnel,actif
CTR_001735,INS_002599,Au tiers,2024-03-18,382.5,Volvo,11,15300.0,personnel,actif
CTR_001736,INS_002601,Tiers + vol/incendie,2022-03-13,203.0,Audi,16,5800.0,personnel,actif
CTR_001737,INS_002602,Tous risques + assistance,2022-06-16,1492.5,Nissan,1,19900.0,personnel,suspendu
CTR_001738,INS_002603,Tiers étendu,2024-05-05,200.0,Renault,4,3900.0,personnel,actif
CTR_001739,INS_002607,Tous risques,2026-02-25,200.0,Fiat,6,800.0,professionnel,suspendu
CTR_001740,INS_002608,Tiers étendu,2020-12-17,778.05,Fiat,12,13300.0,professionnel,actif
CTR_001741,INS_002609,Tiers étendu,2021-08-27,621.0,Hyundai,1,13800.0,personnel,suspendu
CTR_001742,INS_002610,Au tiers,2021-10-04,432.25,Kia,4,13300.0,professionnel,suspendu
CTR_001743,INS_002614,Tiers étendu,2020-10-13,265.5,Skoda,2,5900.0,personnel,actif
CTR_001744,INS_002615,Au tiers,2025-11-06,232.5,Renault,5,9300.0,personnel,actif
CTR_001745,INS_002616,Tiers étendu,2023-12-23,760.5,Jeep,3,16900.0,personnel,actif
CTR_001746,INS_002617,Tous risques,2025-01-09,530.4,Peugeot,1,6800.0,professionnel,actif
CTR_001747,INS_002618,Tous risques + assistance,2024-07-07,832.5,Toyota,7,11100.0,personnel,actif
CTR_001748,INS_002620,Au tiers,2024-07-02,382.5,Volvo,12,15300.0,personnel,actif
CTR_001749,INS_002621,Au tiers,2025-05-05,200.0,Volkswagen,11,1800.0,personnel,actif
CTR_001750,INS_002622,Tiers + vol/incendie,2024-11-24,423.5,Nissan,4,12100.0,personnel,actif
CTR_001751,INS_002627,Tiers étendu,2024-02-13,445.5,Audi,5,9900.0,personnel,suspendu
CTR_001752,INS_002628,Tous risques,2025-05-22,228.0,Toyota,8,3800.0,personnel,suspendu
CTR_001753,INS_002628,Tous risques,2022-05-19,396.0,Opel,5,6600.0,personnel,résilié
CTR_001754,INS_002630,Tous risques,2020-11-13,768.0,Seat,9,12800.0,personnel,actif
CTR_001755,INS_002630,Tous risques,2024-09-21,1200.6,Kia,8,17400.0,mixte,actif
CTR_001756,INS_002631,Tous risques + assistance,2025-10-30,1394.25,Volkswagen,7,14300.0,professionnel,résilié
CTR_001757,INS_002632,Tous risques + assistance,2021-01-24,1860.0,Kia,2,24800.0,personnel,actif
CTR_001758,INS_002633,Au tiers,2021-10-30,200.0,Toyota,5,800.0,professionnel,suspendu
CTR_001759,INS_002635,Tous risques,2022-07-06,486.0,Volkswagen,6,8100.0,personnel,actif
CTR_001760,INS_002636,Tous risques + assistance,2020-07-27,510.0,Citroën,11,6800.0,personnel,actif
CTR_001761,INS_002637,Tous risques,2026-05-11,1146.0,Citroën,8,19100.0,personnel,actif
CTR_001762,INS_002638,Tous risques,2021-05-25,1214.4,Renault,3,17600.0,mixte,actif
CTR_001763,INS_002641,Tous risques,2022-07-18,202.8,Citroën,7,2600.0,professionnel,actif
CTR_001764,INS_002642,Tous risques,2025-09-14,200.0,Audi,5,1800.0,personnel,actif
CTR_001765,INS_002644,Tiers + vol/incendie,2025-04-19,567.0,Ford,7,16200.0,personnel,actif
CTR_001766,INS_002645,Tiers étendu,2021-04-16,567.0,Opel,3,12600.0,personnel,suspendu
CTR_001767,INS_002648,Tiers + vol/incendie,2023-01-01,346.5,Jeep,10,9900.0,personnel,actif
CTR_001768,INS_002652,Tiers + vol/incendie,2024-06-13,367.5,Nissan,4,10500.0,personnel,suspendu
CTR_001769,INS_002653,Tous risques,2025-10-31,200.0,Ford,16,800.0,personnel,actif
CTR_001770,INS_002654,Tiers étendu,2025-03-26,508.5,BMW,4,11300.0,personnel,suspendu
CTR_001771,INS_002657,Tiers étendu,2022-06-17,819.0,Volkswagen,8,14000.0,professionnel,actif
CTR_001772,INS_002658,Tous risques,2024-07-18,1170.0,Nissan,6,19500.0,personnel,actif
CTR_001773,INS_002662,Tiers étendu,2023-07-16,212.17,Nissan,16,4100.0,mixte,actif
CTR_001774,INS_002663,Au tiers,2023-05-16,417.5,Hyundai,5,16700.0,personnel,actif
CTR_001775,INS_002666,Tous risques,2023-07-27,1084.2,BMW,8,13900.0,professionnel,suspendu
CTR_001776,INS_002668,Au tiers,2023-09-20,342.5,Audi,12,13700.0,personnel,actif
CTR_001777,INS_002671,Tous risques,2024-06-16,510.0,Jeep,8,8500.0,personnel,actif
CTR_001778,INS_002673,Tous risques,2022-06-27,606.0,Citroën,12,10100.0,personnel,actif
CTR_001779,INS_002675,Au tiers,2022-06-13,515.0,Jeep,2,20600.0,personnel,actif
CTR_001780,INS_002677,Tous risques + assistance,2020-11-16,600.0,Dacia,11,8000.0,personnel,actif
CTR_001781,INS_002678,Tous risques,2024-03-09,1272.0,Mercedes,1,21200.0,personnel,actif
CTR_001782,INS_002679,Au tiers,2022-12-26,200.0,Audi,12,5900.0,personnel,actif
CTR_001783,INS_002683,Tous risques,2020-08-22,402.0,Volvo,11,6700.0,personnel,actif
CTR_001784,INS_002684,Tous risques,2024-01-07,762.0,Peugeot,6,12700.0,personnel,actif
CTR_001785,INS_002684,Tous risques + assistance,2025-11-06,735.0,Hyundai,9,9800.0,personnel,actif
CTR_001786,INS_002685,Tous risques,2020-11-18,474.0,Tesla,15,7900.0,personnel,actif
CTR_001787,INS_002687,Au tiers,2021-10-15,731.25,Fiat,3,22500.0,professionnel,actif
CTR_001788,INS_002689,Tiers + vol/incendie,2020-12-16,378.0,Kia,8,10800.0,personnel,actif
CTR_001789,INS_002689,Tiers + vol/incendie,2023-04-04,200.0,Hyundai,5,5700.0,personnel,actif
CTR_001790,INS_002690,Au tiers,2025-10-22,415.0,Dacia,4,16600.0,personnel,actif
CTR_001791,INS_002694,Tous risques + assistance,2022-03-23,200.0,Kia,13,800.0,professionnel,actif
CTR_001792,INS_002695,Tous risques,2025-05-14,642.0,Opel,2,10700.0,personnel,actif
CTR_001793,INS_002696,Tous risques,2022-04-10,894.0,Skoda,5,14900.0,personnel,actif
CTR_001794,INS_002696,Tiers étendu,2024-07-02,200.0,Volvo,5,800.0,personnel,actif
CTR_001795,INS_002697,Au tiers,2024-07-11,200.0,Ford,9,5400.0,personnel,actif
CTR_001796,INS_002698,Tiers étendu,2024-08-02,715.5,BMW,2,15900.0,personnel,actif
CTR_001797,INS_002699,Tiers + vol/incendie,2025-12-09,200.0,Audi,4,3700.0,personnel,actif
CTR_001798,INS_002700,Au tiers,2022-11-26,327.5,Nissan,5,13100.0,personnel,actif
CTR_001799,INS_002702,Tiers + vol/incendie,2023-03-29,200.0,Mercedes,8,3500.0,personnel,actif
CTR_001800,INS_002704,Au tiers,2023-08-29,235.0,Jeep,11,9400.0,personnel,actif
CTR_001801,INS_002706,Au tiers,2021-01-15,390.0,BMW,3,12000.0,professionnel,actif
CTR_001802,INS_002706,Tous risques + assistance,2023-02-17,945.75,Dacia,7,9700.0,professionnel,actif
CTR_001803,INS_002708,Tous risques,2021-11-18,534.0,Volvo,11,8900.0,personnel,actif
CTR_001804,INS_002710,Tiers + vol/incendie,2021-11-24,490.0,Nissan,5,14000.0,personnel,actif
CTR_001805,INS_002710,Tous risques + assistance,2020-12-20,784.87,Tesla,6,9100.0,mixte,actif
CTR_001806,INS_002710,Tiers + vol/incendie,2025-06-15,796.95,Seat,3,19800.0,mixte,actif
CTR_001807,INS_002711,Tous risques,2025-06-21,582.0,Dacia,3,9700.0,personnel,actif
CTR_001808,INS_002712,Tiers étendu,2024-05-27,567.0,Opel,7,12600.0,personnel,actif
CTR_001809,INS_002714,Au tiers,2025-05-18,376.62,Hyundai,7,13100.0,mixte,actif
CTR_001810,INS_002715,Tous risques,2022-08-23,614.1,Nissan,4,8900.0,mixte,actif
CTR_001811,INS_002716,Tous risques + assistance,2022-12-08,592.5,Jeep,9,7900.0,personnel,actif
CTR_001812,INS_002718,Tiers + vol/incendie,2024-09-22,297.85,Audi,13,7400.0,mixte,actif
CTR_001813,INS_002721,Tiers + vol/incendie,2025-08-12,724.5,Hyundai,2,20700.0,personnel,actif
CTR_001814,INS_002722,Tiers étendu,2021-05-25,574.42,Skoda,9,11100.0,mixte,suspendu
CTR_001815,INS_002723,Au tiers,2022-12-13,702.0,Audi,8,21600.0,professionnel,actif
CTR_001816,INS_002724,Tous risques,2025-09-10,642.0,Jeep,5,10700.0,personnel,actif
CTR_001817,INS_002725,Tiers étendu,2021-06-09,562.5,Citroën,3,12500.0,personnel,actif
CTR_001818,INS_002726,Tiers + vol/incendie,2022-12-10,437.5,Volkswagen,7,12500.0,personnel,actif
CTR_001819,INS_002727,Au tiers,2023-06-24,490.75,Nissan,5,15100.0,professionnel,actif
CTR_001820,INS_002728,Tiers étendu,2023-07-20,513.0,Ford,8,11400.0,personnel,actif
CTR_001821,INS_002730,Au tiers,2023-06-18,410.0,Renault,1,16400.0,personnel,actif
CTR_001822,INS_002731,Tiers + vol/incendie,2025-02-04,679.0,Volkswagen,5,19400.0,personnel,suspendu
CTR_001823,INS_002733,Tous risques,2023-01-18,570.0,Toyota,9,9500.0,personnel,actif
CTR_001824,INS_002734,Au tiers,2021-05-10,327.75,Volkswagen,7,11400.0,mixte,actif
CTR_001825,INS_002737,Tous risques,2023-12-06,900.0,Ford,2,15000.0,personnel,actif
CTR_001826,INS_002738,Au tiers,2025-12-29,200.0,Renault,9,3800.0,personnel,actif
CTR_001827,INS_002739,Au tiers,2022-12-09,200.0,Tesla,5,3100.0,personnel,actif
CTR_001828,INS_002740,Tous risques,2021-10-19,1938.9,Skoda,3,28100.0,mixte,actif
CTR_001829,INS_002741,Tous risques,2024-01-07,1002.0,Volkswagen,5,16700.0,personnel,actif
CTR_001830,INS_002743,Tous risques,2022-12-26,816.0,Seat,6,13600.0,personnel,actif
CTR_001831,INS_002744,Tous risques + assistance,2020-07-08,624.0,Audi,1,6400.0,professionnel,actif
CTR_001832,INS_002744,Tous risques,2025-06-17,200.0,Seat,16,2500.0,personnel,actif
CTR_001833,INS_002745,Au tiers,2025-12-07,200.0,Toyota,3,5400.0,personnel,actif
CTR_001834,INS_002746,Tiers + vol/incendie,2023-12-25,521.5,Audi,9,14900.0,personnel,actif
CTR_001835,INS_002747,Tiers étendu,2026-02-04,270.0,Tesla,5,6000.0,personnel,actif
CTR_001836,INS_002750,Tiers + vol/incendie,2023-01-04,849.28,Dacia,3,21100.0,mixte,actif
CTR_001837,INS_002753,Au tiers,2023-05-12,222.5,Citroën,5,8900.0,personnel,suspendu
CTR_001838,INS_002754,Tous risques,2020-10-01,614.1,Kia,10,8900.0,mixte,actif
CTR_001839,INS_002757,Tous risques,2022-05-30,726.0,Mercedes,5,12100.0,personnel,actif
CTR_001840,INS_002759,Tous risques,2024-09-01,1123.2,Opel,3,14400.0,professionnel,actif
CTR_001841,INS_002760,Tiers étendu,2024-09-20,200.0,Toyota,1,1200.0,personnel,actif
CTR_001842,INS_002761,Tous risques,2025-04-28,564.0,Renault,7,9400.0,personnel,actif
CTR_001843,INS_002763,Tiers étendu,2023-08-20,200.0,Ford,11,3600.0,personnel,actif
CTR_001844,INS_002765,Tiers + vol/incendie,2025-11-25,350.0,Renault,8,10000.0,personnel,actif
CTR_001845,INS_002766,Tiers + vol/incendie,2021-02-22,217.0,Skoda,3,6200.0,personnel,actif
CTR_001846,INS_002767,Tiers étendu,2024-06-16,324.0,Jeep,19,7200.0,personnel,actif
CTR_001847,INS_002768,Tous risques,2024-09-26,294.0,Volkswagen,12,4900.0,personnel,actif
CTR_001848,INS_002769,Au tiers,2023-01-15,280.0,Toyota,4,11200.0,personnel,actif
CTR_001849,INS_002772,Tous risques,2024-06-15,714.0,Fiat,1,11900.0,personnel,actif
CTR_001850,INS_002773,Tous risques,2020-12-30,990.6,Nissan,11,12700.0,professionnel,actif
CTR_001851,INS_002774,Tiers + vol/incendie,2021-06-08,309.92,Fiat,16,7700.0,mixte,actif
CTR_001852,INS_002775,Tous risques,2024-12-16,420.9,Citroën,3,6100.0,mixte,actif
CTR_001853,INS_002775,Tous risques,2022-01-29,342.0,Tesla,10,5700.0,personnel,actif
CTR_001854,INS_002776,Tiers étendu,2021-10-09,450.0,Skoda,2,10000.0,personnel,actif
CTR_001855,INS_002777,Tous risques + assistance,2025-01-17,546.0,Audi,12,5600.0,professionnel,actif
CTR_001856,INS_002777,Tiers étendu,2025-11-30,715.5,Citroën,7,15900.0,personnel,actif
CTR_001857,INS_002777,Tiers étendu,2023-07-31,805.5,Renault,2,17900.0,personnel,actif
CTR_001858,INS_002779,Tiers étendu,2020-08-17,436.5,Tesla,10,9700.0,personnel,actif
CTR_001859,INS_002780,Tous risques,2023-05-30,444.0,Audi,9,7400.0,personnel,actif
CTR_001860,INS_002781,Tous risques,2025-06-30,733.2,Opel,13,9400.0,professionnel,actif
CTR_001861,INS_002782,Tous risques,2020-12-09,273.0,Mercedes,7,3500.0,professionnel,actif
CTR_001862,INS_002783,Au tiers,2022-02-23,200.0,Tesla,17,4300.0,personnel,actif
CTR_001863,INS_002785,Tiers + vol/incendie,2021-04-23,205.28,Nissan,14,5100.0,mixte,actif
CTR_001864,INS_002786,Tiers + vol/incendie,2021-04-08,325.5,Skoda,5,9300.0,personnel,actif
CTR_001865,INS_002787,Tiers + vol/incendie,2024-01-16,413.0,Hyundai,4,11800.0,personnel,actif
CTR_001866,INS_002789,Tiers étendu,2021-11-06,796.5,Fiat,2,17700.0,personnel,actif
CTR_001867,INS_002790,Tiers étendu,2022-03-08,580.5,Tesla,5,12900.0,personnel,résilié
CTR_001868,INS_002791,Tous risques,2020-09-03,317.4,Dacia,14,4600.0,mixte,actif
CTR_001869,INS_002794,Tiers + vol/incendie,2024-06-21,434.0,Peugeot,2,12400.0,personnel,actif
CTR_001870,INS_002796,Tiers + vol/incendie,2023-09-18,339.5,Kia,3,9700.0,personnel,actif
CTR_001871,INS_002797,Au tiers,2025-02-08,200.0,Toyota,3,7600.0,personnel,actif
CTR_001872,INS_002798,Tous risques,2021-10-27,1146.6,Dacia,3,14700.0,professionnel,suspendu
CTR_001873,INS_002802,Tiers + vol/incendie,2021-11-15,455.0,Volvo,4,10000.0,professionnel,actif
CTR_001874,INS_002803,Tiers + vol/incendie,2021-03-11,315.0,Dacia,5,9000.0,personnel,actif
CTR_001875,INS_002805,Au tiers,2022-07-26,200.0,Kia,4,3400.0,mixte,actif
CTR_001876,INS_002807,Tous risques,2022-08-16,822.0,Tesla,3,13700.0,personnel,actif
CTR_001877,INS_002809,Tous risques,2022-09-01,288.0,Nissan,5,4800.0,personnel,actif
CTR_001878,INS_002814,Au tiers,2021-07-03,200.0,Skoda,3,3000.0,personnel,actif
CTR_001879,INS_002816,Tiers + vol/incendie,2024-01-20,213.5,Opel,17,6100.0,personnel,actif
CTR_001880,INS_002817,Au tiers,2021-01-21,200.0,Skoda,2,5100.0,personnel,résilié
CTR_001881,INS_002817,Tous risques + assistance,2022-05-20,200.0,Ford,10,1900.0,mixte,suspendu
CTR_001882,INS_002817,Tiers + vol/incendie,2023-12-09,200.0,Peugeot,19,3000.0,personnel,suspendu
CTR_001883,INS_002818,Au tiers,2024-11-19,200.0,Kia,10,7000.0,personnel,actif
CTR_001884,INS_002819,Tiers étendu,2024-03-02,234.0,Tesla,15,5200.0,personnel,actif
CTR_001885,INS_002821,Au tiers,2021-07-24,257.5,Nissan,7,10300.0,personnel,actif
CTR_001886,INS_002822,Tiers + vol/incendie,2020-11-27,360.5,Citroën,5,10300.0,personnel,actif
CTR_001887,INS_002825,Au tiers,2025-07-02,635.0,Kia,1,25400.0,personnel,résilié
CTR_001888,INS_002827,Tous risques,2021-08-13,296.7,Kia,11,4300.0,mixte,actif
CTR_001889,INS_002830,Au tiers,2022-03-11,200.0,Hyundai,14,6100.0,personnel,actif
CTR_001890,INS_002832,Tiers étendu,2023-01-05,1088.1,Hyundai,8,18600.0,professionnel,actif
CTR_001891,INS_002833,Tous risques,2024-02-01,1026.0,Mercedes,1,17100.0,personnel,actif
CTR_001892,INS_002836,Tiers + vol/incendie,2021-09-30,646.1,Nissan,3,14200.0,professionnel,actif
CTR_001893,INS_002837,Tous risques,2025-03-03,1185.6,Fiat,7,15200.0,professionnel,actif
CTR_001894,INS_002838,Tous risques,2025-09-18,438.0,Tesla,18,7300.0,personnel,actif
CTR_001895,INS_002840,Tiers étendu,2024-07-05,459.0,Jeep,6,10200.0,personnel,actif
CTR_001896,INS_002841,Tous risques,2025-07-12,432.0,Seat,12,7200.0,personnel,actif
CTR_001897,INS_002844,Au tiers,2024-05-19,292.5,Volvo,3,11700.0,personnel,actif
CTR_001898,INS_002846,Tous risques,2023-11-28,1677.0,Ford,5,21500.0,professionnel,actif
CTR_001899,INS_002847,Tiers étendu,2023-04-19,200.0,Seat,8,800.0,personnel,actif
CTR_001900,INS_002848,Tiers + vol/incendie,2024-06-18,200.0,Dacia,9,800.0,mixte,actif
CTR_001901,INS_002849,Tiers + vol/incendie,2021-01-14,350.0,Citroën,11,10000.0,personnel,actif
CTR_001902,INS_002850,Tiers étendu,2020-06-28,301.5,Dacia,15,6700.0,personnel,actif
CTR_001903,INS_002853,Au tiers,2021-04-12,200.0,Fiat,19,2500.0,personnel,actif
CTR_001904,INS_002857,Tous risques,2023-11-26,748.8,Volvo,4,9600.0,professionnel,actif
CTR_001905,INS_002858,Tous risques,2026-02-01,270.0,Fiat,10,4500.0,personnel,actif
CTR_001906,INS_002859,Tous risques,2026-01-05,1513.2,Fiat,9,19400.0,professionnel,actif
CTR_001907,INS_002861,Tous risques + assistance,2024-01-10,200.0,Seat,12,1300.0,professionnel,actif
CTR_001908,INS_002862,Tous risques,2022-09-26,889.2,Mercedes,12,11400.0,professionnel,actif
CTR_001909,INS_002863,Au tiers,2025-02-01,300.0,Audi,7,12000.0,personnel,actif
CTR_001910,INS_002864,Tiers étendu,2022-06-08,200.0,Audi,9,800.0,personnel,suspendu
CTR_001911,INS_002865,Au tiers,2020-10-12,235.0,Ford,8,9400.0,personnel,actif
CTR_001912,INS_002866,Tiers + vol/incendie,2023-02-09,213.5,Citroën,16,6100.0,personnel,actif
CTR_001913,INS_002867,Tiers étendu,2025-07-16,643.5,Opel,3,11000.0,professionnel,actif
CTR_001914,INS_002868,Tous risques,2023-06-14,312.0,Hyundai,9,5200.0,personnel,actif
CTR_001915,INS_002869,Tiers + vol/incendie,2025-06-12,374.5,Kia,10,10700.0,personnel,actif
CTR_001916,INS_002870,Tiers + vol/incendie,2021-03-30,518.0,Kia,1,14800.0,personnel,actif
CTR_001917,INS_002871,Tiers étendu,2024-01-31,378.0,Skoda,3,8400.0,personnel,actif
CTR_001918,INS_002872,Tous risques,2024-11-09,1310.4,Peugeot,4,16800.0,professionnel,actif
CTR_001919,INS_002873,Tous risques,2024-10-12,1177.8,Hyundai,1,15100.0,professionnel,actif
CTR_001920,INS_002875,Tiers + vol/incendie,2023-05-01,962.5,Citroën,7,27500.0,personnel,actif
CTR_001921,INS_002876,Tiers étendu,2025-04-25,200.0,Mercedes,9,1800.0,personnel,actif
CTR_001922,INS_002877,Au tiers,2021-04-30,200.0,Mercedes,9,1200.0,personnel,actif
CTR_001923,INS_002878,Tiers étendu,2020-12-25,220.5,Kia,6,4900.0,personnel,actif
CTR_001924,INS_002879,Tiers étendu,2023-09-11,625.5,Dacia,5,13900.0,personnel,actif
CTR_001925,INS_002882,Au tiers,2022-10-11,240.5,Opel,11,7400.0,professionnel,actif
CTR_001926,INS_002882,Au tiers,2025-10-17,227.5,Peugeot,2,9100.0,personnel,actif
CTR_001927,INS_002886,Tous risques,2025-02-11,858.0,Toyota,9,14300.0,personnel,actif
CTR_001928,INS_002887,Au tiers,2023-01-19,900.25,Skoda,4,27700.0,professionnel,actif
CTR_001929,INS_002892,Au tiers,2024-06-21,502.5,Tesla,4,20100.0,personnel,actif
CTR_001930,INS_002894,Tiers étendu,2023-01-03,408.82,Volkswagen,16,7900.0,mixte,actif
CTR_001931,INS_002896,Tous risques,2023-04-20,200.0,Audi,8,800.0,professionnel,actif
CTR_001932,INS_002896,Au tiers,2025-01-12,415.0,Volvo,4,16600.0,personnel,actif
CTR_001933,INS_002897,Au tiers,2022-07-20,490.75,Mercedes,8,15100.0,professionnel,actif
CTR_001934,INS_002898,Tiers étendu,2023-10-14,1030.5,Volkswagen,3,22900.0,personnel,actif
CTR_001935,INS_002899,Tous risques,2024-06-28,200.0,Jeep,14,800.0,professionnel,suspendu
CTR_001936,INS_002901,Tous risques + assistance,2023-04-27,277.5,Hyundai,9,3700.0,personnel,actif
CTR_001937,INS_002902,Tous risques,2023-01-18,996.0,Audi,4,16600.0,personnel,actif
CTR_001938,INS_002906,Au tiers,2022-02-23,200.0,Citroën,17,1400.0,personnel,actif
CTR_001939,INS_002907,Tous risques,2025-07-01,384.0,Skoda,5,6400.0,personnel,actif
CTR_001940,INS_002907,Au tiers,2024-11-02,252.5,Volvo,6,10100.0,personnel,actif
CTR_001941,INS_002908,Au tiers,2025-06-09,547.5,Dacia,5,21900.0,personnel,actif
CTR_001942,INS_002909,Au tiers,2020-11-18,200.0,Opel,14,4400.0,professionnel,actif
CTR_001943,INS_002910,Au tiers,2025-07-29,200.0,Dacia,8,800.0,personnel,actif
CTR_001944,INS_002912,Tiers étendu,2020-09-25,792.0,Ford,2,17600.0,personnel,actif
CTR_001945,INS_002914,Tous risques,2022-01-15,873.6,Citroën,5,11200.0,professionnel,actif
CTR_001946,INS_002917,Tous risques + assistance,2020-09-14,1131.0,Toyota,13,11600.0,professionnel,actif
CTR_001947,INS_002918,Tous risques,2025-04-01,642.0,Opel,15,10700.0,personnel,actif
CTR_001948,INS_002919,Tiers étendu,2021-06-18,432.0,Fiat,5,9600.0,personnel,actif
CTR_001949,INS_002921,Tiers étendu,2021-03-07,1314.45,Kia,5,25400.0,mixte,actif
CTR_001950,INS_002922,Tous risques,2024-04-09,678.0,Hyundai,4,11300.0,personnel,actif
CTR_001951,INS_002923,Tiers + vol/incendie,2024-11-06,633.5,Kia,2,18100.0,personnel,actif
CTR_001952,INS_002926,Tous risques + assistance,2023-07-09,817.5,Skoda,2,10900.0,personnel,actif
CTR_001953,INS_002927,Au tiers,2023-10-04,200.0,BMW,8,3800.0,professionnel,actif
CTR_001954,INS_002928,Tous risques,2023-09-22,840.0,Hyundai,7,14000.0,personnel,actif
CTR_001955,INS_002929,Tous risques,2020-08-07,200.0,Jeep,20,3000.0,personnel,actif
CTR_001956,INS_002931,Au tiers,2021-09-03,302.25,Toyota,5,9300.0,professionnel,résilié
CTR_001957,INS_002934,Au tiers,2026-01-13,437.5,Audi,2,17500.0,personnel,actif
CTR_001958,INS_002935,Tous risques,2024-03-22,690.0,Volkswagen,6,11500.0,personnel,actif
CTR_001959,INS_002936,Tous risques,2025-09-05,462.0,Skoda,13,7700.0,personnel,actif
CTR_001960,INS_002939,Au tiers,2021-06-01,917.5,BMW,3,36700.0,personnel,actif
CTR_001961,INS_002940,Tiers + vol/incendie,2022-04-17,200.0,Fiat,6,5500.0,personnel,actif
CTR_001962,INS_002941,Tous risques,2022-10-17,998.4,Renault,11,12800.0,professionnel,actif
CTR_001963,INS_002942,Tiers + vol/incendie,2024-12-17,752.5,Mercedes,6,21500.0,personnel,actif
CTR_001964,INS_002943,Tiers + vol/incendie,2020-09-05,664.3,Hyundai,3,14600.0,professionnel,actif
CTR_001965,INS_002944,Tous risques,2024-04-15,200.0,Kia,2,3200.0,personnel,suspendu
CTR_001966,INS_002945,Tiers étendu,2020-09-06,229.5,Kia,13,5100.0,personnel,actif
CTR_001967,INS_002947,Tiers étendu,2020-06-12,306.0,BMW,8,6800.0,personnel,actif
CTR_001968,INS_002950,Au tiers,2025-01-29,321.75,Citroën,6,9900.0,professionnel,actif
CTR_001969,INS_002951,Tous risques,2025-02-15,910.8,Kia,5,13200.0,mixte,actif
CTR_001970,INS_002955,Tous risques,2022-01-13,1206.0,Volvo,6,20100.0,personnel,actif
CTR_001971,INS_002956,Tiers étendu,2024-07-03,320.85,Peugeot,9,6200.0,mixte,actif
CTR_001972,INS_002956,Tiers + vol/incendie,2023-02-25,200.0,Fiat,3,4900.0,personnel,actif
CTR_001973,INS_002957,Tous risques,2022-06-26,564.0,BMW,9,9400.0,personnel,suspendu
CTR_001974,INS_002959,Au tiers,2024-02-24,338.0,Opel,1,10400.0,professionnel,actif
CTR_001975,INS_002962,Tous risques,2023-08-13,876.0,Tesla,11,14600.0,personnel,actif
CTR_001976,INS_002963,Tous risques,2024-09-26,1068.0,Seat,8,17800.0,personnel,actif
CTR_001977,INS_002964,Tous risques + assistance,2021-11-02,1914.75,Ford,6,22200.0,mixte,actif
CTR_001978,INS_002966,Tiers étendu,2022-12-09,200.0,Kia,4,3900.0,personnel,actif
CTR_001979,INS_002968,Tiers étendu,2023-06-05,783.0,Fiat,2,17400.0,personnel,suspendu
CTR_001980,INS_002969,Au tiers,2020-08-30,207.5,Volvo,8,8300.0,personnel,actif
CTR_001981,INS_002970,Tous risques,2025-09-23,514.8,BMW,7,6600.0,professionnel,actif
CTR_001982,INS_002971,Tous risques,2025-05-17,748.8,Opel,6,9600.0,professionnel,résilié
CTR_001983,INS_002972,Au tiers,2024-05-21,200.0,Ford,15,2700.0,personnel,actif
CTR_001984,INS_002973,Tous risques,2023-01-28,504.0,Peugeot,9,8400.0,personnel,actif
CTR_001985,INS_002976,Tiers étendu,2020-10-29,864.22,Toyota,2,16700.0,mixte,actif
CTR_001986,INS_002978,Tous risques,2025-08-16,1296.0,Toyota,5,21600.0,personnel,actif
CTR_001987,INS_002979,Au tiers,2022-04-12,200.0,Tesla,1,7100.0,personnel,actif
CTR_001988,INS_002981,Tiers étendu,2021-11-09,904.5,Tesla,2,20100.0,personnel,actif
CTR_001989,INS_002982,Tiers + vol/incendie,2022-01-30,200.0,Toyota,7,800.0,personnel,actif
CTR_001990,INS_002983,Tiers étendu,2020-10-03,328.5,Nissan,5,7300.0,personnel,actif
CTR_001991,INS_002985,Tiers + vol/incendie,2023-09-02,605.5,Audi,6,17300.0,personnel,actif
CTR_001992,INS_002986,Tous risques,2021-05-09,690.0,Renault,5,11500.0,personnel,actif
CTR_001993,INS_002987,Tous risques,2020-05-31,558.0,Toyota,7,9300.0,personnel,actif
CTR_001994,INS_002991,Au tiers,2021-10-21,317.5,Opel,4,12700.0,personnel,actif
CTR_001995,INS_002992,Tous risques,2024-05-04,972.9,Ford,9,14100.0,mixte,actif
CTR_001996,INS_002994,Tiers + vol/incendie,2021-05-30,556.5,Volkswagen,2,15900.0,personnel,actif
CTR_001997,INS_002995,Tiers étendu,2025-03-04,207.0,Opel,4,4600.0,personnel,actif
CTR_001998,INS_003003,Tous risques,2021-06-09,882.0,Renault,1,14700.0,personnel,actif
CTR_001999,INS_003005,Au tiers,2025-01-08,392.5,Toyota,6,15700.0,personnel,actif
CTR_002000,INS_003008,Tiers + vol/incendie,2024-11-01,266.0,Hyundai,10,7600.0,personnel,actif
CTR_002001,INS_003009,Tous risques,2024-07-04,1442.1,Audi,2,20900.0,mixte,actif
CTR_002002,INS_003009,Au tiers,2020-11-09,487.5,Ford,2,19500.0,personnel,actif
CTR_002003,INS_003011,Tiers étendu,2024-11-28,400.5,Audi,8,8900.0,personnel,actif
CTR_002004,INS_003012,Tous risques,2022-09-19,276.0,Toyota,10,4600.0,personnel,actif
CTR_002005,INS_003015,Tiers + vol/incendie,2021-02-15,200.0,Mercedes,4,3700.0,professionnel,actif
CTR_002006,INS_003016,Tous risques,2025-01-27,936.0,BMW,4,15600.0,personnel,actif
CTR_002007,INS_003017,Tiers étendu,2022-11-11,274.95,Kia,1,4700.0,professionnel,actif
CTR_002008,INS_003018,Tous risques,2022-11-21,200.0,Citroën,14,1700.0,professionnel,actif
CTR_002009,INS_003021,Tous risques + assistance,2020-06-13,562.5,Seat,3,7500.0,personnel,actif
CTR_002010,INS_003022,Tiers étendu,2023-08-15,657.0,Kia,3,14600.0,personnel,actif
CTR_002011,INS_003024,Tous risques,2024-06-15,792.0,Tesla,9,13200.0,personnel,actif
CTR_002012,INS_003027,Tous risques,2024-06-23,1368.0,Seat,4,22800.0,personnel,actif
CTR_002013,INS_003029,Tiers étendu,2024-04-14,679.5,Peugeot,5,15100.0,personnel,actif
CTR_002014,INS_003031,Tous risques,2024-08-08,336.0,Seat,7,5600.0,personnel,actif
CTR_002015,INS_003033,Tiers étendu,2026-05-03,495.0,Tesla,4,11000.0,personnel,actif
CTR_002016,INS_003035,Au tiers,2024-10-28,395.0,Kia,0,15800.0,personnel,actif
CTR_002017,INS_003037,Au tiers,2023-12-31,417.5,Jeep,6,16700.0,personnel,actif
CTR_002018,INS_003039,Tiers + vol/incendie,2023-03-11,308.0,Kia,6,8800.0,personnel,actif
CTR_002019,INS_003040,Tiers + vol/incendie,2023-06-17,546.0,Ford,6,12000.0,professionnel,résilié
CTR_002020,INS_003042,Tous risques,2024-08-19,538.2,Seat,2,6900.0,professionnel,actif
CTR_002021,INS_003043,Tous risques,2024-04-13,810.0,Jeep,7,13500.0,personnel,suspendu
CTR_002022,INS_003044,Au tiers,2022-12-19,340.0,Volkswagen,4,13600.0,personnel,actif
CTR_002023,INS_003045,Tiers étendu,2021-07-02,373.5,Fiat,1,8300.0,personnel,résilié
CTR_002024,INS_003046,Au tiers,2020-08-26,325.0,Kia,10,10000.0,professionnel,actif
CTR_002025,INS_003047,Tiers étendu,2022-07-08,832.5,Skoda,10,18500.0,personnel,actif
CTR_002026,INS_003047,Tous risques,2020-11-18,516.0,Mercedes,10,8600.0,personnel,suspendu
CTR_002027,INS_003049,Tiers + vol/incendie,2024-08-02,327.6,Fiat,5,7200.0,professionnel,actif
CTR_002028,INS_003051,Tous risques,2020-12-29,200.0,BMW,4,800.0,personnel,actif
CTR_002029,INS_003053,Tous risques,2020-09-12,798.0,Nissan,12,13300.0,personnel,actif
CTR_002030,INS_003055,Tous risques,2023-03-29,200.0,Audi,20,2100.0,professionnel,actif
CTR_002031,INS_003056,Tiers étendu,2020-06-13,351.9,Skoda,10,6800.0,mixte,actif
CTR_002032,INS_003057,Tous risques,2021-01-30,348.0,Tesla,17,5800.0,personnel,actif
CTR_002033,INS_003058,Tous risques + assistance,2021-11-05,1380.0,Toyota,8,18400.0,personnel,résilié
CTR_002034,INS_003059,Tous risques,2023-10-05,810.0,Mercedes,5,13500.0,personnel,résilié
CTR_002035,INS_003062,Au tiers,2025-08-16,278.88,Volvo,16,9700.0,mixte,suspendu
CTR_002036,INS_003063,Au tiers,2020-07-24,354.25,Renault,13,10900.0,professionnel,actif
CTR_002037,INS_003066,Tous risques,2024-04-27,270.0,Volkswagen,14,4500.0,personnel,actif
CTR_002038,INS_003067,Tiers + vol/incendie,2023-08-06,366.28,Skoda,14,9100.0,mixte,actif
CTR_002039,INS_003068,Au tiers,2024-01-14,365.12,Ford,5,12700.0,mixte,actif
CTR_002040,INS_003069,Au tiers,2021-01-08,245.0,Dacia,13,9800.0,personnel,résilié
CTR_002041,INS_003070,Tous risques,2021-09-11,1302.0,Hyundai,5,21700.0,personnel,actif
CTR_002042,INS_003071,Au tiers,2020-06-08,435.5,BMW,11,13400.0,professionnel,actif
CTR_002043,INS_003072,Tous risques,2022-08-16,330.0,Kia,14,5500.0,personnel,actif
CTR_002044,INS_003074,Tiers étendu,2024-12-25,837.0,Seat,3,18600.0,personnel,actif
CTR_002045,INS_003076,Tiers étendu,2025-09-08,927.0,Dacia,5,20600.0,personnel,actif
CTR_002046,INS_003079,Tiers étendu,2023-11-25,450.45,Volkswagen,6,7700.0,professionnel,suspendu
CTR_002047,INS_003081,Tiers + vol/incendie,2020-11-17,200.0,Toyota,9,3800.0,personnel,actif
CTR_002048,INS_003082,Tous risques,2021-12-26,912.0,Dacia,7,15200.0,personnel,actif
CTR_002049,INS_003083,Tiers + vol/incendie,2024-04-01,210.0,Ford,13,6000.0,personnel,actif
CTR_002050,INS_003083,Tous risques,2022-07-26,608.4,Hyundai,5,7800.0,professionnel,actif
CTR_002051,INS_003083,Tous risques + assistance,2026-01-02,592.5,BMW,6,7900.0,personnel,actif
CTR_002052,INS_003084,Tiers + vol/incendie,2022-12-01,368.55,Jeep,15,8100.0,professionnel,actif
CTR_002053,INS_003086,Au tiers,2023-03-26,200.0,Volkswagen,8,3600.0,personnel,actif
CTR_002054,INS_003087,Tiers étendu,2024-02-05,503.1,Peugeot,10,8600.0,professionnel,actif
CTR_002055,INS_003087,Tiers étendu,2022-06-17,207.0,Renault,4,4600.0,personnel,actif
CTR_002056,INS_003089,Tous risques,2022-09-25,304.2,Volkswagen,14,3900.0,professionnel,actif
CTR_002057,INS_003095,Tiers étendu,2021-01-31,269.1,Opel,19,4600.0,professionnel,actif
CTR_002058,INS_003096,Au tiers,2021-07-06,200.0,Mercedes,14,4800.0,personnel,actif
CTR_002059,INS_003097,Tous risques,2022-12-18,738.0,Fiat,4,12300.0,personnel,actif
CTR_002060,INS_003098,Au tiers,2020-11-12,452.5,Tesla,10,18100.0,personnel,actif
CTR_002061,INS_003100,Au tiers,2023-01-12,252.5,Fiat,8,10100.0,personnel,actif
CTR_002062,INS_003101,Tiers + vol/incendie,2024-10-19,200.0,Ford,8,800.0,professionnel,actif
CTR_002063,INS_003103,Tous risques,2025-04-05,972.9,Fiat,4,14100.0,mixte,actif
CTR_002064,INS_003104,Tiers + vol/incendie,2024-07-10,322.0,Volvo,3,9200.0,personnel,actif
CTR_002065,INS_003105,Tous risques,2024-06-13,930.0,Seat,1,15500.0,personnel,actif
CTR_002066,INS_003106,Au tiers,2023-05-26,200.0,Tesla,13,4800.0,personnel,actif
CTR_002067,INS_003107,Tiers étendu,2024-11-23,1556.1,Kia,3,26600.0,professionnel,actif
CTR_002068,INS_003109,Tiers + vol/incendie,2025-06-22,505.05,Jeep,1,11100.0,professionnel,actif
CTR_002069,INS_003111,Tous risques,2021-11-02,708.0,Mercedes,5,11800.0,personnel,actif
CTR_002070,INS_003113,Tous risques,2022-07-10,200.0,Skoda,17,3200.0,personnel,actif
CTR_002071,INS_003113,Tous risques + assistance,2021-01-13,577.5,Ford,6,7700.0,personnel,actif
CTR_002072,INS_003115,Tous risques,2024-11-06,1128.0,Skoda,0,18800.0,personnel,actif
CTR_002073,INS_003116,Tiers + vol/incendie,2024-12-25,290.5,Volkswagen,4,8300.0,personnel,actif
CTR_002074,INS_003117,Tous risques,2022-09-08,397.8,Opel,18,5100.0,professionnel,actif
CTR_002075,INS_003118,Tous risques,2025-01-20,1104.0,Volkswagen,4,18400.0,personnel,actif
CTR_002076,INS_003119,Au tiers,2023-08-29,275.0,Peugeot,8,11000.0,personnel,actif
CTR_002077,INS_003120,Tous risques,2026-01-13,1186.8,Volvo,2,17200.0,mixte,actif
CTR_002078,INS_003125,Tiers étendu,2022-08-18,301.5,Audi,15,6700.0,personnel,actif
CTR_002079,INS_003126,Tous risques,2023-05-13,684.0,Nissan,4,11400.0,personnel,actif
CTR_002080,INS_003129,Tous risques,2023-02-24,1146.0,Nissan,4,19100.0,personnel,actif
CTR_002081,INS_003130,Au tiers,2021-07-27,243.75,Skoda,7,7500.0,professionnel,actif
CTR_002082,INS_003131,Tous risques + assistance,2025-06-21,1125.0,Dacia,0,15000.0,personnel,actif
CTR_002083,INS_003133,Au tiers,2023-07-18,200.0,Jeep,10,2800.0,personnel,actif
CTR_002084,INS_003134,Tous risques,2024-11-17,738.0,Seat,16,12300.0,personnel,actif
CTR_002085,INS_003135,Tiers étendu,2025-05-02,540.0,Skoda,1,12000.0,personnel,actif
CTR_002086,INS_003137,Tous risques,2020-09-03,1099.8,Mercedes,8,14100.0,professionnel,actif
CTR_002087,INS_003138,Tiers + vol/incendie,2024-10-09,200.0,Toyota,17,5000.0,personnel,actif
CTR_002088,INS_003139,Tous risques,2021-09-13,342.0,Peugeot,6,5700.0,personnel,actif
CTR_002089,INS_003141,Tous risques,2024-04-29,876.0,Ford,4,14600.0,personnel,actif
CTR_002090,INS_003142,Tous risques,2024-09-12,210.0,Tesla,18,3500.0,personnel,actif
CTR_002091,INS_003143,Tous risques,2026-02-16,942.0,Tesla,1,15700.0,personnel,résilié
CTR_002092,INS_003144,Au tiers,2024-05-25,200.0,Dacia,5,800.0,professionnel,résilié
CTR_002093,INS_003146,Tiers étendu,2026-03-01,553.5,Jeep,5,12300.0,personnel,actif
CTR_002094,INS_003148,Tous risques + assistance,2022-03-17,916.5,Hyundai,7,9400.0,professionnel,actif
CTR_002095,INS_003149,Tiers étendu,2025-02-13,1055.7,Renault,4,20400.0,mixte,actif
CTR_002096,INS_003150,Tiers + vol/incendie,2025-09-16,987.35,Toyota,1,21700.0,professionnel,actif
CTR_002097,INS_003151,Tous risques,2021-06-14,200.0,Skoda,8,2200.0,professionnel,actif
CTR_002098,INS_003152,Tous risques + assistance,2022-12-10,1005.0,Volvo,2,13400.0,personnel,actif
CTR_002099,INS_003155,Au tiers,2024-10-04,200.0,Audi,7,1200.0,mixte,actif
CTR_002100,INS_003156,Au tiers,2020-05-26,1004.25,BMW,5,30900.0,professionnel,actif
CTR_002101,INS_003157,Au tiers,2026-02-07,200.0,BMW,12,6000.0,professionnel,actif
CTR_002102,INS_003158,Tous risques,2021-01-21,618.0,Skoda,5,10300.0,personnel,actif
CTR_002103,INS_003159,Tous risques,2025-03-24,714.0,Jeep,13,11900.0,personnel,actif
CTR_002104,INS_003159,Tous risques,2022-11-22,725.4,Seat,11,9300.0,professionnel,actif
CTR_002105,INS_003160,Au tiers,2020-12-23,425.0,Audi,3,17000.0,personnel,actif
CTR_002106,INS_003161,Tiers étendu,2022-03-09,274.5,Nissan,12,6100.0,personnel,actif
CTR_002107,INS_003163,Tous risques + assistance,2024-02-26,1209.0,Volkswagen,4,12400.0,professionnel,actif
CTR_002108,INS_003164,Tiers étendu,2021-01-04,848.25,Peugeot,2,14500.0,professionnel,résilié
CTR_002109,INS_003166,Tous risques + assistance,2021-07-05,1380.0,Peugeot,6,18400.0,personnel,actif
CTR_002110,INS_003168,Tiers étendu,2023-06-19,391.5,Opel,10,8700.0,personnel,actif
CTR_002111,INS_003171,Tous risques,2021-01-26,200.0,Volvo,12,800.0,personnel,actif
CTR_002112,INS_003171,Tous risques,2022-10-11,228.0,Jeep,6,3800.0,personnel,actif
CTR_002113,INS_003171,Tous risques,2023-08-03,200.0,Opel,20,800.0,personnel,actif
CTR_002114,INS_003172,Tous risques,2022-12-04,408.0,Ford,17,6800.0,personnel,actif
CTR_002115,INS_003174,Au tiers,2025-09-19,332.5,Volvo,10,13300.0,personnel,actif
CTR_002116,INS_003175,Tiers étendu,2022-11-21,778.5,Volkswagen,7,17300.0,personnel,actif
CTR_002117,INS_003176,Au tiers,2023-04-09,200.0,Dacia,15,5200.0,mixte,actif
CTR_002118,INS_003178,Au tiers,2025-06-12,200.0,Volkswagen,3,8000.0,personnel,actif
CTR_002119,INS_003179,Tiers étendu,2022-09-22,926.32,BMW,6,17900.0,mixte,actif
CTR_002120,INS_003180,Tous risques,2022-08-29,828.0,Tesla,2,13800.0,personnel,actif
CTR_002121,INS_003182,Tous risques,2026-04-04,920.4,Dacia,3,11800.0,professionnel,actif
CTR_002122,INS_003183,Tiers + vol/incendie,2022-09-21,252.0,Seat,8,7200.0,personnel,actif
CTR_002123,INS_003184,Au tiers,2023-06-17,200.0,Mercedes,12,5700.0,personnel,actif
CTR_002124,INS_003186,Tous risques + assistance,2023-04-18,1200.0,Volvo,1,16000.0,personnel,résilié
CTR_002125,INS_003188,Tiers + vol/incendie,2020-07-11,200.0,Peugeot,12,4300.0,professionnel,actif
CTR_002126,INS_003189,Tous risques,2022-08-29,858.0,Kia,8,14300.0,personnel,actif
CTR_002127,INS_003191,Tiers étendu,2023-10-01,965.25,Mercedes,5,16500.0,professionnel,actif
CTR_002128,INS_003192,Au tiers,2026-03-01,520.0,BMW,2,16000.0,professionnel,actif
CTR_002129,INS_003193,Tiers étendu,2020-05-31,774.0,Tesla,5,17200.0,personnel,actif
CTR_002130,INS_003194,Tiers + vol/incendie,2022-01-24,308.0,Volkswagen,9,8800.0,personnel,actif
CTR_002131,INS_003198,Tous risques,2021-09-18,663.0,Citroën,6,8500.0,professionnel,actif
CTR_002132,INS_003198,Tous risques + assistance,2024-06-29,202.5,Peugeot,17,2700.0,personnel,actif
CTR_002133,INS_003200,Tiers étendu,2025-12-01,639.0,Seat,10,14200.0,personnel,actif
CTR_002134,INS_003202,Tiers + vol/incendie,2021-10-06,293.82,Renault,6,7300.0,mixte,actif
CTR_002135,INS_003204,Tiers étendu,2024-10-08,238.5,Mercedes,8,5300.0,personnel,actif
CTR_002136,INS_003207,Tiers + vol/incendie,2024-07-14,732.55,Volvo,7,16100.0,professionnel,actif
CTR_002137,INS_003208,Tous risques,2020-11-13,200.0,Opel,7,1200.0,personnel,actif
CTR_002138,INS_003210,Tiers + vol/incendie,2022-06-18,200.0,Fiat,1,5500.0,personnel,actif
CTR_002139,INS_003211,Tous risques,2026-04-01,200.0,Tesla,9,2900.0,personnel,actif
CTR_002140,INS_003211,Tiers + vol/incendie,2024-11-16,1087.45,Opel,3,23900.0,professionnel,actif
CTR_002141,INS_003212,Tiers + vol/incendie,2021-04-07,200.0,Audi,11,5100.0,personnel,actif
CTR_002142,INS_003213,Tous risques,2026-02-15,1320.0,Volkswagen,3,22000.0,personnel,actif
CTR_002143,INS_003215,Au tiers,2026-04-28,200.0,BMW,16,6400.0,personnel,actif
CTR_002144,INS_003217,Tous risques,2023-12-17,402.0,Tesla,1,6700.0,personnel,actif
CTR_002145,INS_003218,Au tiers,2024-05-12,340.0,Skoda,9,13600.0,personnel,actif
CTR_002146,INS_003218,Tiers + vol/incendie,2021-05-27,756.7,Seat,7,18800.0,mixte,actif
CTR_002147,INS_003219,Tous risques,2026-01-02,920.4,Dacia,7,11800.0,professionnel,actif
CTR_002148,INS_003222,Au tiers,2022-09-11,200.0,Jeep,4,800.0,professionnel,actif
CTR_002149,INS_003224,Tous risques,2023-12-26,310.5,Jeep,13,4500.0,mixte,actif
CTR_002150,INS_003228,Au tiers,2022-01-28,591.5,Peugeot,7,18200.0,professionnel,actif
CTR_002151,INS_003229,Tiers + vol/incendie,2020-08-28,200.0,Ford,5,5600.0,personnel,actif
CTR_002152,INS_003230,Au tiers,2021-12-24,200.0,Mercedes,17,1600.0,professionnel,résilié
CTR_002153,INS_003232,Tous risques,2022-08-29,1344.0,Kia,0,22400.0,personnel,suspendu
CTR_002154,INS_003234,Tiers étendu,2026-01-06,639.0,Kia,10,14200.0,personnel,actif
CTR_002155,INS_003235,Tous risques,2021-04-08,876.0,Fiat,7,14600.0,personnel,actif
CTR_002156,INS_003236,Tous risques,2020-12-17,300.0,Seat,11,5000.0,personnel,actif
CTR_002157,INS_003237,Tous risques,2023-08-28,858.0,Mercedes,5,14300.0,personnel,actif
CTR_002158,INS_003238,Tous risques,2021-06-02,552.0,Fiat,5,9200.0,personnel,actif
CTR_002159,INS_003239,Au tiers,2023-06-24,200.0,Kia,5,800.0,personnel,actif
CTR_002160,INS_003241,Tous risques,2022-01-30,924.6,Peugeot,4,13400.0,mixte,actif
CTR_002161,INS_003241,Tous risques,2021-02-20,366.0,Dacia,8,6100.0,personnel,actif
CTR_002162,INS_003242,Tous risques + assistance,2021-07-20,1667.25,Opel,3,17100.0,professionnel,actif
CTR_002163,INS_003243,Au tiers,2020-12-02,200.0,BMW,20,6500.0,personnel,actif
CTR_002164,INS_003245,Tiers étendu,2021-01-30,200.0,Toyota,8,800.0,personnel,actif
CTR_002165,INS_003246,Tiers étendu,2024-07-29,283.5,Audi,4,6300.0,personnel,actif
CTR_002166,INS_003247,Tous risques,2025-01-11,546.0,Dacia,14,9100.0,personnel,actif
CTR_002167,INS_003249,Tiers + vol/incendie,2026-01-26,200.0,BMW,9,3400.0,personnel,suspendu
CTR_002168,INS_003252,Tiers étendu,2024-04-22,508.5,Hyundai,8,11300.0,personnel,actif
CTR_002169,INS_003253,Tous risques,2025-06-25,870.0,Tesla,5,14500.0,personnel,actif
CTR_002170,INS_003256,Au tiers,2023-04-12,340.0,Toyota,8,13600.0,personnel,actif
CTR_002171,INS_003259,Tous risques,2024-06-16,2254.2,Peugeot,3,28900.0,professionnel,actif
CTR_002172,INS_003259,Tiers étendu,2023-07-21,229.5,Citroën,13,5100.0,personnel,actif
CTR_002173,INS_003259,Au tiers,2024-10-08,200.0,BMW,7,2500.0,personnel,actif
CTR_002174,INS_003260,Tiers + vol/incendie,2025-05-31,875.0,Tesla,3,25000.0,personnel,actif
CTR_002175,INS_003262,Tous risques,2023-07-09,959.1,Ford,8,13900.0,mixte,actif
CTR_002176,INS_003264,Tous risques,2021-11-28,397.8,Kia,17,5100.0,professionnel,actif
CTR_002177,INS_003265,Tiers étendu,2023-11-09,211.5,Nissan,17,4700.0,personnel,actif
CTR_002178,INS_003266,Au tiers,2025-10-05,507.5,Peugeot,4,20300.0,personnel,actif
CTR_002179,INS_003268,Tous risques,2023-11-20,1422.0,Hyundai,0,23700.0,personnel,actif
CTR_002180,INS_003269,Tiers + vol/incendie,2023-02-02,712.43,Ford,3,17700.0,mixte,suspendu
CTR_002181,INS_003272,Tous risques + assistance,2023-12-31,1830.0,BMW,2,24400.0,personnel,actif
CTR_002182,INS_003274,Tiers étendu,2022-04-16,1340.32,Opel,1,25900.0,mixte,actif
CTR_002183,INS_003275,Tous risques,2025-12-22,1158.0,Mercedes,2,19300.0,personnel,résilié
CTR_002184,INS_003278,Tous risques,2021-03-16,480.0,Hyundai,9,8000.0,personnel,actif
CTR_002185,INS_003279,Tiers + vol/incendie,2023-05-04,353.5,Renault,10,10100.0,personnel,actif
CTR_002186,INS_003280,Tous risques,2021-01-21,438.0,Seat,4,7300.0,personnel,actif
CTR_002187,INS_003282,Au tiers,2023-09-03,527.5,Hyundai,7,21100.0,personnel,actif
CTR_002188,INS_003285,Au tiers,2022-11-07,222.5,Opel,4,8900.0,personnel,actif
CTR_002189,INS_003286,Tous risques,2022-05-30,200.0,Volvo,16,800.0,personnel,actif
CTR_002190,INS_003287,Tiers étendu,2022-11-25,940.5,Volvo,6,20900.0,personnel,actif
CTR_002191,INS_003288,Au tiers,2023-07-01,200.0,Ford,13,4400.0,professionnel,actif
CTR_002192,INS_003289,Au tiers,2020-12-18,605.0,Citroën,2,24200.0,personnel,actif
CTR_002193,INS_003291,Tiers + vol/incendie,2024-02-12,448.0,Peugeot,2,12800.0,personnel,actif
CTR_002194,INS_003291,Tiers étendu,2024-05-16,906.75,Toyota,6,15500.0,professionnel,actif
CTR_002195,INS_003292,Tiers + vol/incendie,2026-05-13,297.5,Volvo,16,8500.0,personnel,actif
CTR_002196,INS_003293,Tous risques,2025-09-29,396.0,BMW,0,6600.0,personnel,actif
CTR_002197,INS_003296,Au tiers,2020-06-14,200.0,Kia,8,5700.0,personnel,actif
CTR_002198,INS_003300,Tous risques,2020-11-09,450.0,Peugeot,7,7500.0,personnel,actif
CTR_002199,INS_003301,Tous risques,2021-08-30,1128.0,Renault,8,18800.0,personnel,actif
CTR_002200,INS_003302,Tous risques + assistance,2025-03-14,1035.0,Audi,3,13800.0,personnel,actif
CTR_002201,INS_003303,Tiers + vol/incendie,2025-07-09,200.0,Volvo,17,1300.0,personnel,actif
CTR_002202,INS_003304,Tous risques,2025-08-02,1146.0,Fiat,2,19100.0,personnel,actif
CTR_002203,INS_003305,Au tiers,2022-04-11,200.0,Toyota,13,7000.0,personnel,actif
CTR_002204,INS_003306,Tiers étendu,2025-07-25,819.0,Tesla,9,18200.0,personnel,actif
CTR_002205,INS_003307,Tous risques,2020-12-18,1162.2,BMW,5,14900.0,professionnel,actif
CTR_002206,INS_003311,Tiers étendu,2022-11-04,328.5,Citroën,4,7300.0,personnel,actif
CTR_002207,INS_003312,Tous risques,2025-05-15,828.0,Mercedes,13,13800.0,personnel,actif
CTR_002208,INS_003313,Au tiers,2021-05-28,200.0,Audi,20,3500.0,personnel,actif
CTR_002209,INS_003314,Tous risques,2023-03-01,1162.2,Audi,6,14900.0,professionnel,actif
CTR_002210,INS_003315,Au tiers,2026-02-15,200.0,Ford,5,800.0,personnel,actif
CTR_002211,INS_003317,Au tiers,2025-05-23,546.0,BMW,5,16800.0,professionnel,actif
CTR_002212,INS_003317,Tous risques,2023-02-01,1638.0,Fiat,4,27300.0,personnel,actif
CTR_002213,INS_003320,Tiers étendu,2021-06-19,396.0,Seat,10,8800.0,personnel,actif
CTR_002214,INS_003321,Tiers + vol/incendie,2025-08-06,200.0,Tesla,12,1700.0,personnel,actif
CTR_002215,INS_003322,Tous risques + assistance,2022-11-18,690.0,Citroën,3,9200.0,personnel,actif
CTR_002216,INS_003324,Tous risques + assistance,2022-11-28,870.0,Volkswagen,10,11600.0,personnel,actif
CTR_002217,INS_003325,Tiers + vol/incendie,2022-03-24,200.0,Dacia,4,2600.0,personnel,actif
CTR_002218,INS_003326,Tiers + vol/incendie,2022-11-10,259.0,Hyundai,3,7400.0,personnel,actif
CTR_002219,INS_003329,Tous risques,2023-04-29,984.0,Peugeot,5,16400.0,personnel,actif
CTR_002220,INS_003330,Tous risques + assistance,2023-10-05,838.5,Peugeot,13,8600.0,professionnel,actif
CTR_002221,INS_003332,Tiers étendu,2020-10-27,247.5,Toyota,13,5500.0,personnel,actif
CTR_002222,INS_003334,Tous risques + assistance,2023-11-03,253.5,Nissan,15,2600.0,professionnel,actif
CTR_002223,INS_003335,Tous risques,2025-09-29,200.0,Seat,5,2400.0,personnel,actif
CTR_002224,INS_003336,Tous risques,2023-07-20,945.3,Peugeot,6,13700.0,mixte,actif
CTR_002225,INS_003337,Tiers étendu,2024-07-14,200.0,Jeep,15,3700.0,personnel,actif
CTR_002226,INS_003338,Au tiers,2023-12-08,470.0,BMW,7,18800.0,personnel,actif
CTR_002227,INS_003340,Tiers étendu,2023-11-18,724.5,Volvo,3,16100.0,personnel,actif
CTR_002228,INS_003340,Tous risques,2023-11-28,372.0,Seat,4,6200.0,personnel,actif
CTR_002229,INS_003341,Tous risques,2022-09-30,876.0,Citroën,7,14600.0,personnel,actif
CTR_002230,INS_003343,Au tiers,2026-04-06,485.87,Kia,8,16900.0,mixte,actif
CTR_002231,INS_003344,Au tiers,2021-05-25,437.5,Fiat,5,17500.0,personnel,actif
CTR_002232,INS_003345,Tous risques,2020-09-05,1338.0,Toyota,0,22300.0,personnel,actif
CTR_002233,INS_003346,Tous risques,2024-12-23,752.1,Mercedes,8,10900.0,mixte,actif
CTR_002234,INS_003347,Tous risques,2024-04-02,1294.8,Volkswagen,5,16600.0,professionnel,actif
CTR_002235,INS_003348,Tous risques,2020-06-22,930.0,Dacia,6,15500.0,personnel,actif
CTR_002236,INS_003353,Tous risques,2020-11-09,1278.0,Ford,2,21300.0,personnel,suspendu
CTR_002237,INS_003354,Tous risques + assistance,2026-05-05,1320.0,Peugeot,7,17600.0,personnel,actif
CTR_002238,INS_003354,Tous risques,2022-06-26,842.4,Fiat,10,10800.0,professionnel,actif
CTR_002239,INS_003354,Au tiers,2025-03-02,373.75,Renault,4,13000.0,mixte,actif
CTR_002240,INS_003355,Tiers étendu,2024-07-27,589.95,Jeep,6,11400.0,mixte,actif
CTR_002241,INS_003356,Tous risques,2021-01-31,708.0,Tesla,7,11800.0,personnel,actif
CTR_002242,INS_003358,Tiers étendu,2021-09-22,200.0,Opel,3,4400.0,personnel,actif
CTR_002243,INS_003359,Tiers + vol/incendie,2026-04-19,493.5,Volvo,5,14100.0,personnel,actif
CTR_002244,INS_003361,Tous risques,2021-07-25,1578.0,Mercedes,6,26300.0,personnel,actif
CTR_002245,INS_003365,Tous risques,2025-12-02,618.0,Ford,4,10300.0,personnel,actif
CTR_002246,INS_003367,Au tiers,2025-03-17,495.0,Nissan,2,19800.0,personnel,actif
CTR_002247,INS_003368,Tous risques,2021-11-06,1146.0,Kia,3,19100.0,personnel,actif
CTR_002248,INS_003369,Tiers étendu,2023-03-21,778.05,Renault,7,13300.0,professionnel,suspendu
CTR_002249,INS_003369,Tous risques,2025-07-24,434.7,Jeep,7,6300.0,mixte,actif
CTR_002250,INS_003370,Tiers + vol/incendie,2022-05-16,416.5,Tesla,8,11900.0,personnel,actif
CTR_002251,INS_003371,Tiers étendu,2023-11-13,243.0,Jeep,9,5400.0,personnel,actif
CTR_002252,INS_003373,Tiers étendu,2024-12-02,1210.95,Audi,4,20700.0,professionnel,actif
CTR_002253,INS_003375,Tiers + vol/incendie,2020-09-01,346.5,Volvo,4,9900.0,personnel,actif
CTR_002254,INS_003376,Au tiers,2024-07-13,442.5,BMW,3,17700.0,personnel,actif
CTR_002255,INS_003378,Au tiers,2025-05-28,200.0,Jeep,2,4800.0,personnel,actif
CTR_002256,INS_003379,Tous risques,2021-11-07,372.0,Seat,12,6200.0,personnel,actif
CTR_002257,INS_003380,Au tiers,2024-06-06,200.0,Renault,15,5800.0,personnel,actif
CTR_002258,INS_003381,Tiers étendu,2024-01-02,580.5,Seat,5,12900.0,personnel,actif
CTR_002259,INS_003386,Tous risques,2024-11-22,1230.0,Nissan,2,20500.0,personnel,actif
CTR_002260,INS_003388,Tiers étendu,2022-08-17,1193.4,Ford,3,20400.0,professionnel,actif
CTR_002261,INS_003388,Tous risques,2025-01-20,200.0,Jeep,16,3000.0,personnel,actif
CTR_002262,INS_003389,Tous risques + assistance,2023-06-02,2301.0,Mercedes,6,23600.0,professionnel,actif
CTR_002263,INS_003390,Au tiers,2022-06-12,280.0,Nissan,7,11200.0,personnel,actif
CTR_002264,INS_003391,Tous risques,2022-12-03,200.0,Nissan,19,1900.0,personnel,suspendu
CTR_002265,INS_003393,Tiers étendu,2026-03-15,842.4,Ford,7,14400.0,professionnel,actif
CTR_002266,INS_003394,Tous risques,2025-08-07,200.0,Volvo,20,800.0,personnel,actif
CTR_002267,INS_003397,Au tiers,2024-06-23,364.0,Dacia,4,11200.0,professionnel,actif
CTR_002268,INS_003399,Tous risques + assistance,2025-11-24,810.0,Renault,9,10800.0,personnel,actif
CTR_002269,INS_003402,Tiers étendu,2023-09-08,634.5,BMW,6,14100.0,personnel,actif
CTR_002270,INS_003406,Au tiers,2025-05-19,432.5,Tesla,4,17300.0,personnel,actif
CTR_002271,INS_003407,Tous risques + assistance,2021-04-25,1140.0,Tesla,3,15200.0,personnel,actif
CTR_002272,INS_003407,Tous risques,2025-07-01,384.0,Seat,6,6400.0,personnel,actif
CTR_002273,INS_003408,Au tiers,2026-05-23,334.75,Opel,9,10300.0,professionnel,actif
CTR_002274,INS_003409,Tiers + vol/incendie,2021-09-14,200.0,Nissan,2,2600.0,personnel,actif
CTR_002275,INS_003410,Au tiers,2024-03-09,435.5,Tesla,10,13400.0,professionnel,actif
CTR_002276,INS_003411,Tiers étendu,2021-04-08,594.0,Mercedes,1,13200.0,personnel,actif
CTR_002277,INS_003414,Au tiers,2022-04-30,620.0,Mercedes,6,24800.0,personnel,actif
CTR_002278,INS_003415,Tous risques,2026-02-28,496.8,Volkswagen,4,7200.0,mixte,actif
CTR_002279,INS_003420,Tiers étendu,2022-06-13,639.0,Toyota,7,14200.0,personnel,actif
CTR_002280,INS_003421,Tous risques,2023-01-09,436.8,Skoda,3,5600.0,professionnel,actif
CTR_002281,INS_003422,Tous risques + assistance,2022-01-11,997.5,Kia,6,13300.0,personnel,actif
CTR_002282,INS_003423,Tiers étendu,2025-05-25,202.5,Fiat,20,4500.0,personnel,actif
CTR_002283,INS_003424,Tous risques,2024-08-06,1154.4,Opel,4,14800.0,professionnel,actif
CTR_002284,INS_003425,Tiers étendu,2021-07-02,306.0,BMW,5,6800.0,personnel,actif
CTR_002285,INS_003427,Tous risques,2023-09-28,480.0,Jeep,10,8000.0,personnel,actif
CTR_002286,INS_003429,Tiers + vol/incendie,2025-08-31,500.5,Nissan,6,11000.0,professionnel,actif
CTR_002287,INS_003430,Au tiers,2024-03-03,375.0,Renault,2,15000.0,personnel,actif
CTR_002288,INS_003431,Tous risques,2025-06-15,624.0,Dacia,7,10400.0,personnel,actif
CTR_002289,INS_003432,Au tiers,2025-10-24,200.0,Volkswagen,2,6900.0,mixte,actif
CTR_002290,INS_003433,Au tiers,2025-05-20,200.0,Audi,6,5000.0,personnel,actif
CTR_002291,INS_003435,Tiers + vol/incendie,2025-05-22,276.5,Dacia,1,7900.0,personnel,actif
CTR_002292,INS_003436,Tous risques,2025-08-08,296.7,Jeep,9,4300.0,mixte,actif
CTR_002293,INS_003437,Tiers + vol/incendie,2025-10-13,277.55,Ford,4,6100.0,professionnel,actif
CTR_002294,INS_003438,Au tiers,2025-10-27,200.0,Ford,11,2500.0,personnel,actif
CTR_002295,INS_003439,Tiers étendu,2021-01-12,520.65,Mercedes,4,8900.0,professionnel,actif
CTR_002296,INS_003440,Tiers + vol/incendie,2024-08-12,1028.3,Fiat,1,22600.0,professionnel,actif
CTR_002297,INS_003441,Au tiers,2021-06-28,500.5,Audi,8,15400.0,professionnel,actif
CTR_002298,INS_003442,Tous risques,2021-07-10,327.6,Peugeot,10,4200.0,professionnel,actif
CTR_002299,INS_003444,Tous risques,2025-04-06,1614.0,Renault,4,26900.0,personnel,actif
CTR_002300,INS_003445,Tiers étendu,2021-02-15,283.5,Mercedes,12,6300.0,personnel,actif
CTR_002301,INS_003446,Au tiers,2023-08-25,200.0,Tesla,1,800.0,personnel,actif
CTR_002302,INS_003448,Tous risques + assistance,2021-10-18,200.0,Hyundai,17,1800.0,mixte,actif
CTR_002303,INS_003450,Tiers + vol/incendie,2023-12-26,200.0,Seat,4,4500.0,personnel,actif
CTR_002304,INS_003454,Tous risques + assistance,2022-07-18,442.5,Fiat,6,5900.0,personnel,actif
CTR_002305,INS_003457,Tous risques,2020-12-24,975.0,Tesla,5,12500.0,professionnel,actif
CTR_002306,INS_003459,Tous risques,2021-08-23,222.0,Volvo,16,3700.0,personnel,actif
CTR_002307,INS_003460,Tous risques,2025-01-11,264.0,Skoda,8,4400.0,personnel,actif
CTR_002308,INS_003461,Tous risques,2021-11-27,384.0,Volkswagen,16,6400.0,personnel,actif
CTR_002309,INS_003463,Au tiers,2021-10-19,513.5,Audi,6,15800.0,professionnel,actif
CTR_002310,INS_003467,Tous risques,2022-04-12,384.0,Skoda,10,6400.0,personnel,actif
CTR_002311,INS_003467,Tiers étendu,2021-09-13,801.0,Jeep,4,17800.0,personnel,actif
CTR_002312,INS_003468,Au tiers,2020-09-17,200.0,Ford,15,5800.0,professionnel,actif
CTR_002313,INS_003470,Tous risques,2021-11-07,1122.0,BMW,0,18700.0,personnel,actif
CTR_002314,INS_003474,Tous risques,2025-10-06,1903.2,Kia,0,24400.0,professionnel,actif
CTR_002315,INS_003475,Tiers + vol/incendie,2025-03-14,283.5,Audi,12,8100.0,personnel,actif
CTR_002316,INS_003481,Au tiers,2023-12-25,302.25,Kia,9,9300.0,professionnel,actif
CTR_002317,INS_003484,Tiers + vol/incendie,2023-07-11,200.0,Renault,7,2900.0,professionnel,actif
CTR_002318,INS_003485,Tous risques,2024-10-25,1788.0,Opel,0,29800.0,personnel,actif
CTR_002319,INS_003486,Tiers étendu,2025-01-17,310.5,Audi,8,6900.0,personnel,actif
CTR_002320,INS_003491,Tous risques,2024-02-16,745.2,Toyota,6,10800.0,mixte,actif
CTR_002321,INS_003493,Au tiers,2024-04-19,377.5,Ford,4,15100.0,personnel,actif
CTR_002322,INS_003494,Tiers étendu,2022-12-20,459.0,Jeep,4,10200.0,personnel,actif
CTR_002323,INS_003496,Tiers + vol/incendie,2024-05-13,200.0,Hyundai,7,2300.0,professionnel,actif
CTR_002324,INS_003498,Tiers + vol/incendie,2022-07-27,588.0,Jeep,3,16800.0,personnel,actif
CTR_002325,INS_003500,Au tiers,2025-02-15,322.0,Hyundai,5,11200.0,mixte,actif
CTR_002326,INS_003501,Tiers + vol/incendie,2023-08-17,458.5,Kia,14,13100.0,personnel,actif
CTR_002327,INS_003505,Tous risques,2021-03-18,200.0,Toyota,13,2100.0,personnel,actif
CTR_002328,INS_003506,Tous risques,2022-01-23,852.0,Seat,3,14200.0,personnel,actif
CTR_002329,INS_003507,Tous risques,2024-10-09,978.0,Volkswagen,6,16300.0,personnel,actif
CTR_002330,INS_003512,Tiers étendu,2023-10-09,612.0,Jeep,8,13600.0,personnel,actif
CTR_002331,INS_003515,Tous risques,2024-11-21,972.0,Volvo,6,16200.0,personnel,actif
CTR_002332,INS_003516,Tous risques,2024-01-11,654.0,Citroën,0,10900.0,personnel,actif
CTR_002333,INS_003517,Tous risques,2021-06-14,420.0,Ford,9,7000.0,personnel,actif
CTR_002334,INS_003518,Tous risques,2021-01-15,1173.0,BMW,4,17000.0,mixte,actif
CTR_002335,INS_003519,Au tiers,2023-04-19,460.0,Opel,2,18400.0,personnel,suspendu
CTR_002336,INS_003520,Tous risques,2025-01-20,200.0,Ford,4,800.0,mixte,actif
CTR_002337,INS_003524,Tous risques,2021-07-11,616.2,Volvo,6,7900.0,professionnel,actif
CTR_002338,INS_003526,Tous risques,2024-04-20,517.5,Fiat,3,7500.0,mixte,actif
CTR_002339,INS_003527,Tiers étendu,2024-12-16,200.0,Seat,3,1900.0,personnel,actif
CTR_002340,INS_003528,Au tiers,2020-12-14,202.5,Peugeot,6,8100.0,personnel,résilié
CTR_002341,INS_003530,Tiers étendu,2022-10-19,279.0,Audi,10,6200.0,personnel,actif
CTR_002342,INS_003532,Tiers + vol/incendie,2020-10-13,500.5,Hyundai,3,11000.0,professionnel,actif
CTR_002343,INS_003533,Tous risques + assistance,2025-08-29,450.0,Dacia,6,6000.0,personnel,actif
CTR_002344,INS_003534,Tous risques,2021-09-09,762.0,Jeep,3,12700.0,personnel,actif
CTR_002345,INS_003535,Tous risques,2024-02-16,894.0,Mercedes,2,14900.0,personnel,actif
CTR_002346,INS_003536,Tous risques + assistance,2021-07-19,607.5,Opel,4,8100.0,personnel,actif
CTR_002347,INS_003537,Tiers + vol/incendie,2022-12-20,532.0,Dacia,6,15200.0,personnel,actif
CTR_002348,INS_003538,Tiers + vol/incendie,2020-07-27,311.5,Jeep,4,8900.0,personnel,actif
CTR_002349,INS_003539,Tous risques,2024-07-20,1494.0,Volvo,3,24900.0,personnel,actif
CTR_002350,INS_003540,Tiers étendu,2021-02-14,315.0,Nissan,12,7000.0,personnel,actif
CTR_002351,INS_003543,Tiers + vol/incendie,2024-05-03,464.1,Ford,7,10200.0,professionnel,actif
CTR_002352,INS_003544,Tous risques,2024-08-20,576.0,Peugeot,10,9600.0,personnel,actif
CTR_002353,INS_003544,Au tiers,2026-03-30,318.5,Citroën,11,9800.0,professionnel,actif
CTR_002354,INS_003547,Tiers étendu,2024-08-19,200.0,Kia,7,800.0,personnel,actif
CTR_002355,INS_003549,Au tiers,2021-06-23,525.0,Jeep,9,21000.0,personnel,actif
CTR_002356,INS_003550,Au tiers,2021-03-11,200.0,Mercedes,11,7700.0,personnel,actif
CTR_002357,INS_003552,Tous risques,2021-06-05,200.0,BMW,10,800.0,personnel,actif
CTR_002358,INS_003552,Tiers + vol/incendie,2021-06-03,294.0,Seat,17,8400.0,personnel,actif
CTR_002359,INS_003553,Tous risques,2025-07-02,420.9,Volkswagen,8,6100.0,mixte,actif
CTR_002360,INS_003556,Tous risques,2022-01-07,498.0,Renault,7,8300.0,personnel,actif
CTR_002361,INS_003558,Tous risques,2024-07-11,600.0,Kia,10,10000.0,personnel,actif
CTR_002362,INS_003559,Tiers étendu,2023-07-19,508.95,Fiat,2,8700.0,professionnel,actif
CTR_002363,INS_003559,Au tiers,2025-02-23,425.0,Volkswagen,3,17000.0,personnel,suspendu
CTR_002364,INS_003559,Tiers étendu,2024-09-22,459.0,Hyundai,6,10200.0,personnel,actif
CTR_002365,INS_003561,Au tiers,2025-04-05,457.5,Volvo,3,18300.0,personnel,actif
CTR_002366,INS_003562,Tous risques,2020-10-06,1392.0,Fiat,6,23200.0,personnel,actif
CTR_002367,INS_003564,Tous risques,2024-06-09,200.0,Jeep,12,800.0,professionnel,actif
CTR_002368,INS_003565,Tiers + vol/incendie,2021-11-14,200.0,Tesla,16,5600.0,personnel,actif
CTR_002369,INS_003565,Tous risques,2024-10-18,741.0,Skoda,7,9500.0,professionnel,actif
CTR_002370,INS_003567,Tiers + vol/incendie,2022-12-31,227.5,Volkswagen,2,6500.0,personnel,actif
CTR_002371,INS_003567,Au tiers,2022-04-01,200.0,Dacia,9,800.0,professionnel,suspendu
CTR_002372,INS_003568,Au tiers,2020-06-25,324.88,Toyota,6,11300.0,mixte,actif
CTR_002373,INS_003569,Tous risques,2025-09-29,1110.0,Citroën,7,18500.0,personnel,actif
CTR_002374,INS_003570,Tiers + vol/incendie,2020-12-29,234.5,Peugeot,7,6700.0,personnel,actif
CTR_002375,INS_003574,Au tiers,2025-02-20,447.5,Nissan,5,17900.0,personnel,actif
CTR_002376,INS_003574,Tous risques,2022-02-19,558.0,Volkswagen,2,9300.0,personnel,actif
CTR_002377,INS_003577,Tous risques,2021-05-28,954.0,Citroën,6,15900.0,personnel,actif
CTR_002378,INS_003577,Tiers étendu,2024-12-16,607.5,Kia,4,13500.0,personnel,actif
CTR_002379,INS_003578,Tous risques,2023-09-18,1032.0,Opel,4,17200.0,personnel,actif
CTR_002380,INS_003579,Tous risques,2025-07-06,654.0,BMW,12,10900.0,personnel,actif
CTR_002381,INS_003582,Tiers + vol/incendie,2021-04-30,262.5,Citroën,12,7500.0,personnel,actif
CTR_002382,INS_003584,Tiers + vol/incendie,2026-04-22,1414.0,Skoda,2,40400.0,personnel,actif
CTR_002383,INS_003585,Tous risques,2020-07-31,1138.5,Dacia,2,16500.0,mixte,actif
CTR_002384,INS_003587,Tous risques + assistance,2024-07-21,690.0,Jeep,11,9200.0,personnel,actif
CTR_002385,INS_003588,Tiers + vol/incendie,2021-11-12,682.5,Kia,5,19500.0,personnel,actif
CTR_002386,INS_003590,Tiers + vol/incendie,2025-06-01,574.0,Kia,10,16400.0,personnel,actif
CTR_002387,INS_003594,Au tiers,2022-08-08,580.75,Toyota,6,20200.0,mixte,actif
CTR_002388,INS_003596,Tous risques,2024-07-31,795.6,Ford,8,10200.0,professionnel,actif
CTR_002389,INS_003597,Tous risques,2022-03-30,200.0,Peugeot,8,3200.0,personnel,actif
CTR_002390,INS_003598,Au tiers,2022-11-12,200.0,Seat,11,7100.0,personnel,résilié
CTR_002391,INS_003600,Tiers + vol/incendie,2024-08-09,200.0,Audi,8,800.0,personnel,actif
CTR_002392,INS_003602,Tous risques,2026-01-09,732.0,Jeep,6,12200.0,personnel,actif
CTR_002393,INS_003602,Au tiers,2021-02-07,200.0,Kia,6,4000.0,personnel,actif
CTR_002394,INS_003603,Tous risques,2024-10-23,900.0,Nissan,11,15000.0,personnel,actif
CTR_002395,INS_003605,Tiers étendu,2022-12-13,400.5,Citroën,14,8900.0,personnel,actif
CTR_002396,INS_003606,Tous risques,2020-10-14,948.0,Jeep,5,15800.0,personnel,actif
CTR_002397,INS_003607,Tous risques + assistance,2022-05-31,255.0,Peugeot,7,3400.0,personnel,actif
CTR_002398,INS_003608,Au tiers,2026-05-02,305.0,Hyundai,6,12200.0,personnel,actif
CTR_002399,INS_003609,Tous risques,2020-06-11,246.0,Mercedes,4,4100.0,personnel,actif
CTR_002400,INS_003611,Tous risques,2025-03-18,1062.0,Hyundai,3,17700.0,personnel,actif
CTR_002401,INS_003612,Au tiers,2022-02-08,200.0,Seat,20,3000.0,personnel,actif
CTR_002402,INS_003613,Au tiers,2022-04-01,235.0,Volkswagen,6,9400.0,personnel,actif
CTR_002403,INS_003614,Au tiers,2022-07-04,437.5,Mercedes,3,17500.0,personnel,actif
CTR_002404,INS_003616,Tous risques,2024-02-14,618.0,Toyota,6,10300.0,personnel,actif
CTR_002405,INS_003617,Tiers étendu,2024-02-12,603.0,Tesla,9,13400.0,personnel,actif
CTR_002406,INS_003618,Tous risques,2020-10-14,738.0,Toyota,2,12300.0,personnel,actif
CTR_002407,INS_003619,Tous risques,2021-07-20,982.8,Mercedes,14,12600.0,professionnel,actif
CTR_002408,INS_003622,Tous risques,2020-08-18,1386.0,Audi,2,23100.0,personnel,actif
CTR_002409,INS_003623,Tous risques,2022-04-06,1469.7,BMW,5,21300.0,mixte,actif
CTR_002410,INS_003624,Tous risques,2024-03-19,296.7,Ford,17,4300.0,mixte,actif
CTR_002411,INS_003624,Au tiers,2022-03-13,202.5,Volvo,5,8100.0,personnel,actif
CTR_002412,INS_003625,Tous risques,2022-05-06,200.0,Ford,5,2300.0,personnel,actif
CTR_002413,INS_003627,Tiers étendu,2020-12-15,310.5,Ford,6,6900.0,personnel,actif
CTR_002414,INS_003632,Tous risques,2024-03-12,366.0,Ford,8,6100.0,personnel,actif
CTR_002415,INS_003635,Au tiers,2020-09-24,200.0,Audi,5,800.0,professionnel,actif
CTR_002416,INS_003636,Tous risques,2025-11-07,397.8,Mercedes,3,5100.0,professionnel,actif
CTR_002417,INS_003640,Tiers + vol/incendie,2021-06-21,366.28,Opel,14,9100.0,mixte,actif
CTR_002418,INS_003641,Tiers + vol/incendie,2025-07-22,200.0,Volvo,12,4200.0,personnel,actif
CTR_002419,INS_003642,Tous risques + assistance,2024-05-26,727.5,Seat,13,9700.0,personnel,actif
CTR_002420,INS_003642,Tous risques + assistance,2025-04-29,940.12,Volkswagen,5,10900.0,mixte,actif
CTR_002421,INS_003644,Tiers étendu,2020-10-26,200.0,Jeep,20,1600.0,personnel,actif
CTR_002422,INS_003646,Tiers étendu,2024-04-02,288.0,Audi,9,6400.0,personnel,actif
CTR_002423,INS_003647,Tiers étendu,2022-04-22,573.3,Toyota,6,9800.0,professionnel,actif
CTR_002424,INS_003648,Au tiers,2022-04-25,502.5,Toyota,6,20100.0,personnel,actif
CTR_002425,INS_003653,Tiers étendu,2021-12-31,1363.5,Renault,0,30300.0,personnel,suspendu
CTR_002426,INS_003654,Tous risques,2024-11-21,252.0,Audi,7,4200.0,personnel,actif
CTR_002427,INS_003655,Tous risques,2023-12-16,636.0,Mercedes,7,10600.0,personnel,actif
CTR_002428,INS_003657,Tiers + vol/incendie,2021-06-13,200.0,Nissan,7,3800.0,personnel,actif
CTR_002429,INS_003659,Tiers étendu,2024-03-14,238.5,Tesla,1,5300.0,personnel,actif
CTR_002430,INS_003660,Tiers + vol/incendie,2021-06-11,665.0,Peugeot,6,19000.0,personnel,actif
CTR_002431,INS_003661,Tiers étendu,2023-04-12,706.5,Hyundai,3,15700.0,personnel,résilié
CTR_002432,INS_003662,Tous risques,2024-08-30,200.0,Volkswagen,19,3100.0,personnel,actif
CTR_002433,INS_003664,Tiers étendu,2022-12-29,346.5,Volkswagen,12,7700.0,personnel,actif
CTR_002434,INS_003665,Au tiers,2024-05-18,337.5,Toyota,6,13500.0,personnel,actif
CTR_002435,INS_003665,Tiers étendu,2026-05-22,886.5,Seat,7,19700.0,personnel,actif
CTR_002436,INS_003666,Au tiers,2023-12-30,200.0,BMW,11,1800.0,personnel,actif
CTR_002437,INS_003667,Tous risques,2025-01-17,200.0,BMW,4,800.0,personnel,actif
CTR_002438,INS_003668,Tiers + vol/incendie,2023-10-25,200.0,Kia,16,3000.0,professionnel,actif
CTR_002439,INS_003669,Tiers + vol/incendie,2021-10-19,626.5,Ford,5,17900.0,personnel,actif
CTR_002440,INS_003670,Tous risques + assistance,2023-08-15,540.0,Peugeot,8,7200.0,personnel,actif
CTR_002441,INS_003671,Au tiers,2020-12-15,529.0,Ford,4,18400.0,mixte,actif
CTR_002442,INS_003671,Tous risques,2021-11-23,780.0,Kia,7,10000.0,professionnel,suspendu
CTR_002443,INS_003675,Tous risques + assistance,2025-05-27,795.0,Seat,11,10600.0,personnel,actif
CTR_002444,INS_003676,Tiers + vol/incendie,2024-02-23,200.0,Fiat,14,3200.0,mixte,suspendu
CTR_002445,INS_003676,Tous risques + assistance,2023-08-25,1012.5,Opel,5,13500.0,personnel,actif
CTR_002446,INS_003679,Tiers + vol/incendie,2024-12-03,200.0,Jeep,9,5600.0,personnel,résilié
CTR_002447,INS_003681,Tous risques,2024-01-18,1404.0,Citroën,4,23400.0,personnel,actif
CTR_002448,INS_003682,Tous risques,2020-06-29,594.0,Audi,11,9900.0,personnel,actif
CTR_002449,INS_003685,Au tiers,2024-02-14,399.75,Dacia,1,12300.0,professionnel,actif
CTR_002450,INS_003685,Tiers étendu,2021-10-12,580.5,Skoda,11,12900.0,personnel,suspendu
CTR_002451,INS_003686,Tiers étendu,2025-02-27,418.5,Fiat,5,9300.0,personnel,actif
CTR_002452,INS_003688,Tiers + vol/incendie,2021-02-26,1223.6,Kia,1,30400.0,mixte,actif
CTR_002453,INS_003689,Tous risques,2024-04-26,725.4,Citroën,2,9300.0,professionnel,actif
CTR_002454,INS_003692,Au tiers,2025-07-19,295.0,Volkswagen,5,11800.0,personnel,actif
CTR_002455,INS_003696,Tous risques + assistance,2022-02-28,652.5,Citroën,10,8700.0,personnel,actif
CTR_002456,INS_003697,Tous risques,2022-09-01,982.8,Hyundai,13,12600.0,professionnel,actif
CTR_002457,INS_003700,Tiers + vol/incendie,2024-06-08,479.5,Mercedes,9,13700.0,personnel,actif
CTR_002458,INS_003700,Tiers + vol/incendie,2023-06-21,679.0,Hyundai,2,19400.0,personnel,suspendu
CTR_002459,INS_003702,Tiers + vol/incendie,2021-07-10,364.0,Skoda,8,10400.0,personnel,suspendu
CTR_002460,INS_003703,Au tiers,2022-11-09,200.0,Citroën,13,4300.0,professionnel,actif
CTR_002461,INS_003704,Tous risques,2021-08-09,264.0,Audi,16,4400.0,personnel,actif
CTR_002462,INS_003705,Au tiers,2022-03-13,224.25,Volvo,6,6900.0,professionnel,résilié
CTR_002463,INS_003707,Tous risques + assistance,2023-07-02,502.5,Dacia,18,6700.0,personnel,actif
CTR_002464,INS_003708,Tiers + vol/incendie,2024-01-09,222.95,Opel,12,4900.0,professionnel,actif
CTR_002465,INS_003709,Tous risques,2026-02-09,1068.6,Volvo,2,13700.0,professionnel,actif
CTR_002466,INS_003710,Tous risques,2021-12-09,200.0,Nissan,10,2800.0,personnel,actif
CTR_002467,INS_003711,Tiers étendu,2023-03-26,225.0,Audi,12,5000.0,personnel,actif
CTR_002468,INS_003716,Au tiers,2021-01-04,207.5,BMW,12,8300.0,personnel,actif
CTR_002469,INS_003717,Tiers étendu,2026-02-19,369.0,Kia,9,8200.0,personnel,actif
CTR_002470,INS_003718,Tous risques,2023-07-23,798.0,Mercedes,5,13300.0,personnel,actif
CTR_002471,INS_003719,Tous risques,2023-01-05,1110.9,Volkswagen,6,16100.0,mixte,actif
CTR_002472,INS_003720,Tiers étendu,2024-01-26,301.5,Tesla,4,6700.0,personnel,actif
CTR_002473,INS_003721,Tiers étendu,2024-10-14,450.45,Toyota,11,7700.0,professionnel,actif
CTR_002474,INS_003725,Tous risques + assistance,2023-06-11,217.5,Volkswagen,4,2900.0,personnel,actif
CTR_002475,INS_003726,Tous risques + assistance,2025-01-19,200.0,Peugeot,2,1800.0,personnel,actif
CTR_002476,INS_003729,Au tiers,2022-07-27,617.5,Jeep,9,19000.0,professionnel,actif
CTR_002477,INS_003730,Au tiers,2022-02-14,200.0,Hyundai,20,3300.0,mixte,suspendu
CTR_002478,INS_003731,Tiers étendu,2022-02-06,607.5,Opel,9,13500.0,personnel,actif
CTR_002479,INS_003732,Tous risques,2024-10-04,1262.7,Kia,3,18300.0,mixte,actif
CTR_002480,INS_003733,Tiers + vol/incendie,2021-06-15,200.0,Volvo,14,1800.0,mixte,actif
CTR_002481,INS_003734,Au tiers,2026-01-21,200.0,Nissan,2,5800.0,personnel,actif
CTR_002482,INS_003736,Tous risques,2026-01-23,200.0,Peugeot,16,2300.0,personnel,résilié
CTR_002483,INS_003737,Tous risques,2023-09-21,720.0,Kia,12,12000.0,personnel,actif
CTR_002484,INS_003739,Tous risques,2022-06-16,624.0,Kia,9,10400.0,personnel,actif
CTR_002485,INS_003740,Tous risques,2023-02-04,702.0,Dacia,3,11700.0,personnel,actif
CTR_002486,INS_003741,Tiers étendu,2021-08-15,760.5,Ford,6,13000.0,professionnel,actif
CTR_002487,INS_003742,Au tiers,2025-04-28,582.5,Nissan,2,23300.0,personnel,actif
CTR_002488,INS_003744,Tous risques,2020-07-11,420.0,Renault,13,7000.0,personnel,actif
CTR_002489,INS_003750,Tiers étendu,2025-07-26,328.5,Peugeot,6,7300.0,personnel,actif
CTR_002490,INS_003751,Au tiers,2021-05-17,200.0,Dacia,12,7600.0,personnel,actif
CTR_002491,INS_003752,Tiers étendu,2024-12-13,1310.4,Ford,3,22400.0,professionnel,actif
CTR_002492,INS_003755,Au tiers,2023-10-02,227.5,Hyundai,9,9100.0,personnel,actif
CTR_002493,INS_003756,Au tiers,2025-10-25,200.0,Mercedes,7,6900.0,personnel,actif
CTR_002494,INS_003759,Tous risques,2023-07-15,1814.7,Volkswagen,4,26300.0,mixte,actif
CTR_002495,INS_003763,Tous risques,2024-02-15,504.0,Volvo,11,8400.0,personnel,suspendu
CTR_002496,INS_003764,Tous risques,2022-08-20,612.0,Volvo,4,10200.0,personnel,suspendu
CTR_002497,INS_003764,Tiers + vol/incendie,2022-01-10,568.75,Toyota,7,12500.0,professionnel,actif
CTR_002498,INS_003765,Tiers + vol/incendie,2026-04-23,602.0,Mercedes,7,17200.0,personnel,actif
CTR_002499,INS_003766,Tiers + vol/incendie,2023-04-10,217.0,Seat,8,6200.0,personnel,résilié
CTR_002500,INS_003768,Tous risques,2024-03-08,318.0,Citroën,20,5300.0,personnel,actif
CTR_002501,INS_003769,Tiers étendu,2020-06-12,711.0,Opel,5,15800.0,personnel,actif
CTR_002502,INS_003770,Tous risques,2023-10-24,1122.0,Skoda,4,18700.0,personnel,actif
CTR_002503,INS_003771,Tiers étendu,2025-03-27,504.0,Nissan,7,11200.0,personnel,actif
CTR_002504,INS_003773,Tous risques,2024-01-10,474.0,Skoda,17,7900.0,personnel,actif
CTR_002505,INS_003774,Tiers étendu,2026-02-26,468.0,Seat,5,10400.0,personnel,actif
CTR_002506,INS_003775,Tous risques,2022-02-04,636.0,Jeep,5,10600.0,personnel,actif
CTR_002507,INS_003777,Tiers + vol/incendie,2021-08-27,626.5,Opel,6,17900.0,personnel,actif
CTR_002508,INS_003779,Au tiers,2024-01-01,347.5,Volkswagen,7,13900.0,personnel,actif
CTR_002509,INS_003781,Tiers + vol/incendie,2025-06-07,200.0,Peugeot,19,4400.0,personnel,actif
CTR_002510,INS_003782,Tiers + vol/incendie,2023-03-21,644.0,Fiat,4,18400.0,personnel,actif
CTR_002511,INS_003786,Tous risques,2022-05-13,200.0,Skoda,4,2300.0,mixte,actif
CTR_002512,INS_003790,Au tiers,2021-12-12,512.5,Tesla,4,20500.0,personnel,actif
CTR_002513,INS_003791,Tiers étendu,2021-02-22,460.57,Renault,11,8900.0,mixte,actif
CTR_002514,INS_003792,Tous risques + assistance,2023-09-10,990.0,Tesla,3,13200.0,personnel,actif
CTR_002515,INS_003793,Tous risques,2021-08-09,864.0,Peugeot,2,14400.0,personnel,suspendu
CTR_002516,INS_003794,Tiers étendu,2020-08-15,388.12,Citroën,12,7500.0,mixte,actif
CTR_002517,INS_003796,Tous risques + assistance,2023-12-12,1365.0,Audi,0,18200.0,personnel,actif
CTR_002518,INS_003797,Tous risques,2023-12-05,993.6,Hyundai,1,14400.0,mixte,actif
CTR_002519,INS_003799,Tiers + vol/incendie,2022-01-15,507.5,Seat,9,14500.0,personnel,actif
CTR_002520,INS_003799,Tous risques,2023-09-13,200.0,Renault,20,800.0,personnel,actif
CTR_002521,INS_003801,Tous risques,2026-02-03,379.5,Citroën,9,5500.0,mixte,actif
CTR_002522,INS_003802,Tous risques,2021-09-02,372.0,Peugeot,12,6200.0,personnel,actif
CTR_002523,INS_003803,Tous risques,2022-01-17,816.0,Audi,11,13600.0,personnel,actif
CTR_002524,INS_003806,Tous risques,2022-02-08,666.0,Opel,5,11100.0,personnel,actif
CTR_002525,INS_003807,Au tiers,2024-10-09,295.0,Dacia,5,11800.0,personnel,actif
CTR_002526,INS_003808,Tiers étendu,2024-04-07,579.15,Volkswagen,11,9900.0,professionnel,actif
CTR_002527,INS_003811,Tiers étendu,2024-05-25,1222.65,Nissan,2,20900.0,professionnel,actif
CTR_002528,INS_003813,Au tiers,2023-06-30,392.5,Citroën,7,15700.0,personnel,actif
CTR_002529,INS_003813,Tiers étendu,2022-12-31,841.5,Nissan,1,18700.0,personnel,actif
CTR_002530,INS_003818,Tous risques + assistance,2023-02-04,1042.5,Audi,10,13900.0,personnel,suspendu
CTR_002531,INS_003819,Tous risques,2023-08-18,834.0,Nissan,11,13900.0,personnel,actif
CTR_002532,INS_003821,Tiers + vol/incendie,2023-11-15,442.75,Skoda,8,11000.0,mixte,actif
CTR_002533,INS_003822,Tiers + vol/incendie,2023-02-20,200.0,Jeep,16,3100.0,personnel,actif
CTR_002534,INS_003823,Tiers étendu,2022-11-06,822.82,Dacia,2,15900.0,mixte,actif
CTR_002535,INS_003824,Tous risques,2021-01-13,1068.0,Citroën,6,17800.0,personnel,actif
CTR_002536,INS_003824,Tiers étendu,2024-08-06,531.0,Volvo,6,11800.0,personnel,actif
CTR_002537,INS_003825,Tous risques,2025-07-11,816.0,Hyundai,5,13600.0,personnel,actif
CTR_002538,INS_003826,Tiers + vol/incendie,2020-07-12,325.5,Renault,11,9300.0,personnel,actif
CTR_002539,INS_003827,Tiers étendu,2025-07-29,532.35,Volkswagen,9,9100.0,professionnel,actif
CTR_002540,INS_003828,Au tiers,2025-07-11,200.0,Dacia,18,4100.0,personnel,actif
CTR_002541,INS_003829,Tiers étendu,2023-11-26,792.0,Nissan,6,17600.0,personnel,actif
CTR_002542,INS_003830,Tous risques,2020-11-27,750.0,Mercedes,7,12500.0,personnel,actif
CTR_002543,INS_003833,Tous risques,2021-12-17,1848.6,BMW,2,23700.0,professionnel,actif
CTR_002544,INS_003833,Tiers étendu,2023-01-14,1474.2,Toyota,5,25200.0,professionnel,actif
CTR_002545,INS_003835,Tous risques,2020-11-20,774.0,Volvo,2,12900.0,personnel,actif
CTR_002546,INS_003836,Tous risques,2020-07-21,717.6,Hyundai,7,9200.0,professionnel,résilié
CTR_002547,INS_003837,Au tiers,2024-12-12,230.0,Mercedes,5,9200.0,personnel,actif
CTR_002548,INS_003838,Tous risques,2025-03-09,1002.0,Seat,1,16700.0,personnel,actif
CTR_002549,INS_003841,Tous risques,2021-12-17,366.0,Peugeot,10,6100.0,personnel,actif
CTR_002550,INS_003842,Tous risques,2026-02-07,1026.0,Jeep,2,17100.0,personnel,actif
CTR_002551,INS_003845,Au tiers,2024-09-09,455.0,Volvo,5,14000.0,professionnel,suspendu
CTR_002552,INS_003846,Tiers étendu,2026-01-25,333.0,Peugeot,2,7400.0,personnel,résilié
CTR_002553,INS_003848,Tous risques + assistance,2021-01-04,1125.0,Peugeot,8,15000.0,personnel,actif
CTR_002554,INS_003849,Tous risques + assistance,2022-10-01,1507.5,Hyundai,8,20100.0,personnel,actif
CTR_002555,INS_003849,Tous risques,2025-05-15,920.4,Tesla,12,11800.0,professionnel,actif
CTR_002556,INS_003849,Au tiers,2022-11-28,200.0,Seat,15,800.0,personnel,actif
CTR_002557,INS_003855,Tiers étendu,2024-10-05,360.0,Ford,12,8000.0,personnel,actif
CTR_002558,INS_003857,Tiers + vol/incendie,2020-05-25,200.0,Opel,12,800.0,professionnel,actif
CTR_002559,INS_003858,Tous risques,2022-06-06,249.6,Nissan,14,3200.0,professionnel,actif
CTR_002560,INS_003860,Tiers + vol/incendie,2023-08-27,386.4,Tesla,14,9600.0,mixte,actif
CTR_002561,INS_003861,Tous risques,2023-06-05,630.0,Ford,1,10500.0,personnel,actif
CTR_002562,INS_003863,Tiers + vol/incendie,2026-01-21,200.0,Volkswagen,20,3200.0,personnel,suspendu
CTR_002563,INS_003865,Tous risques,2024-07-06,200.0,Volkswagen,14,800.0,mixte,actif
CTR_002564,INS_003866,Tous risques + assistance,2022-09-14,427.5,Skoda,10,5700.0,personnel,actif
CTR_002565,INS_003869,Tiers étendu,2024-05-14,405.0,Renault,6,9000.0,personnel,actif
CTR_002566,INS_003870,Tiers étendu,2021-12-17,602.55,Opel,12,10300.0,professionnel,actif
CTR_002567,INS_003870,Tiers + vol/incendie,2025-09-19,591.5,Audi,6,16900.0,personnel,actif
CTR_002568,INS_003871,Tiers + vol/incendie,2024-06-29,728.53,Fiat,2,18100.0,mixte,actif
CTR_002569,INS_003871,Tous risques,2021-08-15,873.6,Skoda,8,11200.0,professionnel,actif
CTR_002570,INS_003874,Tous risques,2024-07-24,924.6,Nissan,4,13400.0,mixte,résilié
CTR_002571,INS_003875,Tiers étendu,2026-03-19,200.0,Opel,5,2300.0,personnel,actif
CTR_002572,INS_003876,Tous risques,2022-08-09,200.0,BMW,11,3200.0,personnel,actif
CTR_002573,INS_003877,Tiers + vol/incendie,2025-09-20,472.5,Ford,6,13500.0,personnel,actif
CTR_002574,INS_003879,Tous risques,2026-04-18,200.0,Hyundai,18,2900.0,personnel,actif
CTR_002575,INS_003880,Tiers étendu,2023-11-06,625.5,BMW,4,13900.0,personnel,actif
CTR_002576,INS_003883,Tiers étendu,2022-05-12,473.85,Citroën,7,8100.0,professionnel,actif
CTR_002577,INS_003887,Tiers + vol/incendie,2025-09-10,336.0,Toyota,2,9600.0,personnel,suspendu
CTR_002578,INS_003887,Tous risques + assistance,2026-05-07,1635.0,Audi,5,21800.0,personnel,actif
CTR_002579,INS_003889,Tous risques,2022-01-24,258.0,Volkswagen,15,4300.0,personnel,résilié
CTR_002580,INS_003890,Tous risques,2024-12-13,864.0,Volvo,6,14400.0,personnel,actif
CTR_002581,INS_003891,Tous risques,2020-06-30,642.0,BMW,3,10700.0,personnel,actif
CTR_002582,INS_003891,Tous risques,2022-05-29,1194.0,Skoda,8,19900.0,personnel,actif
CTR_002583,INS_003893,Tiers + vol/incendie,2022-11-07,224.0,Jeep,9,6400.0,personnel,actif
CTR_002584,INS_003895,Tiers étendu,2025-07-15,200.0,Kia,15,2900.0,personnel,actif
CTR_002585,INS_003897,Au tiers,2023-11-09,200.0,Peugeot,10,3700.0,personnel,actif
CTR_002586,INS_003898,Tiers étendu,2026-01-31,703.8,Renault,5,13600.0,mixte,actif
CTR_002587,INS_003899,Tous risques,2023-04-21,397.8,Skoda,18,5100.0,professionnel,actif
CTR_002588,INS_003901,Tous risques + assistance,2022-04-06,1260.0,Seat,3,16800.0,personnel,actif
CTR_002589,INS_003902,Tiers étendu,2021-03-18,346.5,Skoda,9,7700.0,personnel,actif
CTR_002590,INS_003903,Tous risques,2024-08-31,540.0,Kia,12,9000.0,personnel,actif
CTR_002591,INS_003904,Au tiers,2025-10-20,200.0,Citroën,13,2400.0,personnel,actif
CTR_002592,INS_003904,Tous risques,2025-10-20,378.0,Hyundai,12,6300.0,personnel,actif
CTR_002593,INS_003906,Tiers étendu,2025-03-02,760.5,Peugeot,4,16900.0,personnel,actif
CTR_002594,INS_003908,Tiers étendu,2023-01-02,265.5,Citroën,9,5900.0,personnel,actif
CTR_002595,INS_003910,Tous risques,2023-03-24,200.0,Tesla,20,2000.0,personnel,actif
CTR_002596,INS_003912,Au tiers,2024-08-12,200.0,Seat,15,6800.0,personnel,actif
CTR_002597,INS_003914,Tiers étendu,2023-12-03,1304.55,Volvo,1,22300.0,professionnel,actif
CTR_002598,INS_003916,Tous risques,2025-10-16,200.0,Seat,5,800.0,personnel,actif
CTR_002599,INS_003917,Tiers étendu,2025-03-16,1611.0,Mercedes,2,35800.0,personnel,actif
CTR_002600,INS_003918,Tous risques,2021-02-21,1745.7,Dacia,1,25300.0,mixte,actif
CTR_002601,INS_003919,Tous risques,2026-02-24,1284.0,Dacia,3,21400.0,personnel,actif
CTR_002602,INS_003921,Tous risques + assistance,2025-06-18,1023.75,Opel,9,10500.0,professionnel,actif
CTR_002603,INS_003923,Tous risques,2022-05-18,504.0,Skoda,6,8400.0,personnel,suspendu
CTR_002604,INS_003924,Tous risques + assistance,2026-04-11,2700.75,Volkswagen,3,27700.0,professionnel,actif
CTR_002605,INS_003926,Tous risques + assistance,2024-06-28,435.0,Volkswagen,12,5800.0,personnel,actif
CTR_002606,INS_003927,Tous risques + assistance,2021-11-03,663.0,Audi,4,6800.0,professionnel,actif
CTR_002607,INS_003928,Tiers étendu,2022-05-04,756.0,Peugeot,5,16800.0,personnel,actif
CTR_002608,INS_003931,Tiers étendu,2024-08-18,306.0,Hyundai,4,6800.0,personnel,actif
CTR_002609,INS_003932,Tiers + vol/incendie,2023-05-04,200.0,Hyundai,2,4600.0,personnel,actif
CTR_002610,INS_003933,Tous risques,2024-11-11,204.0,Opel,14,3400.0,personnel,actif
CTR_002611,INS_003935,Tiers étendu,2024-12-05,900.45,Tesla,3,17400.0,mixte,actif
CTR_002612,INS_003936,Tiers étendu,2025-08-23,940.5,Jeep,4,20900.0,personnel,actif
CTR_002613,INS_003936,Tiers + vol/incendie,2022-03-15,237.48,Audi,2,5900.0,mixte,actif
CTR_002614,INS_003937,Tiers étendu,2026-05-09,200.0,Toyota,19,3400.0,personnel,actif
CTR_002615,INS_003938,Tous risques,2020-10-28,1115.4,Jeep,7,14300.0,professionnel,actif
CTR_002616,INS_003939,Tiers étendu,2022-11-12,747.0,Volvo,5,16600.0,personnel,actif
CTR_002617,INS_003941,Tiers étendu,2024-12-06,846.0,Seat,1,18800.0,personnel,actif
CTR_002618,INS_003943,Au tiers,2023-07-02,232.5,BMW,6,9300.0,personnel,actif
CTR_002619,INS_003947,Tiers étendu,2022-02-13,380.25,Dacia,13,6500.0,professionnel,actif
CTR_002620,INS_003948,Au tiers,2021-11-11,335.0,Citroën,0,13400.0,personnel,actif
CTR_002621,INS_003950,Tous risques,2024-11-20,492.0,Dacia,5,8200.0,personnel,actif
CTR_002622,INS_003951,Tous risques,2025-07-21,1926.6,Hyundai,2,24700.0,professionnel,actif
CTR_002623,INS_003953,Tous risques,2025-08-09,240.0,Renault,14,4000.0,personnel,actif
CTR_002624,INS_003954,Tiers étendu,2024-06-03,1070.55,Tesla,9,18300.0,professionnel,actif
CTR_002625,INS_003955,Au tiers,2021-07-28,200.0,Volkswagen,5,2500.0,mixte,actif
CTR_002626,INS_003957,Au tiers,2023-06-21,382.5,Seat,9,15300.0,personnel,actif
CTR_002627,INS_003958,Tous risques,2021-09-20,810.0,Citroën,3,13500.0,personnel,actif
CTR_002628,INS_003962,Tiers étendu,2024-09-18,725.4,Audi,4,12400.0,professionnel,actif
CTR_002629,INS_003963,Tiers étendu,2020-11-26,200.0,BMW,15,2700.0,personnel,actif
CTR_002630,INS_003965,Tiers étendu,2025-01-05,200.0,Audi,2,800.0,mixte,actif
CTR_002631,INS_003966,Tous risques,2025-06-30,1272.0,Fiat,3,21200.0,personnel,actif
CTR_002632,INS_003968,Tous risques + assistance,2021-03-30,200.0,Nissan,15,800.0,personnel,actif
CTR_002633,INS_003970,Tous risques,2023-09-10,1193.4,Opel,3,15300.0,professionnel,actif
CTR_002634,INS_003971,Au tiers,2022-08-29,200.0,Volkswagen,5,4400.0,mixte,actif
CTR_002635,INS_003973,Tous risques,2022-05-25,200.0,BMW,8,1700.0,personnel,actif
CTR_002636,INS_003975,Tous risques + assistance,2026-03-13,742.5,Volvo,9,9900.0,personnel,actif
CTR_002637,INS_003976,Tous risques + assistance,2024-01-22,630.0,Nissan,9,8400.0,personnel,résilié
CTR_002638,INS_003977,Tous risques + assistance,2021-08-24,200.0,BMW,4,800.0,personnel,actif
CTR_002639,INS_003979,Au tiers,2024-12-13,445.25,Skoda,3,13700.0,professionnel,actif
CTR_002640,INS_003980,Tous risques,2024-04-02,678.0,Citroën,0,11300.0,personnel,actif
CTR_002641,INS_003982,Tous risques,2023-06-02,654.0,Mercedes,7,10900.0,personnel,actif
CTR_002642,INS_003982,Tiers étendu,2022-08-11,819.0,Kia,5,18200.0,personnel,actif
CTR_002643,INS_003983,Au tiers,2025-11-01,307.5,Mercedes,4,12300.0,personnel,actif
CTR_002644,INS_003983,Tous risques,2025-10-26,920.4,Citroën,5,11800.0,professionnel,actif
CTR_002645,INS_003986,Tous risques,2023-05-02,200.0,Fiat,17,800.0,personnel,actif
CTR_002646,INS_003986,Tiers + vol/incendie,2022-07-01,200.0,Peugeot,9,800.0,personnel,actif
CTR_002647,INS_003987,Tiers étendu,2022-08-26,603.0,Toyota,1,13400.0,personnel,actif
CTR_002648,INS_003989,Tous risques,2023-03-31,200.0,Audi,13,2100.0,personnel,actif
CTR_002649,INS_003991,Tous risques,2025-09-29,834.0,BMW,6,13900.0,personnel,actif
CTR_002650,INS_003992,Au tiers,2022-09-20,382.5,Skoda,2,15300.0,personnel,actif
CTR_002651,INS_003993,Tiers étendu,2022-11-20,247.5,Toyota,10,5500.0,personnel,actif
CTR_002652,INS_003993,Au tiers,2020-09-15,200.0,Renault,8,5700.0,mixte,actif
CTR_002653,INS_003994,Tous risques + assistance,2021-07-24,1069.5,Hyundai,8,12400.0,mixte,actif
CTR_002654,INS_003995,Tous risques,2022-12-06,1242.0,Toyota,2,20700.0,personnel,actif
CTR_002655,INS_003996,Tiers étendu,2021-12-01,639.0,Skoda,1,14200.0,personnel,résilié
CTR_002656,INS_003996,Tous risques,2024-06-22,669.3,Ford,6,9700.0,mixte,actif
CTR_002657,INS_003997,Au tiers,2021-08-30,200.0,Toyota,8,2700.0,personnel,actif
CTR_002658,INS_003999,Tiers étendu,2023-12-19,200.0,Audi,2,4100.0,personnel,actif
CTR_002659,INS_004000,Tous risques + assistance,2022-10-24,735.0,Fiat,6,9800.0,personnel,actif
CTR_002660,INS_004002,Au tiers,2025-01-29,200.0,Fiat,2,4400.0,personnel,actif
CTR_002661,INS_004004,Tiers étendu,2022-08-30,823.5,Seat,12,18300.0,personnel,actif
CTR_002662,INS_004006,Au tiers,2024-10-29,331.5,Tesla,7,10200.0,professionnel,actif
CTR_002663,INS_004006,Tous risques,2021-11-11,348.0,Dacia,12,5800.0,personnel,actif
CTR_002664,INS_004007,Tous risques,2021-01-09,1050.0,Hyundai,5,17500.0,personnel,actif
CTR_002665,INS_004011,Tiers étendu,2020-10-29,200.0,Jeep,10,3500.0,personnel,actif
CTR_002666,INS_004012,Tiers étendu,2026-03-04,954.0,Renault,5,21200.0,personnel,suspendu
CTR_002667,INS_004014,Au tiers,2021-07-28,368.0,Kia,3,12800.0,mixte,actif
CTR_002668,INS_004015,Tiers étendu,2022-08-15,754.65,Jeep,3,12900.0,professionnel,actif
CTR_002669,INS_004016,Tous risques,2024-06-22,900.0,Mercedes,9,15000.0,personnel,actif
CTR_002670,INS_004017,Au tiers,2020-12-05,200.0,Skoda,9,6900.0,personnel,actif
CTR_002671,INS_004019,Au tiers,2024-09-05,341.25,Audi,10,10500.0,professionnel,actif
CTR_002672,INS_004021,Tous risques,2024-11-07,690.0,Dacia,13,11500.0,personnel,actif
CTR_002673,INS_004023,Au tiers,2020-09-06,247.5,Volvo,5,9900.0,personnel,résilié
CTR_002674,INS_004024,Tiers étendu,2025-09-10,1098.0,Audi,8,24400.0,personnel,actif
CTR_002675,INS_004025,Tous risques + assistance,2025-06-04,224.25,BMW,10,2300.0,professionnel,actif
CTR_002676,INS_004026,Tous risques,2025-09-17,816.0,Kia,7,13600.0,personnel,actif
CTR_002677,INS_004029,Tiers + vol/incendie,2022-03-16,357.0,Volkswagen,11,10200.0,personnel,actif
CTR_002678,INS_004030,Tiers étendu,2025-08-05,567.0,Volvo,2,12600.0,personnel,actif
CTR_002679,INS_004030,Tiers étendu,2023-03-01,594.0,Citroën,8,13200.0,personnel,actif
CTR_002680,INS_004030,Tous risques + assistance,2025-09-17,210.0,Opel,1,2800.0,personnel,actif
CTR_002681,INS_004033,Tiers étendu,2021-06-08,364.5,Fiat,5,8100.0,personnel,actif
CTR_002682,INS_004033,Tous risques,2022-11-16,948.0,Hyundai,5,15800.0,personnel,actif
CTR_002683,INS_004035,Tiers étendu,2021-03-18,643.5,Dacia,2,14300.0,personnel,actif
CTR_002684,INS_004036,Tous risques,2021-11-12,804.0,BMW,3,13400.0,personnel,actif
CTR_002685,INS_004037,Tiers étendu,2022-10-01,631.8,Mercedes,2,10800.0,professionnel,actif
CTR_002686,INS_004038,Tous risques + assistance,2023-08-17,351.0,Opel,3,3600.0,professionnel,actif
CTR_002687,INS_004039,Tous risques,2024-07-29,1044.0,Opel,3,17400.0,personnel,actif
CTR_002688,INS_004040,Tiers étendu,2023-06-15,423.0,Kia,2,9400.0,personnel,suspendu
CTR_002689,INS_004041,Tiers étendu,2025-10-21,200.0,Fiat,13,800.0,personnel,actif
CTR_002690,INS_004044,Tous risques,2023-09-21,858.0,Peugeot,4,14300.0,personnel,actif
CTR_002691,INS_004045,Tous risques,2025-09-18,462.0,Nissan,6,7700.0,personnel,résilié
CTR_002692,INS_004046,Au tiers,2023-04-30,345.0,Jeep,5,13800.0,personnel,actif
CTR_002693,INS_004047,Tous risques,2023-05-16,1170.0,BMW,2,19500.0,personnel,actif
CTR_002694,INS_004048,Tiers étendu,2025-02-04,265.5,Nissan,6,5900.0,personnel,actif
CTR_002695,INS_004049,Tiers + vol/incendie,2026-03-11,200.0,Toyota,6,800.0,professionnel,actif
CTR_002696,INS_004050,Au tiers,2025-07-19,200.0,Audi,15,800.0,personnel,actif
CTR_002697,INS_004052,Au tiers,2024-01-28,260.0,Tesla,1,10400.0,personnel,résilié
CTR_002698,INS_004054,Au tiers,2024-07-01,604.5,Toyota,5,18600.0,professionnel,actif
CTR_002699,INS_004056,Tiers étendu,2024-04-18,222.52,Skoda,17,4300.0,mixte,actif
CTR_002700,INS_004058,Tiers + vol/incendie,2026-01-15,764.4,Jeep,8,16800.0,professionnel,actif
CTR_002701,INS_004062,Au tiers,2025-06-06,355.0,Audi,9,14200.0,personnel,actif
CTR_002702,INS_004063,Tiers étendu,2024-09-02,945.0,Ford,6,21000.0,personnel,actif
CTR_002703,INS_004065,Tous risques,2021-03-24,726.0,Fiat,2,12100.0,personnel,actif
CTR_002704,INS_004068,Au tiers,2022-07-09,200.0,Kia,10,1500.0,personnel,actif
CTR_002705,INS_004069,Tous risques,2021-07-15,1500.0,Seat,1,25000.0,personnel,actif
CTR_002706,INS_004070,Tous risques,2024-11-23,358.8,Citroën,20,4600.0,professionnel,résilié
CTR_002707,INS_004071,Tous risques,2025-02-12,414.0,Kia,11,6900.0,personnel,actif
CTR_002708,INS_004072,Tous risques,2025-08-31,450.0,Kia,12,7500.0,personnel,actif
CTR_002709,INS_004073,Tiers + vol/incendie,2025-08-11,200.0,Citroën,5,3700.0,personnel,actif
CTR_002710,INS_004074,Tous risques,2026-03-03,200.0,Jeep,4,2200.0,mixte,actif
CTR_002711,INS_004075,Au tiers,2025-02-05,200.0,Renault,5,800.0,personnel,actif
CTR_002712,INS_004076,Tiers + vol/incendie,2023-04-03,329.0,Nissan,6,9400.0,personnel,résilié
CTR_002713,INS_004078,Tiers + vol/incendie,2023-03-11,609.0,Renault,1,17400.0,personnel,actif
CTR_002714,INS_004079,Au tiers,2023-09-28,292.5,Fiat,7,11700.0,personnel,actif
CTR_002715,INS_004083,Tiers étendu,2022-01-31,200.0,Volkswagen,8,1400.0,professionnel,suspendu
CTR_002716,INS_004086,Au tiers,2021-12-26,201.5,Renault,2,6200.0,professionnel,actif
CTR_002717,INS_004088,Tous risques,2021-04-19,690.0,BMW,6,11500.0,personnel,actif
CTR_002718,INS_004089,Tous risques,2026-02-22,200.0,Mercedes,5,2100.0,personnel,actif
CTR_002719,INS_004090,Tous risques,2023-04-11,702.0,Audi,3,11700.0,personnel,actif
CTR_002720,INS_004091,Au tiers,2023-03-14,422.5,Opel,8,16900.0,personnel,actif
CTR_002721,INS_004094,Tous risques,2020-11-17,200.0,Volkswagen,3,800.0,mixte,actif
CTR_002722,INS_004094,Tiers + vol/incendie,2023-12-23,273.0,Toyota,6,7800.0,personnel,actif
CTR_002723,INS_004095,Tiers + vol/incendie,2022-07-02,542.5,Tesla,4,15500.0,personnel,actif
CTR_002724,INS_004098,Au tiers,2022-03-09,494.0,Toyota,7,15200.0,professionnel,actif
CTR_002725,INS_004099,Tiers étendu,2020-11-07,805.5,Kia,3,17900.0,personnel,actif
CTR_002726,INS_004100,Tiers + vol/incendie,2024-12-02,414.05,Opel,10,9100.0,professionnel,actif
CTR_002727,INS_004101,Tous risques,2024-12-29,516.0,Mercedes,8,8600.0,personnel,actif
CTR_002728,INS_004105,Au tiers,2024-04-21,370.5,Toyota,13,11400.0,professionnel,actif
CTR_002729,INS_004106,Tous risques,2021-08-23,786.0,Fiat,13,13100.0,personnel,actif
CTR_002730,INS_004108,Tous risques,2024-02-16,694.2,BMW,5,8900.0,professionnel,suspendu
CTR_002731,INS_004109,Tous risques + assistance,2020-09-29,1102.5,Tesla,5,14700.0,personnel,actif
CTR_002732,INS_004110,Tous risques,2020-08-03,624.0,Toyota,12,8000.0,professionnel,actif
CTR_002733,INS_004111,Tous risques + assistance,2024-09-13,622.5,Tesla,6,8300.0,personnel,actif
CTR_002734,INS_004112,Tiers + vol/incendie,2023-10-28,800.98,Nissan,2,19900.0,mixte,résilié
CTR_002735,INS_004113,Tiers étendu,2022-01-23,981.0,Skoda,1,21800.0,personnel,actif
CTR_002736,INS_004114,Tous risques,2020-08-06,200.0,Citroën,11,800.0,professionnel,actif
CTR_002737,INS_004115,Tous risques + assistance,2022-11-07,1491.75,Jeep,5,15300.0,professionnel,actif
CTR_002738,INS_004116,Tiers étendu,2022-10-14,274.5,Hyundai,4,6100.0,personnel,actif
CTR_002739,INS_004117,Tous risques + assistance,2024-10-01,731.25,BMW,16,7500.0,professionnel,actif
CTR_002740,INS_004119,Tiers + vol/incendie,2021-04-18,455.0,Audi,11,13000.0,personnel,actif
CTR_002741,INS_004120,Au tiers,2024-11-11,710.12,Skoda,1,24700.0,mixte,actif
CTR_002742,INS_004121,Tous risques,2024-09-23,834.0,Toyota,8,13900.0,personnel,actif
CTR_002743,INS_004122,Tous risques,2022-06-16,684.0,Skoda,3,11400.0,personnel,actif
CTR_002744,INS_004122,Tous risques,2023-07-20,246.0,Hyundai,0,4100.0,personnel,actif
CTR_002745,INS_004124,Tous risques,2026-02-23,420.0,Peugeot,4,7000.0,personnel,actif
CTR_002746,INS_004125,Tous risques,2022-05-25,200.0,Kia,15,2300.0,personnel,actif
CTR_002747,INS_004126,Tous risques,2024-05-03,594.0,Citroën,2,9900.0,personnel,actif
CTR_002748,INS_004127,Au tiers,2022-08-03,344.5,Seat,14,10600.0,professionnel,actif
CTR_002749,INS_004131,Au tiers,2022-06-13,302.5,Volkswagen,4,12100.0,personnel,actif
CTR_002750,INS_004133,Tiers étendu,2021-06-24,200.0,Skoda,8,800.0,mixte,actif
CTR_002751,INS_004133,Tiers + vol/incendie,2021-08-06,528.5,Audi,3,15100.0,personnel,actif
CTR_002752,INS_004134,Tous risques,2024-06-15,200.0,Nissan,20,2300.0,professionnel,actif
CTR_002753,INS_004135,Tous risques + assistance,2026-01-16,1492.5,Citroën,9,19900.0,personnel,actif
CTR_002754,INS_004136,Tiers + vol/incendie,2022-12-22,784.0,Ford,1,22400.0,personnel,actif
CTR_002755,INS_004137,Tiers + vol/incendie,2020-08-02,430.5,Hyundai,6,12300.0,personnel,actif
CTR_002756,INS_004137,Tous risques + assistance,2024-06-30,555.75,Citroën,11,5700.0,professionnel,actif
CTR_002757,INS_004138,Tous risques,2025-11-20,1062.0,Ford,2,17700.0,personnel,actif
CTR_002758,INS_004144,Au tiers,2024-12-21,591.5,Renault,4,18200.0,professionnel,actif
CTR_002759,INS_004145,Tiers + vol/incendie,2025-07-25,553.0,Seat,7,15800.0,personnel,actif
CTR_002760,INS_004146,Au tiers,2020-08-13,200.0,Audi,2,7300.0,personnel,actif
CTR_002761,INS_004149,Tous risques,2023-03-12,774.0,Renault,7,12900.0,personnel,actif
CTR_002762,INS_004151,Tous risques,2025-07-12,1926.0,Opel,1,32100.0,personnel,actif
CTR_002763,INS_004153,Au tiers,2023-10-27,438.75,Toyota,8,13500.0,professionnel,actif
CTR_002764,INS_004154,Tous risques,2020-11-13,684.0,Jeep,4,11400.0,personnel,actif
CTR_002765,INS_004156,Au tiers,2020-10-03,307.5,Ford,12,12300.0,personnel,actif
CTR_002766,INS_004158,Tiers étendu,2021-11-13,243.0,Volvo,17,5400.0,personnel,actif
CTR_002767,INS_004159,Tous risques,2022-03-30,1182.0,Fiat,3,19700.0,personnel,actif
CTR_002768,INS_004162,Au tiers,2026-05-02,316.25,Volvo,4,11000.0,mixte,actif
CTR_002769,INS_004162,Au tiers,2024-05-22,377.5,Fiat,8,15100.0,personnel,actif
CTR_002770,INS_004164,Tiers étendu,2025-05-05,200.0,Peugeot,13,800.0,mixte,actif
CTR_002771,INS_004165,Au tiers,2020-11-11,527.5,Renault,6,21100.0,personnel,actif
CTR_002772,INS_004166,Tiers + vol/incendie,2023-12-30,591.5,Ford,7,16900.0,personnel,actif
CTR_002773,INS_004167,Tiers étendu,2024-12-26,625.5,Fiat,6,13900.0,personnel,actif
CTR_002774,INS_004170,Tiers + vol/incendie,2023-05-29,819.0,Hyundai,2,23400.0,personnel,actif
CTR_002775,INS_004173,Tous risques,2023-12-12,1440.0,Audi,5,24000.0,personnel,actif
CTR_002776,INS_004174,Tous risques + assistance,2022-10-16,555.0,Fiat,13,7400.0,personnel,actif
CTR_002777,INS_004175,Tous risques + assistance,2022-04-13,502.5,Hyundai,13,6700.0,personnel,actif
CTR_002778,INS_004176,Tous risques,2020-11-17,1038.0,BMW,3,17300.0,personnel,actif
CTR_002779,INS_004178,Tiers étendu,2023-09-06,648.0,Jeep,0,14400.0,personnel,actif
CTR_002780,INS_004180,Tiers + vol/incendie,2024-06-29,200.0,Volvo,15,800.0,personnel,actif
CTR_002781,INS_004181,Tiers étendu,2022-04-22,819.0,Renault,4,18200.0,personnel,actif
CTR_002782,INS_004182,Tiers étendu,2021-09-08,228.15,Dacia,20,3900.0,professionnel,actif
CTR_002783,INS_004184,Tous risques,2026-03-02,200.0,Seat,12,3100.0,personnel,actif
CTR_002784,INS_004186,Tous risques + assistance,2025-02-13,292.5,Nissan,2,3900.0,personnel,actif
CTR_002785,INS_004187,Tiers + vol/incendie,2022-01-21,399.0,Dacia,6,11400.0,personnel,actif
CTR_002786,INS_004188,Tous risques,2022-12-15,731.4,Nissan,2,10600.0,mixte,suspendu
CTR_002787,INS_004188,Tous risques + assistance,2022-04-08,1320.0,Opel,3,17600.0,personnel,actif
CTR_002788,INS_004189,Au tiers,2022-03-27,204.75,BMW,8,6300.0,professionnel,résilié
CTR_002789,INS_004190,Tiers étendu,2023-02-02,315.0,Nissan,3,7000.0,personnel,actif
CTR_002790,INS_004191,Tous risques,2025-12-07,1494.0,Toyota,5,24900.0,personnel,suspendu
CTR_002791,INS_004192,Tous risques,2023-06-18,1212.0,Mercedes,4,20200.0,personnel,actif
CTR_002792,INS_004195,Tiers étendu,2024-12-24,693.0,Tesla,4,15400.0,personnel,actif
CTR_002793,INS_004200,Tous risques,2022-11-05,774.0,Citroën,3,12900.0,personnel,actif
CTR_002794,INS_004202,Tiers + vol/incendie,2023-04-26,200.0,Citroën,6,4800.0,personnel,actif
CTR_002795,INS_004204,Tiers étendu,2020-05-25,200.0,Peugeot,5,4300.0,personnel,actif
CTR_002796,INS_004204,Tous risques,2024-09-19,426.0,Toyota,10,7100.0,personnel,actif
CTR_002797,INS_004205,Au tiers,2024-10-17,200.0,Seat,3,4400.0,mixte,actif
CTR_002798,INS_004207,Tous risques,2022-11-12,456.0,Hyundai,4,7600.0,personnel,actif
CTR_002799,INS_004208,Tiers étendu,2024-06-03,621.0,Audi,6,13800.0,personnel,actif
CTR_002800,INS_004211,Au tiers,2025-07-18,200.0,Dacia,4,6600.0,mixte,suspendu
CTR_002801,INS_004212,Au tiers,2025-05-26,272.5,Tesla,13,10900.0,personnel,actif
CTR_002802,INS_004214,Tous risques,2023-09-06,396.0,Volkswagen,4,6600.0,personnel,actif
CTR_002803,INS_004219,Tous risques,2021-04-12,348.0,Seat,10,5800.0,personnel,suspendu
CTR_002804,INS_004220,Tous risques,2024-01-30,1368.0,Skoda,1,22800.0,personnel,actif
CTR_002805,INS_004222,Tous risques + assistance,2024-11-02,555.0,Peugeot,12,7400.0,personnel,actif
CTR_002806,INS_004224,Tiers + vol/incendie,2024-09-01,571.55,Peugeot,3,14200.0,mixte,actif
CTR_002807,INS_004226,Tiers étendu,2022-08-11,310.5,Hyundai,7,6900.0,personnel,actif
CTR_002808,INS_004227,Tiers + vol/incendie,2022-06-15,200.0,Nissan,13,800.0,personnel,actif
CTR_002809,INS_004229,Tous risques + assistance,2023-12-31,870.0,Dacia,5,11600.0,personnel,suspendu
CTR_002810,INS_004230,Tous risques,2022-08-24,787.8,Ford,6,10100.0,professionnel,actif
CTR_002811,INS_004230,Tous risques,2023-07-23,882.0,Dacia,4,14700.0,personnel,actif
CTR_002812,INS_004230,Tiers étendu,2024-02-09,200.0,Kia,8,800.0,personnel,actif
CTR_002813,INS_004233,Tiers + vol/incendie,2022-01-20,1046.5,Nissan,3,29900.0,personnel,actif
CTR_002814,INS_004234,Tous risques,2021-05-19,524.4,Citroën,7,7600.0,mixte,actif
CTR_002815,INS_004235,Tiers + vol/incendie,2021-10-16,200.0,Volkswagen,15,5500.0,personnel,actif
CTR_002816,INS_004236,Tiers étendu,2021-10-14,1120.5,Ford,2,24900.0,personnel,actif
CTR_002817,INS_004238,Au tiers,2024-10-10,200.0,Kia,1,6900.0,personnel,actif
CTR_002818,INS_004239,Au tiers,2023-11-04,552.5,Audi,3,22100.0,personnel,actif
CTR_002819,INS_004240,Tous risques,2021-07-06,634.8,Toyota,6,9200.0,mixte,actif
CTR_002820,INS_004244,Tiers étendu,2022-12-07,468.0,Volkswagen,11,8000.0,professionnel,actif
CTR_002821,INS_004247,Tiers étendu,2022-02-10,787.5,Mercedes,0,17500.0,personnel,actif
CTR_002822,INS_004247,Tiers + vol/incendie,2020-07-02,693.0,Fiat,4,19800.0,personnel,suspendu
CTR_002823,INS_004247,Tous risques + assistance,2022-01-24,200.0,Kia,13,800.0,personnel,actif
CTR_002824,INS_004248,Tiers étendu,2023-04-14,666.0,Opel,7,14800.0,personnel,actif
CTR_002825,INS_004249,Au tiers,2021-11-06,200.0,Seat,13,2000.0,personnel,actif
CTR_002826,INS_004251,Tiers étendu,2023-08-10,473.85,Skoda,10,8100.0,professionnel,actif
CTR_002827,INS_004252,Au tiers,2021-06-11,207.5,Skoda,17,8300.0,personnel,actif
CTR_002828,INS_004253,Au tiers,2021-04-30,200.0,BMW,4,5000.0,mixte,actif
CTR_002829,INS_004255,Au tiers,2021-12-01,313.38,Citroën,6,10900.0,mixte,actif
CTR_002830,INS_004256,Tous risques,2022-07-10,708.0,Kia,12,11800.0,personnel,actif
CTR_002831,INS_004257,Tiers étendu,2021-09-10,801.45,Toyota,6,13700.0,professionnel,actif
CTR_002832,INS_004258,Tiers + vol/incendie,2020-12-04,437.5,Renault,8,12500.0,personnel,actif
CTR_002833,INS_004258,Tiers étendu,2022-09-23,661.5,Ford,4,14700.0,personnel,actif
CTR_002834,INS_004258,Tous risques,2020-08-03,906.0,Nissan,3,15100.0,personnel,actif
CTR_002835,INS_004259,Tiers + vol/incendie,2023-04-21,200.0,Ford,15,4300.0,personnel,actif
CTR_002836,INS_004260,Tous risques,2023-02-07,678.0,Volkswagen,7,11300.0,personnel,actif
CTR_002837,INS_004261,Au tiers,2021-11-09,357.5,Skoda,7,14300.0,personnel,actif
CTR_002838,INS_004262,Tous risques,2023-09-15,732.0,Ford,6,12200.0,personnel,actif
CTR_002839,INS_004263,Tiers étendu,2025-06-04,200.0,Renault,2,3900.0,personnel,actif
CTR_002840,INS_004264,Tous risques,2021-12-01,708.0,Skoda,6,11800.0,personnel,actif
CTR_002841,INS_004267,Au tiers,2024-10-17,292.5,Skoda,6,11700.0,personnel,actif
CTR_002842,INS_004269,Tiers + vol/incendie,2023-05-26,659.75,Peugeot,11,14500.0,professionnel,suspendu
CTR_002843,INS_004270,Tous risques,2021-05-27,462.0,Skoda,2,7700.0,personnel,actif
CTR_002844,INS_004271,Tous risques,2023-02-16,1062.6,BMW,4,15400.0,mixte,actif
CTR_002845,INS_004272,Tous risques,2025-08-01,822.0,Skoda,5,13700.0,personnel,actif
CTR_002846,INS_004273,Tous risques,2025-05-12,654.0,Mercedes,3,10900.0,personnel,actif
CTR_002847,INS_004274,Au tiers,2020-05-30,200.0,Volvo,4,800.0,personnel,résilié
CTR_002848,INS_004275,Tous risques,2022-05-12,828.0,Renault,4,13800.0,personnel,résilié
CTR_002849,INS_004276,Au tiers,2021-12-21,205.0,Seat,3,8200.0,personnel,actif
CTR_002850,INS_004277,Tiers + vol/incendie,2021-01-05,527.27,Tesla,7,13100.0,mixte,actif
CTR_002851,INS_004279,Tous risques,2025-12-22,312.0,BMW,11,4000.0,professionnel,résilié
CTR_002852,INS_004281,Tous risques,2024-11-15,654.0,Citroën,9,10900.0,personnel,actif
CTR_002853,INS_004282,Tiers étendu,2024-06-05,436.5,Nissan,4,9700.0,personnel,actif
CTR_002854,INS_004283,Tiers étendu,2025-11-22,200.0,Ford,9,3100.0,personnel,actif
CTR_002855,INS_004285,Tous risques + assistance,2021-10-02,1050.0,Skoda,4,14000.0,personnel,actif
CTR_002856,INS_004286,Tous risques,2023-06-04,1212.0,Jeep,4,20200.0,personnel,actif
CTR_002857,INS_004288,Tous risques + assistance,2024-04-07,570.0,Skoda,14,7600.0,personnel,actif
CTR_002858,INS_004288,Au tiers,2025-06-04,232.5,Jeep,14,9300.0,personnel,actif
CTR_002859,INS_004292,Tiers étendu,2026-05-07,1170.0,Peugeot,3,26000.0,personnel,actif
CTR_002860,INS_004293,Tous risques,2023-08-15,429.0,Citroën,15,5500.0,professionnel,actif
CTR_002861,INS_004293,Tous risques + assistance,2024-11-18,780.0,Tesla,9,10400.0,personnel,actif
CTR_002862,INS_004294,Tous risques + assistance,2024-08-05,1237.5,Renault,4,16500.0,personnel,actif
CTR_002863,INS_004296,Tous risques,2025-07-20,456.0,Renault,6,7600.0,personnel,actif
CTR_002864,INS_004297,Au tiers,2022-11-17,437.0,Volvo,6,15200.0,mixte,actif
CTR_002865,INS_004298,Tous risques,2025-12-13,648.0,Toyota,8,10800.0,personnel,actif
CTR_002866,INS_004300,Tiers étendu,2025-08-01,828.0,Dacia,3,16000.0,mixte,actif
CTR_002867,INS_004301,Tiers étendu,2023-04-09,200.0,Fiat,5,4300.0,personnel,actif
CTR_002868,INS_004304,Tiers étendu,2020-12-20,418.5,Renault,11,9300.0,personnel,actif
CTR_002869,INS_004308,Tous risques,2020-12-08,780.0,Dacia,2,13000.0,personnel,actif
CTR_002870,INS_004311,Tous risques,2021-08-13,594.0,Citroën,8,9900.0,personnel,actif
CTR_002871,INS_004314,Tiers + vol/incendie,2022-08-05,200.0,Fiat,5,3700.0,personnel,actif
CTR_002872,INS_004316,Tous risques,2023-06-06,579.6,Hyundai,13,8400.0,mixte,actif
CTR_002873,INS_004318,Tiers + vol/incendie,2021-07-10,560.0,Renault,5,16000.0,personnel,actif
CTR_002874,INS_004320,Tiers étendu,2021-03-30,850.5,Dacia,8,18900.0,personnel,actif
CTR_002875,INS_004321,Tous risques,2023-06-25,876.0,Seat,9,14600.0,personnel,actif
CTR_002876,INS_004322,Tiers étendu,2021-07-27,200.0,Peugeot,4,4100.0,personnel,actif
CTR_002877,INS_004323,Tiers + vol/incendie,2025-10-19,482.3,Dacia,7,10600.0,professionnel,actif
CTR_002878,INS_004324,Tous risques,2026-03-21,998.4,Tesla,8,12800.0,professionnel,actif
CTR_002879,INS_004325,Tous risques,2025-01-11,621.0,Renault,7,9000.0,mixte,actif
CTR_002880,INS_004327,Tiers + vol/incendie,2023-08-09,259.0,Opel,4,7400.0,personnel,actif
CTR_002881,INS_004331,Tous risques,2020-11-13,798.0,Seat,6,13300.0,personnel,suspendu
CTR_002882,INS_004333,Tous risques + assistance,2021-08-28,667.5,Tesla,9,8900.0,personnel,actif
CTR_002883,INS_004334,Au tiers,2024-02-16,200.0,Volkswagen,3,5100.0,personnel,actif
CTR_002884,INS_004334,Tiers étendu,2023-07-24,486.0,Volvo,8,10800.0,personnel,actif
CTR_002885,INS_004335,Au tiers,2023-08-16,312.5,Jeep,5,12500.0,personnel,actif
CTR_002886,INS_004336,Tous risques,2024-03-22,612.0,Volkswagen,11,10200.0,personnel,actif
CTR_002887,INS_004338,Tous risques + assistance,2024-07-23,952.5,Seat,9,12700.0,personnel,actif
CTR_002888,INS_004339,Au tiers,2023-05-01,202.5,Volvo,6,8100.0,personnel,suspendu
CTR_002889,INS_004342,Tous risques,2024-01-04,200.0,Skoda,5,800.0,personnel,actif
CTR_002890,INS_004343,Tiers étendu,2022-06-17,641.7,Kia,3,12400.0,mixte,résilié
CTR_002891,INS_004345,Tiers + vol/incendie,2024-02-18,444.5,Volvo,1,12700.0,personnel,actif
CTR_002892,INS_004346,Tiers + vol/incendie,2024-02-12,200.0,Audi,3,3500.0,personnel,actif
CTR_002893,INS_004350,Au tiers,2025-04-01,200.0,Jeep,4,3200.0,personnel,actif
CTR_002894,INS_004354,Tous risques,2023-07-13,858.0,Audi,5,14300.0,personnel,actif
CTR_002895,INS_004356,Tous risques,2024-08-18,216.0,Ford,4,3600.0,personnel,actif
CTR_002896,INS_004358,Tiers étendu,2024-06-17,459.0,Nissan,6,10200.0,personnel,actif
CTR_002897,INS_004361,Tous risques,2026-03-27,342.0,Toyota,12,5700.0,personnel,suspendu
CTR_002898,INS_004362,Tous risques,2025-11-23,462.0,Nissan,9,7700.0,personnel,actif
CTR_002899,INS_004365,Tiers étendu,2026-03-22,468.0,Nissan,1,8000.0,professionnel,actif
CTR_002900,INS_004366,Tiers étendu,2023-09-20,508.95,Hyundai,14,8700.0,professionnel,actif
CTR_002901,INS_004368,Au tiers,2022-08-24,215.0,Renault,16,8600.0,personnel,actif
CTR_002902,INS_004369,Tiers étendu,2022-07-24,801.0,Renault,8,17800.0,personnel,actif
CTR_002903,INS_004370,Tous risques,2023-07-05,684.0,Tesla,1,11400.0,personnel,suspendu
CTR_002904,INS_004373,Tiers + vol/incendie,2025-09-19,721.0,Volkswagen,2,20600.0,personnel,actif
CTR_002905,INS_004375,Au tiers,2025-08-02,464.75,Citroën,9,14300.0,professionnel,actif
CTR_002906,INS_004379,Au tiers,2022-08-28,200.0,Renault,5,5300.0,professionnel,actif
CTR_002907,INS_004382,Tous risques,2022-06-20,1848.6,Jeep,1,23700.0,professionnel,actif
CTR_002908,INS_004383,Tiers + vol/incendie,2024-02-14,357.0,Dacia,0,10200.0,personnel,suspendu
CTR_002909,INS_004384,Tous risques,2021-09-08,612.0,Opel,6,10200.0,personnel,actif
CTR_002910,INS_004385,Au tiers,2021-08-18,724.75,Mercedes,6,22300.0,professionnel,actif
CTR_002911,INS_004385,Tous risques,2025-07-08,582.0,Toyota,11,9700.0,personnel,actif
CTR_002912,INS_004390,Tiers étendu,2023-12-03,1608.75,Hyundai,2,27500.0,professionnel,actif
CTR_002913,INS_004391,Tous risques,2022-04-06,720.0,Fiat,1,12000.0,personnel,actif
CTR_002914,INS_004393,Tous risques,2024-12-19,438.0,Nissan,14,7300.0,personnel,actif
CTR_002915,INS_004397,Tiers étendu,2023-10-30,567.0,Fiat,4,12600.0,personnel,actif
CTR_002916,INS_004397,Tous risques,2023-09-07,627.9,Seat,4,9100.0,mixte,actif
CTR_002917,INS_004397,Au tiers,2024-09-10,733.12,Audi,4,25500.0,mixte,actif
CTR_002918,INS_004398,Tous risques,2020-08-22,534.0,Skoda,14,8900.0,personnel,actif
CTR_002919,INS_004402,Tous risques,2020-09-23,564.0,Mercedes,5,9400.0,personnel,résilié
CTR_002920,INS_004403,Tiers étendu,2021-07-28,200.0,Renault,6,800.0,mixte,actif
CTR_002921,INS_004404,Tous risques,2023-08-05,756.6,Skoda,4,9700.0,professionnel,actif
CTR_002922,INS_004405,Tous risques,2025-04-23,200.0,Tesla,9,800.0,personnel,actif
CTR_002923,INS_004406,Au tiers,2025-08-04,273.0,Seat,14,8400.0,professionnel,actif
CTR_002924,INS_004409,Au tiers,2021-07-13,395.0,Peugeot,5,15800.0,personnel,actif
CTR_002925,INS_004410,Au tiers,2021-02-27,200.0,Fiat,10,2400.0,personnel,actif
CTR_002926,INS_004413,Tiers étendu,2024-01-14,261.0,Ford,17,5800.0,personnel,actif
CTR_002927,INS_004414,Tous risques,2025-04-17,594.0,Seat,0,9900.0,personnel,résilié
CTR_002928,INS_004415,Tous risques,2022-04-08,1422.0,Toyota,2,23700.0,personnel,suspendu
CTR_002929,INS_004416,Tous risques,2021-05-03,1338.0,Ford,0,22300.0,personnel,actif
CTR_002930,INS_004416,Tiers + vol/incendie,2024-07-12,200.0,Audi,8,3600.0,professionnel,actif
CTR_002931,INS_004418,Tous risques,2025-08-26,881.4,BMW,0,11300.0,professionnel,actif
CTR_002932,INS_004419,Tous risques,2023-11-04,881.4,Hyundai,12,11300.0,professionnel,actif
CTR_002933,INS_004420,Tiers étendu,2024-11-11,200.0,Fiat,10,2100.0,professionnel,actif
CTR_002934,INS_004421,Tous risques,2021-11-06,1020.0,Dacia,3,17000.0,personnel,actif
CTR_002935,INS_004423,Tiers étendu,2024-12-22,421.2,Tesla,7,7200.0,professionnel,suspendu
CTR_002936,INS_004425,Tiers + vol/incendie,2020-09-15,409.5,Mercedes,9,9000.0,professionnel,actif
CTR_002937,INS_004426,Au tiers,2023-12-03,200.0,Citroën,7,1000.0,personnel,actif
CTR_002938,INS_004427,Tiers étendu,2025-12-08,252.0,Hyundai,10,5600.0,personnel,actif
CTR_002939,INS_004428,Tous risques,2021-06-08,709.8,Opel,13,9100.0,professionnel,actif
CTR_002940,INS_004433,Tous risques,2023-06-27,1002.0,Tesla,5,16700.0,personnel,actif
CTR_002941,INS_004434,Tous risques,2021-04-29,1041.9,Peugeot,8,15100.0,mixte,actif
CTR_002942,INS_004436,Tous risques,2025-10-27,503.7,Peugeot,14,7300.0,mixte,actif
CTR_002943,INS_004440,Tiers étendu,2022-03-02,684.0,Nissan,3,15200.0,personnel,actif
CTR_002944,INS_004441,Tiers + vol/incendie,2026-05-03,584.5,Nissan,3,16700.0,personnel,actif
CTR_002945,INS_004442,Tous risques,2022-03-03,1482.0,Renault,2,19000.0,professionnel,actif
CTR_002946,INS_004444,Tous risques,2022-10-21,1110.0,Hyundai,8,18500.0,personnel,suspendu
CTR_002947,INS_004445,Au tiers,2021-07-29,200.0,Hyundai,5,5500.0,mixte,actif
CTR_002948,INS_004446,Tiers + vol/incendie,2020-11-24,542.5,Tesla,5,15500.0,personnel,résilié
CTR_002949,INS_004447,Tiers étendu,2025-09-09,373.5,Volkswagen,17,8300.0,personnel,actif
CTR_002950,INS_004450,Tiers étendu,2022-07-14,292.5,Mercedes,2,6500.0,personnel,actif
CTR_002951,INS_004452,Tiers étendu,2021-07-27,234.0,Citroën,11,5200.0,personnel,actif
CTR_002952,INS_004455,Au tiers,2020-09-20,465.0,Ford,2,18600.0,personnel,actif
CTR_002953,INS_004456,Tiers + vol/incendie,2020-10-09,200.0,Audi,19,3100.0,personnel,actif
CTR_002954,INS_004457,Tous risques + assistance,2021-09-26,877.5,Ford,6,11700.0,personnel,actif
CTR_002955,INS_004458,Au tiers,2021-07-14,552.5,Volkswagen,7,17000.0,professionnel,actif
CTR_002956,INS_004459,Tiers étendu,2025-03-31,643.5,Seat,9,11000.0,professionnel,actif
CTR_002957,INS_004460,Tous risques,2022-03-06,468.0,Hyundai,4,6000.0,professionnel,actif
CTR_002958,INS_004462,Tiers étendu,2023-02-04,200.0,Renault,14,2600.0,professionnel,actif
CTR_002959,INS_004463,Tous risques,2023-08-05,795.6,Opel,8,10200.0,professionnel,suspendu
CTR_002960,INS_004464,Tous risques,2024-06-04,200.0,Renault,12,800.0,professionnel,actif
CTR_002961,INS_004464,Tous risques,2020-12-29,870.0,Toyota,10,14500.0,personnel,actif
CTR_002962,INS_004474,Au tiers,2020-09-05,200.0,Tesla,12,6000.0,personnel,actif
CTR_002963,INS_004475,Tiers étendu,2026-05-24,321.75,Opel,4,5500.0,professionnel,actif
CTR_002964,INS_004475,Tiers + vol/incendie,2024-11-02,339.5,Citroën,16,9700.0,personnel,actif
CTR_002965,INS_004477,Tous risques,2022-07-23,1098.0,Toyota,1,18300.0,personnel,actif
CTR_002966,INS_004478,Tous risques + assistance,2023-09-09,546.0,Ford,9,5600.0,professionnel,actif
CTR_002967,INS_004478,Tous risques + assistance,2024-05-18,1828.5,Audi,7,21200.0,mixte,actif
CTR_002968,INS_004479,Tiers étendu,2022-04-10,270.0,Kia,13,6000.0,personnel,actif
CTR_002969,INS_004483,Au tiers,2023-02-19,292.5,Opel,9,11700.0,personnel,actif
CTR_002970,INS_004484,Tous risques,2024-11-04,200.0,Skoda,2,800.0,personnel,actif
CTR_002971,INS_004485,Tous risques,2024-08-23,448.5,Tesla,20,6500.0,mixte,actif
CTR_002972,INS_004485,Tiers + vol/incendie,2021-10-27,200.0,Kia,6,1800.0,professionnel,actif
CTR_002973,INS_004487,Au tiers,2025-03-13,200.0,Hyundai,7,4700.0,personnel,actif
CTR_002974,INS_004490,Tiers + vol/incendie,2022-05-08,248.5,Jeep,12,7100.0,personnel,actif
CTR_002975,INS_004492,Tous risques + assistance,2025-09-17,200.0,Opel,3,800.0,personnel,actif
CTR_002976,INS_004493,Tiers étendu,2021-02-11,495.0,Nissan,11,11000.0,personnel,actif
CTR_002977,INS_004496,Au tiers,2023-09-30,200.0,Mercedes,18,2300.0,professionnel,actif
CTR_002978,INS_004498,Tous risques,2026-03-28,241.5,Fiat,9,3500.0,mixte,actif
CTR_002979,INS_004499,Tous risques,2023-12-25,759.0,Fiat,8,11000.0,mixte,actif
CTR_002980,INS_004500,Tiers + vol/incendie,2020-12-26,200.0,Ford,1,3800.0,personnel,actif
CTR_002981,INS_004502,Tiers étendu,2022-11-01,1199.25,Citroën,5,20500.0,professionnel,actif
CTR_002982,INS_004503,Tiers + vol/incendie,2024-01-29,262.5,Skoda,10,7500.0,personnel,actif
CTR_002983,INS_004504,Tous risques,2025-10-28,1020.0,Volvo,9,17000.0,personnel,actif
CTR_002984,INS_004505,Au tiers,2021-12-30,200.0,Kia,5,6000.0,personnel,actif
CTR_002985,INS_004507,Tous risques,2021-04-24,1122.0,Peugeot,5,18700.0,personnel,actif
CTR_002986,INS_004507,Tous risques,2022-11-24,954.0,Toyota,5,15900.0,personnel,actif
CTR_002987,INS_004508,Tous risques + assistance,2024-07-02,379.5,Nissan,6,4400.0,mixte,actif
CTR_002988,INS_004510,Tiers + vol/incendie,2026-01-02,200.0,Kia,6,4000.0,personnel,actif
CTR_002989,INS_004511,Tiers + vol/incendie,2025-11-24,322.0,Renault,8,9200.0,personnel,actif
CTR_002990,INS_004515,Tous risques,2025-03-20,936.0,Mercedes,7,15600.0,personnel,actif
CTR_002991,INS_004517,Au tiers,2020-07-14,207.5,Dacia,5,8300.0,personnel,actif
CTR_002992,INS_004520,Tiers + vol/incendie,2026-03-23,596.05,Volkswagen,2,13100.0,professionnel,actif
CTR_002993,INS_004521,Tiers étendu,2025-11-25,1161.0,Hyundai,3,25800.0,personnel,résilié
CTR_002994,INS_004522,Tiers + vol/incendie,2024-11-19,568.75,Tesla,5,12500.0,professionnel,actif
CTR_002995,INS_004524,Tous risques,2026-04-16,630.0,Skoda,11,10500.0,personnel,actif
CTR_002996,INS_004526,Tiers + vol/incendie,2022-09-05,322.0,BMW,8,9200.0,personnel,actif
CTR_002997,INS_004527,Tous risques,2024-02-03,1758.0,Opel,0,29300.0,personnel,actif
CTR_002998,INS_004528,Tous risques + assistance,2020-07-01,1027.5,Nissan,5,13700.0,personnel,actif
CTR_002999,INS_004531,Au tiers,2025-10-07,200.0,Tesla,5,1000.0,personnel,actif
CTR_003000,INS_004532,Tous risques,2025-09-22,372.0,BMW,15,6200.0,personnel,actif
CTR_003001,INS_004533,Tous risques,2025-06-29,1669.2,Seat,2,21400.0,professionnel,actif
CTR_003002,INS_004533,Tiers + vol/incendie,2024-10-03,236.6,Nissan,5,5200.0,professionnel,actif
CTR_003003,INS_004537,Tous risques,2024-03-19,600.6,Peugeot,8,7700.0,professionnel,actif
CTR_003004,INS_004538,Tous risques,2021-05-10,882.0,Mercedes,12,14700.0,personnel,actif
CTR_003005,INS_004539,Tiers + vol/incendie,2021-11-23,808.5,Audi,4,23100.0,personnel,actif
CTR_003006,INS_004540,Au tiers,2025-03-12,200.0,Tesla,18,3800.0,personnel,actif
CTR_003007,INS_004542,Tiers + vol/incendie,2021-02-19,200.0,Jeep,0,4800.0,personnel,actif
CTR_003008,INS_004543,Tiers + vol/incendie,2023-08-11,297.5,Skoda,0,8500.0,personnel,actif
CTR_003009,INS_004544,Tous risques,2022-11-25,967.2,Jeep,10,12400.0,professionnel,actif
CTR_003010,INS_004544,Au tiers,2023-06-02,372.5,Jeep,10,14900.0,personnel,actif
CTR_003011,INS_004546,Tiers + vol/incendie,2021-02-24,612.5,Kia,4,17500.0,personnel,actif
CTR_003012,INS_004550,Tiers étendu,2024-07-08,828.0,Kia,3,18400.0,personnel,résilié
CTR_003013,INS_004551,Tiers étendu,2024-03-11,1509.3,Seat,0,25800.0,professionnel,actif
CTR_003014,INS_004555,Tiers étendu,2023-05-23,200.0,BMW,7,2400.0,personnel,actif
CTR_003015,INS_004556,Au tiers,2025-12-17,365.0,BMW,1,14600.0,personnel,actif
CTR_003016,INS_004557,Au tiers,2022-10-23,200.0,Kia,7,7100.0,personnel,actif
CTR_003017,INS_004558,Tous risques,2024-04-18,258.0,Hyundai,16,4300.0,personnel,actif
CTR_003018,INS_004559,Au tiers,2022-09-06,200.0,Volvo,20,3500.0,personnel,actif
CTR_003019,INS_004559,Tous risques,2024-02-08,1357.2,BMW,6,17400.0,professionnel,actif
CTR_003020,INS_004561,Au tiers,2025-01-26,475.0,Seat,5,19000.0,personnel,actif
CTR_003021,INS_004563,Tous risques,2026-02-14,200.0,Hyundai,3,800.0,professionnel,actif
CTR_003022,INS_004564,Tous risques,2020-07-30,270.0,Fiat,8,4500.0,personnel,actif
CTR_003023,INS_004565,Tiers + vol/incendie,2021-07-23,574.0,Ford,5,16400.0,personnel,suspendu
CTR_003024,INS_004566,Tous risques,2022-01-08,348.0,Audi,5,5800.0,personnel,actif
CTR_003025,INS_004567,Tous risques,2023-11-01,1028.1,Citroën,8,14900.0,mixte,actif
CTR_003026,INS_004569,Au tiers,2025-12-27,484.25,Kia,2,14900.0,professionnel,actif
CTR_003027,INS_004570,Tous risques + assistance,2020-11-30,360.0,Jeep,4,4800.0,personnel,actif
CTR_003028,INS_004572,Tous risques,2020-06-02,1029.6,Skoda,8,13200.0,professionnel,actif
CTR_003029,INS_004575,Tous risques,2022-06-20,456.0,Seat,17,7600.0,personnel,actif
CTR_003030,INS_004576,Tiers + vol/incendie,2021-10-11,371.0,Nissan,4,10600.0,personnel,actif
CTR_003031,INS_004577,Au tiers,2024-05-14,340.0,Mercedes,7,13600.0,personnel,actif
CTR_003032,INS_004579,Tous risques,2024-03-14,200.0,Renault,12,800.0,personnel,actif
CTR_003033,INS_004581,Au tiers,2025-12-06,385.0,Nissan,4,15400.0,personnel,actif
CTR_003034,INS_004584,Au tiers,2026-01-29,200.0,Fiat,20,5600.0,mixte,actif
CTR_003035,INS_004585,Tiers étendu,2022-07-04,202.5,Renault,9,4500.0,personnel,actif
CTR_003036,INS_004587,Tous risques,2021-03-04,420.0,BMW,11,7000.0,personnel,actif
CTR_003037,INS_004588,Tiers + vol/incendie,2021-03-11,330.05,Dacia,11,8200.0,mixte,actif
CTR_003038,INS_004589,Au tiers,2024-02-28,200.0,Tesla,14,6300.0,personnel,actif
CTR_003039,INS_004590,Tous risques,2020-09-09,200.0,Fiat,11,3300.0,personnel,actif
CTR_003040,INS_004591,Tiers + vol/incendie,2021-08-08,632.45,Hyundai,4,13900.0,professionnel,actif
CTR_003041,INS_004592,Tiers + vol/incendie,2021-04-09,420.0,Tesla,2,12000.0,personnel,actif
CTR_003042,INS_004593,Au tiers,2020-09-04,305.0,Kia,4,12200.0,personnel,actif
CTR_003043,INS_004594,Au tiers,2024-04-08,237.5,Renault,12,9500.0,personnel,actif
CTR_003044,INS_004596,Tous risques,2023-03-06,558.0,Fiat,6,9300.0,personnel,actif
CTR_003045,INS_004597,Tous risques,2025-06-20,538.2,Mercedes,15,7800.0,mixte,actif
CTR_003046,INS_004600,Tous risques,2023-10-01,252.0,Hyundai,13,4200.0,personnel,actif
CTR_003047,INS_004601,Tiers étendu,2024-02-02,842.4,Skoda,6,14400.0,professionnel,actif
CTR_003048,INS_004607,Tiers + vol/incendie,2024-10-21,679.0,Ford,3,19400.0,personnel,actif
CTR_003049,INS_004610,Tiers étendu,2021-12-02,481.5,Dacia,6,10700.0,personnel,actif
CTR_003050,INS_004612,Tiers + vol/incendie,2021-07-18,504.0,Toyota,6,14400.0,personnel,actif
CTR_003051,INS_004613,Tous risques,2023-03-05,654.0,Skoda,2,10900.0,personnel,actif
CTR_003052,INS_004614,Tous risques,2021-02-16,882.0,Fiat,4,14700.0,personnel,actif
CTR_003053,INS_004615,Au tiers,2024-01-21,402.5,Toyota,4,16100.0,personnel,actif
CTR_003054,INS_004616,Tous risques + assistance,2020-12-04,630.0,Tesla,9,8400.0,personnel,actif
CTR_003055,INS_004618,Tiers étendu,2022-05-28,895.05,Tesla,4,15300.0,professionnel,actif
CTR_003056,INS_004619,Tous risques,2025-10-20,396.0,Skoda,4,6600.0,personnel,actif
CTR_003057,INS_004619,Tiers + vol/incendie,2025-04-06,357.0,Kia,7,10200.0,personnel,suspendu
CTR_003058,INS_004621,Tous risques,2022-05-20,912.0,Skoda,7,15200.0,personnel,actif
CTR_003059,INS_004623,Au tiers,2026-05-15,345.0,Skoda,8,12000.0,mixte,actif
CTR_003060,INS_004624,Tiers étendu,2025-09-14,315.0,Toyota,2,7000.0,personnel,actif
CTR_003061,INS_004627,Tous risques,2025-03-19,894.0,Peugeot,8,14900.0,personnel,actif
CTR_003062,INS_004628,Tiers étendu,2020-07-14,612.0,Nissan,4,13600.0,personnel,actif
CTR_003063,INS_004629,Tous risques,2025-12-22,213.9,Dacia,15,3100.0,mixte,actif
CTR_003064,INS_004630,Tiers étendu,2025-11-16,247.5,Volkswagen,8,5500.0,personnel,actif
CTR_003065,INS_004632,Tiers étendu,2026-01-30,200.0,Toyota,2,2600.0,personnel,actif
CTR_003066,INS_004634,Tous risques,2022-10-17,881.4,Audi,4,11300.0,professionnel,actif
CTR_003067,INS_004635,Tous risques,2025-03-25,452.4,Peugeot,17,5800.0,professionnel,actif
CTR_003068,INS_004639,Tiers + vol/incendie,2020-08-29,732.55,Toyota,4,18200.0,mixte,actif
CTR_003069,INS_004641,Tiers + vol/incendie,2023-09-17,381.5,Nissan,9,10900.0,personnel,actif
CTR_003070,INS_004643,Au tiers,2021-06-09,450.0,Hyundai,0,18000.0,personnel,actif
CTR_003071,INS_004648,Au tiers,2026-01-03,200.0,Hyundai,17,5900.0,personnel,actif
CTR_003072,INS_004649,Au tiers,2021-06-27,465.0,Seat,8,18600.0,personnel,actif
CTR_003073,INS_004652,Tous risques,2020-06-22,786.0,Audi,9,13100.0,personnel,actif
CTR_003074,INS_004653,Tous risques,2025-02-03,324.0,Hyundai,15,5400.0,personnel,actif
CTR_003075,INS_004654,Tous risques,2025-06-24,397.8,Seat,5,5100.0,professionnel,actif
CTR_003076,INS_004655,Tiers + vol/incendie,2025-09-18,717.5,Nissan,2,20500.0,personnel,actif
CTR_003077,INS_004655,Tiers + vol/incendie,2021-12-23,332.5,Fiat,11,9500.0,personnel,actif
CTR_003078,INS_004655,Au tiers,2026-02-14,230.0,Ford,8,9200.0,personnel,actif
CTR_003079,INS_004656,Tous risques,2022-10-16,552.0,Nissan,5,9200.0,personnel,actif
CTR_003080,INS_004657,Tiers étendu,2026-04-10,436.5,Ford,3,9700.0,personnel,actif
CTR_003081,INS_004660,Tiers étendu,2026-03-11,976.95,BMW,7,16700.0,professionnel,actif
CTR_003082,INS_004661,Tous risques,2020-08-24,438.0,Peugeot,1,7300.0,personnel,actif
CTR_003083,INS_004662,Tiers + vol/incendie,2023-11-15,523.25,Toyota,14,11500.0,professionnel,actif
CTR_003084,INS_004663,Au tiers,2021-12-09,380.0,Dacia,0,15200.0,personnel,actif
CTR_003085,INS_004666,Au tiers,2020-11-23,200.0,Kia,9,2700.0,personnel,actif
CTR_003086,INS_004667,Tous risques,2023-05-31,1380.0,Hyundai,4,20000.0,mixte,actif
CTR_003087,INS_004668,Tous risques,2024-10-07,924.0,BMW,3,15400.0,personnel,actif
CTR_003088,INS_004670,Tous risques,2023-06-05,787.8,Peugeot,12,10100.0,professionnel,actif
CTR_003089,INS_004671,Tous risques,2023-01-04,967.2,Ford,5,12400.0,professionnel,actif
CTR_003090,INS_004674,Tous risques,2026-03-04,1110.0,BMW,7,18500.0,personnel,actif
CTR_003091,INS_004676,Tous risques,2021-12-14,708.0,Volkswagen,4,11800.0,personnel,actif
CTR_003092,INS_004679,Au tiers,2020-08-10,270.0,Ford,0,10800.0,personnel,actif
CTR_003093,INS_004680,Au tiers,2025-10-19,200.0,Volkswagen,3,800.0,personnel,actif
CTR_003094,INS_004682,Tiers + vol/incendie,2022-05-16,385.0,Volvo,12,11000.0,personnel,actif
CTR_003095,INS_004688,Tiers étendu,2025-06-10,495.0,Kia,3,11000.0,personnel,actif
CTR_003096,INS_004689,Tiers étendu,2022-12-26,549.0,Peugeot,14,12200.0,personnel,suspendu
CTR_003097,INS_004690,Tous risques,2021-03-15,496.8,Tesla,7,7200.0,mixte,actif
CTR_003098,INS_004692,Au tiers,2023-06-26,542.75,Peugeot,5,16700.0,professionnel,actif
CTR_003099,INS_004694,Au tiers,2023-05-08,217.75,Volkswagen,9,6700.0,professionnel,actif
CTR_003100,INS_004695,Tous risques + assistance,2023-06-13,1365.0,Toyota,5,18200.0,personnel,actif
CTR_003101,INS_004696,Tous risques,2023-06-17,300.0,Volvo,6,5000.0,personnel,actif
CTR_003102,INS_004697,Au tiers,2024-10-06,390.0,Skoda,3,15600.0,personnel,actif
CTR_003103,INS_004701,Tiers + vol/incendie,2022-09-06,595.7,Skoda,9,14800.0,mixte,actif
CTR_003104,INS_004704,Tiers étendu,2022-12-13,737.1,Nissan,9,12600.0,professionnel,actif
CTR_003105,INS_004704,Tiers + vol/incendie,2026-04-16,200.0,Peugeot,13,1800.0,personnel,actif
CTR_003106,INS_004704,Tiers + vol/incendie,2026-04-03,200.0,Mercedes,3,800.0,mixte,actif
CTR_003107,INS_004706,Au tiers,2024-02-19,227.5,Volvo,3,9100.0,personnel,actif
CTR_003108,INS_004708,Tous risques,2021-10-27,200.0,Jeep,9,800.0,personnel,suspendu
CTR_003109,INS_004713,Tous risques,2021-08-19,338.1,Ford,3,4900.0,mixte,actif
CTR_003110,INS_004714,Tous risques,2024-05-07,822.0,Jeep,0,13700.0,personnel,actif
CTR_003111,INS_004715,Tiers + vol/incendie,2020-09-16,332.5,Seat,6,9500.0,personnel,actif
CTR_003112,INS_004716,Tiers étendu,2024-04-11,544.5,Ford,3,12100.0,personnel,actif
CTR_003113,INS_004719,Tous risques,2025-09-15,894.0,Seat,5,14900.0,personnel,actif
CTR_003114,INS_004721,Tous risques,2021-03-23,228.0,Mercedes,10,3800.0,personnel,actif
CTR_003115,INS_004722,Tous risques + assistance,2023-12-12,937.5,Hyundai,13,12500.0,personnel,actif
CTR_003116,INS_004723,Tiers étendu,2025-09-14,486.0,Renault,10,10800.0,personnel,actif
CTR_003117,INS_004724,Tous risques,2026-05-08,480.0,Audi,14,8000.0,personnel,actif
CTR_003118,INS_004725,Tiers étendu,2025-03-11,688.5,Kia,3,15300.0,personnel,actif
CTR_003119,INS_004726,Tiers étendu,2025-08-09,200.0,Kia,14,800.0,mixte,actif
CTR_003120,INS_004727,Tous risques,2023-09-25,690.0,Volvo,5,11500.0,personnel,actif
CTR_003121,INS_004728,Tiers + vol/incendie,2020-06-13,295.75,Dacia,12,6500.0,professionnel,actif
CTR_003122,INS_004730,Tous risques,2022-01-27,330.0,BMW,18,5500.0,personnel,actif
CTR_003123,INS_004732,Tous risques,2025-05-19,327.6,Toyota,6,4200.0,professionnel,actif
CTR_003124,INS_004734,Tiers + vol/incendie,2022-01-22,728.0,Kia,7,20800.0,personnel,actif
CTR_003125,INS_004735,Tous risques,2024-11-30,1056.0,Ford,9,17600.0,personnel,résilié
CTR_003126,INS_004737,Tiers étendu,2025-10-23,369.0,Volvo,6,8200.0,personnel,actif
CTR_003127,INS_004738,Tous risques,2020-11-15,1117.8,Hyundai,4,16200.0,mixte,actif
CTR_003128,INS_004739,Tous risques,2023-11-11,1008.0,Renault,6,16800.0,personnel,actif
CTR_003129,INS_004743,Tous risques + assistance,2020-06-27,337.5,Skoda,10,4500.0,personnel,actif
CTR_003130,INS_004743,Au tiers,2023-06-14,565.5,Skoda,6,17400.0,professionnel,actif
CTR_003131,INS_004743,Au tiers,2021-08-22,477.75,Audi,7,14700.0,professionnel,actif
CTR_003132,INS_004747,Tiers + vol/incendie,2021-02-14,200.0,Volvo,3,4100.0,personnel,actif
CTR_003133,INS_004749,Tiers étendu,2024-09-20,351.0,Peugeot,14,7800.0,personnel,actif
CTR_003134,INS_004751,Au tiers,2021-12-07,332.5,Fiat,5,13300.0,personnel,actif
CTR_003135,INS_004751,Tous risques,2026-05-13,540.0,Skoda,6,9000.0,personnel,actif
CTR_003136,INS_004752,Tiers étendu,2023-12-01,841.5,Volkswagen,4,18700.0,personnel,actif
CTR_003137,INS_004752,Tous risques + assistance,2026-05-03,877.5,Opel,5,9000.0,professionnel,suspendu
CTR_003138,INS_004753,Tous risques,2022-05-01,642.0,Citroën,5,10700.0,personnel,actif
CTR_003139,INS_004757,Tiers étendu,2021-11-14,337.5,Nissan,12,7500.0,personnel,actif
CTR_003140,INS_004760,Tous risques + assistance,2021-05-29,1664.62,Renault,8,19300.0,mixte,actif
CTR_003141,INS_004764,Au tiers,2024-09-14,360.0,Toyota,6,14400.0,personnel,actif
CTR_003142,INS_004766,Tiers + vol/incendie,2022-02-19,500.5,Mercedes,4,14300.0,personnel,actif
CTR_003143,INS_004767,Au tiers,2020-11-01,209.87,Jeep,5,7300.0,mixte,actif
CTR_003144,INS_004768,Au tiers,2024-08-30,200.0,Renault,15,4500.0,personnel,actif
CTR_003145,INS_004769,Tous risques,2021-02-16,384.0,Volvo,19,6400.0,personnel,actif
CTR_003146,INS_004770,Tous risques,2023-02-25,764.4,Skoda,2,9800.0,professionnel,actif
CTR_003147,INS_004771,Tous risques,2023-10-11,588.0,Volvo,2,9800.0,personnel,actif
CTR_003148,INS_004772,Tiers + vol/incendie,2020-09-06,200.0,Citroën,4,1200.0,personnel,actif
CTR_003149,INS_004773,Tous risques,2022-07-26,528.0,Audi,8,8800.0,personnel,actif
CTR_003150,INS_004777,Tiers étendu,2022-03-30,666.9,Jeep,12,11400.0,professionnel,actif
CTR_003151,INS_004778,Tous risques,2021-03-01,990.0,Peugeot,4,16500.0,personnel,actif
CTR_003152,INS_004779,Au tiers,2021-10-31,386.75,Audi,3,11900.0,professionnel,actif
CTR_003153,INS_004780,Tiers étendu,2022-07-19,472.5,Hyundai,6,10500.0,personnel,actif
CTR_003154,INS_004782,Tiers étendu,2020-12-14,459.0,Ford,8,10200.0,personnel,actif
CTR_003155,INS_004782,Tous risques,2024-10-22,762.0,Toyota,10,12700.0,personnel,actif
CTR_003156,INS_004785,Au tiers,2023-03-30,327.5,Hyundai,8,13100.0,personnel,actif
CTR_003157,INS_004786,Au tiers,2024-03-26,227.5,Opel,10,7000.0,professionnel,actif
CTR_003158,INS_004786,Tous risques,2025-04-25,200.0,Seat,15,3200.0,personnel,actif
CTR_003159,INS_004787,Tous risques + assistance,2022-05-21,1132.5,Renault,7,15100.0,personnel,actif
CTR_003160,INS_004788,Tous risques,2021-09-21,720.0,Nissan,5,12000.0,personnel,actif
CTR_003161,INS_004790,Tiers + vol/incendie,2024-05-04,200.0,Toyota,3,4400.0,personnel,actif
CTR_003162,INS_004791,Tous risques,2022-10-04,577.2,Nissan,5,7400.0,professionnel,actif
CTR_003163,INS_004793,Tous risques,2020-06-11,792.0,Opel,12,13200.0,personnel,actif
CTR_003164,INS_004794,Au tiers,2023-09-26,292.5,Peugeot,9,11700.0,personnel,actif
CTR_003165,INS_004796,Tous risques + assistance,2025-08-01,412.5,Kia,15,5500.0,personnel,actif
CTR_003166,INS_004796,Au tiers,2024-12-13,377.5,BMW,4,15100.0,personnel,actif
CTR_003167,INS_004798,Tous risques,2022-10-27,930.0,Volvo,8,15500.0,personnel,actif
CTR_003168,INS_004799,Tous risques,2024-02-27,696.0,Dacia,8,11600.0,personnel,actif
CTR_003169,INS_004800,Tous risques,2024-11-19,1284.0,Ford,2,21400.0,personnel,actif
CTR_003170,INS_004801,Tous risques + assistance,2022-11-17,720.0,Nissan,5,9600.0,personnel,actif
CTR_003171,INS_004802,Tous risques,2025-03-12,1201.2,Peugeot,4,15400.0,professionnel,actif
CTR_003172,INS_004804,Tiers étendu,2022-09-04,200.0,BMW,14,3800.0,personnel,actif
CTR_003173,INS_004805,Tous risques,2024-05-11,1062.0,Hyundai,1,17700.0,personnel,actif
CTR_003174,INS_004806,Tiers étendu,2023-12-15,540.0,Fiat,13,12000.0,personnel,actif
CTR_003175,INS_004808,Tous risques + assistance,2021-05-25,200.0,Opel,4,2600.0,personnel,actif
CTR_003176,INS_004809,Tiers étendu,2025-01-15,200.0,Skoda,2,800.0,personnel,actif
CTR_003177,INS_004810,Tous risques,2026-01-11,702.0,Toyota,6,11700.0,personnel,actif
CTR_003178,INS_004811,Au tiers,2023-08-09,200.0,BMW,12,7900.0,personnel,actif
CTR_003179,INS_004812,Au tiers,2021-07-05,200.0,Jeep,0,6000.0,personnel,actif
CTR_003180,INS_004814,Tiers étendu,2025-09-17,1000.35,Volvo,0,17100.0,professionnel,actif
CTR_003181,INS_004816,Tiers + vol/incendie,2023-07-20,206.5,Volvo,4,5900.0,personnel,actif
CTR_003182,INS_004817,Au tiers,2021-05-20,200.0,Mercedes,19,800.0,personnel,actif
CTR_003183,INS_004817,Au tiers,2023-08-13,445.25,Volkswagen,0,13700.0,professionnel,actif
CTR_003184,INS_004818,Au tiers,2020-05-28,502.5,Mercedes,6,20100.0,personnel,actif
CTR_003185,INS_004823,Tiers + vol/incendie,2024-12-23,309.92,Seat,6,7700.0,mixte,actif
CTR_003186,INS_004826,Tous risques + assistance,2023-07-23,1222.5,Fiat,3,16300.0,personnel,actif
CTR_003187,INS_004830,Au tiers,2021-04-27,357.5,Dacia,4,14300.0,personnel,actif
CTR_003188,INS_004831,Tiers + vol/incendie,2022-08-21,850.85,Peugeot,8,18700.0,professionnel,actif
CTR_003189,INS_004832,Tiers + vol/incendie,2020-08-24,200.0,Tesla,8,1700.0,personnel,actif
CTR_003190,INS_004833,Au tiers,2025-10-14,492.5,Volvo,0,19700.0,personnel,suspendu
CTR_003191,INS_004835,Tous risques + assistance,2023-06-25,1319.62,Opel,3,15300.0,mixte,actif
CTR_003192,INS_004837,Tous risques + assistance,2022-12-16,1020.0,Volkswagen,10,13600.0,personnel,actif
CTR_003193,INS_004837,Au tiers,2024-10-04,200.0,Skoda,15,4800.0,personnel,actif
CTR_003194,INS_004838,Tiers étendu,2024-06-26,576.0,Jeep,6,12800.0,personnel,actif
CTR_003195,INS_004841,Tous risques,2025-05-21,924.0,Volvo,3,15400.0,personnel,actif
CTR_003196,INS_004842,Tous risques,2023-04-22,570.0,Opel,0,9500.0,personnel,actif
CTR_003197,INS_004844,Tous risques + assistance,2022-11-08,1755.0,Audi,5,18000.0,professionnel,actif
CTR_003198,INS_004845,Tiers + vol/incendie,2023-05-15,350.0,Skoda,5,10000.0,personnel,actif
CTR_003199,INS_004845,Tiers étendu,2020-07-04,269.1,Opel,19,4600.0,professionnel,actif
CTR_003200,INS_004845,Tiers + vol/incendie,2026-02-02,850.5,Toyota,0,24300.0,personnel,actif
CTR_003201,INS_004846,Au tiers,2022-01-25,200.0,Peugeot,11,6500.0,personnel,suspendu
CTR_003202,INS_004849,Tous risques,2025-03-16,200.0,Ford,14,1400.0,personnel,résilié
CTR_003203,INS_004850,Au tiers,2021-09-16,200.0,Jeep,7,4200.0,personnel,actif
CTR_003204,INS_004853,Tous risques,2026-03-28,408.0,Volkswagen,4,6800.0,personnel,actif
CTR_003205,INS_004855,Au tiers,2024-10-19,360.0,Dacia,3,14400.0,personnel,actif
CTR_003206,INS_004856,Tous risques,2023-11-04,594.0,Peugeot,6,9900.0,personnel,actif
CTR_003207,INS_004859,Au tiers,2025-05-19,604.5,Opel,6,18600.0,professionnel,actif
CTR_003208,INS_004862,Tiers + vol/incendie,2023-03-31,294.0,Hyundai,1,8400.0,personnel,actif
CTR_003209,INS_004864,Tous risques,2021-04-11,456.0,Citroën,12,7600.0,personnel,actif
CTR_003210,INS_004864,Au tiers,2021-10-13,260.0,Audi,6,8000.0,professionnel,actif
CTR_003211,INS_004864,Au tiers,2024-03-18,200.0,Audi,8,4300.0,personnel,actif
CTR_003212,INS_004865,Tous risques,2020-11-18,912.0,Nissan,6,15200.0,personnel,actif
CTR_003213,INS_004867,Au tiers,2023-04-06,272.5,Nissan,8,10900.0,personnel,actif
CTR_003214,INS_004869,Tous risques,2025-10-11,204.0,Opel,5,3400.0,personnel,actif
CTR_003215,INS_004870,Tiers + vol/incendie,2024-06-30,269.5,Jeep,8,7700.0,personnel,actif
CTR_003216,INS_004871,Tiers étendu,2024-08-25,607.5,Nissan,5,13500.0,personnel,actif
CTR_003217,INS_004871,Tiers + vol/incendie,2023-12-29,297.5,Nissan,10,8500.0,personnel,actif
CTR_003218,INS_004872,Tous risques,2021-05-07,768.0,Seat,8,12800.0,personnel,actif
CTR_003219,INS_004873,Tous risques,2023-05-31,336.0,Kia,17,5600.0,personnel,actif
CTR_003220,INS_004875,Tous risques,2024-02-18,774.0,Opel,9,12900.0,personnel,actif
CTR_003221,INS_004877,Tiers étendu,2022-01-16,200.0,Volvo,4,3700.0,personnel,actif
CTR_003222,INS_004879,Au tiers,2024-08-24,222.5,Peugeot,13,8900.0,personnel,actif
CTR_003223,INS_004882,Tiers étendu,2026-03-10,967.72,Toyota,8,18700.0,mixte,actif
CTR_003224,INS_004883,Tous risques,2020-12-01,624.0,Hyundai,10,8000.0,professionnel,actif
CTR_003225,INS_004884,Tiers + vol/incendie,2024-07-05,300.3,Ford,6,6600.0,professionnel,actif
CTR_003226,INS_004886,Tous risques,2024-08-18,1380.0,Skoda,3,23000.0,personnel,actif
CTR_003227,INS_004889,Tous risques,2022-02-21,408.0,Tesla,14,6800.0,personnel,actif
CTR_003228,INS_004890,Au tiers,2023-07-22,315.25,Jeep,14,9700.0,professionnel,actif
CTR_003229,INS_004891,Au tiers,2024-07-01,200.0,Kia,6,4100.0,personnel,actif
CTR_003230,INS_004892,Tous risques,2026-04-17,900.0,Seat,9,15000.0,personnel,actif
CTR_003231,INS_004893,Tous risques + assistance,2021-05-02,562.5,Mercedes,6,7500.0,personnel,actif
CTR_003232,INS_004894,Au tiers,2023-01-22,854.75,Seat,2,26300.0,professionnel,actif
CTR_003233,INS_004895,Au tiers,2024-12-16,640.0,Nissan,3,25600.0,personnel,actif
CTR_003234,INS_004896,Au tiers,2025-06-06,200.0,Renault,9,5500.0,mixte,actif
CTR_003235,INS_004897,Tous risques,2024-04-22,1128.0,Hyundai,5,18800.0,personnel,actif
CTR_003236,INS_004898,Tiers étendu,2025-02-18,200.0,Seat,6,4200.0,personnel,actif
CTR_003237,INS_004899,Tous risques + assistance,2024-02-09,510.0,Mercedes,16,6800.0,personnel,actif
CTR_003238,INS_004900,Au tiers,2022-12-10,322.5,Audi,6,12900.0,personnel,actif
CTR_003239,INS_004901,Tiers étendu,2022-05-28,702.0,Tesla,2,15600.0,personnel,actif
CTR_003240,INS_004903,Tiers + vol/incendie,2022-01-02,336.0,Seat,5,9600.0,personnel,suspendu
CTR_003241,INS_004904,Tous risques,2022-11-01,372.0,Peugeot,19,6200.0,personnel,actif
CTR_003242,INS_004904,Tous risques,2025-02-12,846.0,Ford,4,14100.0,personnel,résilié
CTR_003243,INS_004904,Tiers étendu,2020-10-29,200.0,Volkswagen,17,3500.0,mixte,actif
CTR_003244,INS_004905,Tous risques,2022-07-18,1044.0,Volvo,4,17400.0,personnel,actif
CTR_003245,INS_004906,Tiers étendu,2024-03-30,238.5,Renault,5,5300.0,personnel,actif
CTR_003246,INS_004906,Tous risques,2022-04-05,1185.6,Toyota,2,15200.0,professionnel,actif
CTR_003247,INS_004910,Tiers + vol/incendie,2021-01-24,609.0,Fiat,4,17400.0,personnel,actif
CTR_003248,INS_004911,Tous risques,2022-10-25,516.0,Mercedes,11,8600.0,personnel,actif
CTR_003249,INS_004914,Tiers + vol/incendie,2023-07-28,200.0,Jeep,1,4400.0,personnel,actif
CTR_003250,INS_004915,Tiers étendu,2022-12-16,479.7,Peugeot,3,8200.0,professionnel,actif
CTR_003251,INS_004917,Tous risques,2026-01-03,696.0,Fiat,7,11600.0,personnel,suspendu
CTR_003252,INS_004920,Tous risques,2020-06-11,510.0,Hyundai,13,8500.0,personnel,actif
CTR_003253,INS_004921,Tous risques + assistance,2025-04-01,1189.5,Kia,6,12200.0,professionnel,résilié
CTR_003254,INS_004924,Tous risques,2023-10-16,1235.1,Renault,8,17900.0,mixte,actif
CTR_003255,INS_004926,Tiers étendu,2021-08-20,415.35,Toyota,7,7100.0,professionnel,actif
CTR_003256,INS_004928,Tiers + vol/incendie,2024-10-24,220.5,Jeep,8,6300.0,personnel,actif
CTR_003257,INS_004928,Tous risques,2025-04-21,951.6,Mercedes,4,12200.0,professionnel,actif
CTR_003258,INS_004928,Au tiers,2020-10-05,347.5,Jeep,8,13900.0,personnel,actif
CTR_003259,INS_004929,Tous risques,2021-01-21,917.7,Skoda,6,13300.0,mixte,actif
CTR_003260,INS_004931,Tiers étendu,2025-02-06,388.12,Volvo,10,7500.0,mixte,actif
CTR_003261,INS_004932,Au tiers,2025-06-02,370.0,Renault,11,14800.0,personnel,actif
CTR_003262,INS_004934,Au tiers,2020-11-29,200.0,Seat,19,2700.0,personnel,actif
CTR_003263,INS_004934,Tiers étendu,2024-10-24,579.15,Peugeot,16,9900.0,professionnel,actif
CTR_003264,INS_004935,Tous risques,2023-11-07,522.0,Audi,13,8700.0,personnel,actif
CTR_003265,INS_004935,Tous risques,2024-04-22,1228.2,Toyota,2,17800.0,mixte,actif
CTR_003266,INS_004936,Tiers étendu,2021-04-30,532.35,Toyota,3,9100.0,professionnel,actif
CTR_003267,INS_004937,Tiers + vol/incendie,2025-12-05,206.5,Volvo,4,5900.0,personnel,actif
CTR_003268,INS_004938,Tiers étendu,2021-04-06,269.1,Volkswagen,7,4600.0,professionnel,résilié
CTR_003269,INS_004939,Tous risques,2023-07-17,450.0,Jeep,13,7500.0,personnel,actif
CTR_003270,INS_004940,Tous risques,2024-12-13,741.0,Renault,14,9500.0,professionnel,résilié
CTR_003271,INS_004940,Tiers + vol/incendie,2025-02-23,493.5,Toyota,11,14100.0,personnel,actif
CTR_003272,INS_004942,Au tiers,2021-09-07,382.37,Citroën,5,13300.0,mixte,actif
CTR_003273,INS_004943,Tiers étendu,2025-01-11,598.5,Jeep,5,13300.0,personnel,résilié
CTR_003274,INS_004943,Tous risques,2023-12-31,984.0,Jeep,6,16400.0,personnel,actif
CTR_003275,INS_004943,Tous risques,2023-04-10,280.8,Peugeot,16,3600.0,professionnel,résilié
CTR_003276,INS_004944,Tiers étendu,2022-11-09,508.5,Mercedes,11,11300.0,personnel,actif
CTR_003277,INS_004947,Tous risques,2020-09-08,288.0,Seat,8,4800.0,personnel,actif
CTR_003278,INS_004947,Tous risques + assistance,2024-03-01,200.0,Nissan,1,800.0,personnel,actif
CTR_003279,INS_004948,Tiers + vol/incendie,2024-12-28,291.2,Volkswagen,9,6400.0,professionnel,actif
CTR_003280,INS_004950,Tous risques,2023-01-05,800.4,Dacia,2,11600.0,mixte,actif
CTR_003281,INS_004952,Tous risques,2024-07-23,708.0,Ford,6,11800.0,personnel,actif
CTR_003282,INS_004953,Tous risques,2026-02-15,393.3,Jeep,13,5700.0,mixte,actif
CTR_003283,INS_004954,Tous risques + assistance,2025-03-22,1218.75,Opel,9,12500.0,professionnel,actif
CTR_003284,INS_004954,Tous risques,2025-08-22,354.0,Toyota,8,5900.0,personnel,actif
CTR_003285,INS_004955,Tiers étendu,2026-03-22,994.5,Skoda,7,17000.0,professionnel,actif
CTR_003286,INS_004955,Tiers + vol/incendie,2022-01-16,504.0,Skoda,11,14400.0,personnel,actif
CTR_003287,INS_004955,Tiers étendu,2025-02-26,754.65,Toyota,6,12900.0,professionnel,actif
CTR_003288,INS_004957,Tous risques,2021-07-29,972.0,Volvo,8,16200.0,personnel,actif
CTR_003289,INS_004958,Tiers étendu,2022-03-13,200.0,Skoda,6,1000.0,personnel,actif
CTR_003290,INS_004959,Tous risques,2020-06-04,252.0,Volkswagen,15,4200.0,personnel,actif
CTR_003291,INS_004962,Tous risques,2025-06-05,780.0,Citroën,6,13000.0,personnel,actif
CTR_003292,INS_004964,Tous risques,2022-05-26,594.0,BMW,9,9900.0,personnel,actif
CTR_003293,INS_004966,Tous risques,2021-09-17,642.0,Opel,3,10700.0,personnel,actif
CTR_003294,INS_004967,Tiers étendu,2024-11-18,884.92,Audi,4,17100.0,mixte,actif
CTR_003295,INS_004968,Tous risques,2022-08-24,1356.0,Volvo,7,22600.0,personnel,actif
CTR_003296,INS_004971,Au tiers,2025-09-06,497.5,Kia,2,19900.0,personnel,actif
CTR_003297,INS_004972,Tiers + vol/incendie,2022-10-16,483.0,Audi,10,13800.0,personnel,actif
CTR_003298,INS_004973,Tiers étendu,2026-04-26,702.0,Citroën,2,15600.0,personnel,actif
CTR_003299,INS_004974,Tous risques,2023-04-24,642.0,Skoda,2,10700.0,personnel,actif
CTR_003300,INS_004974,Tous risques,2025-12-19,200.0,Ford,18,1200.0,personnel,actif
CTR_003301,INS_004974,Tous risques,2022-05-09,200.0,Hyundai,4,800.0,personnel,actif
CTR_003302,INS_004976,Tous risques,2022-01-12,1548.0,Toyota,5,25800.0,personnel,actif
CTR_003303,INS_004980,Au tiers,2025-09-05,310.5,Nissan,4,10800.0,mixte,actif
CTR_003304,INS_004981,Tous risques,2022-06-20,642.0,Renault,5,10700.0,personnel,actif
CTR_003305,INS_004981,Tous risques,2023-11-29,504.0,Audi,3,8400.0,personnel,actif
CTR_003306,INS_004981,Tous risques + assistance,2025-10-01,555.0,Nissan,3,7400.0,personnel,actif
CTR_003307,INS_004984,Tous risques + assistance,2020-08-22,2125.5,Fiat,7,21800.0,professionnel,actif
CTR_003308,INS_004985,Tous risques,2025-09-27,294.0,Citroën,5,4900.0,personnel,actif
CTR_003309,INS_004986,Tous risques,2023-04-21,510.0,Fiat,3,8500.0,personnel,actif
CTR_003310,INS_004987,Au tiers,2021-12-31,529.75,Dacia,2,16300.0,professionnel,actif
CTR_003311,INS_004988,Au tiers,2024-11-18,572.5,Seat,1,22900.0,personnel,actif
CTR_003312,INS_004989,Au tiers,2026-05-04,440.0,Opel,10,17600.0,personnel,actif
CTR_003313,INS_004992,Tous risques,2024-03-11,756.0,Skoda,10,12600.0,personnel,suspendu
CTR_003314,INS_004993,Au tiers,2021-03-22,320.0,Fiat,3,12800.0,personnel,actif
CTR_003315,INS_005004,Tiers étendu,2021-03-19,200.0,Renault,17,2200.0,personnel,actif
CTR_003316,INS_005005,Tous risques + assistance,2024-03-03,637.5,Renault,16,8500.0,personnel,actif
CTR_003317,INS_005007,Tous risques,2024-11-21,576.0,Nissan,8,9600.0,personnel,actif
CTR_003318,INS_005008,Tous risques,2022-10-07,294.0,Dacia,2,4900.0,personnel,actif
CTR_003319,INS_005009,Tiers étendu,2024-07-29,351.0,Dacia,8,7800.0,personnel,actif
CTR_003320,INS_005011,Au tiers,2025-02-26,399.62,Peugeot,6,13900.0,mixte,actif
CTR_003321,INS_005014,Tous risques,2024-02-21,1341.6,Mercedes,2,17200.0,professionnel,actif
CTR_003322,INS_005015,Tous risques + assistance,2020-10-09,1388.62,Dacia,2,16100.0,mixte,actif
CTR_003323,INS_005016,Tiers + vol/incendie,2023-12-29,200.0,BMW,3,1100.0,personnel,actif
CTR_003324,INS_005017,Tous risques + assistance,2021-04-25,243.75,Kia,19,2500.0,professionnel,actif
CTR_003325,INS_005018,Tiers + vol/incendie,2023-07-31,200.0,Dacia,14,3100.0,personnel,actif
CTR_003326,INS_005019,Tous risques,2026-04-14,996.0,Volvo,4,16600.0,personnel,actif
CTR_003327,INS_005019,Tiers étendu,2022-11-06,507.15,Seat,14,9800.0,mixte,actif
CTR_003328,INS_005019,Tiers + vol/incendie,2024-10-29,283.5,Fiat,16,8100.0,personnel,actif
CTR_003329,INS_005020,Au tiers,2025-12-12,217.75,Hyundai,13,6700.0,professionnel,actif
CTR_003330,INS_005021,Tous risques,2021-04-26,258.0,Volvo,12,4300.0,personnel,actif
CTR_003331,INS_005021,Tiers étendu,2023-05-28,729.0,Seat,6,16200.0,personnel,actif
CTR_003332,INS_005022,Au tiers,2024-10-27,200.0,Nissan,7,5600.0,personnel,actif
CTR_003333,INS_005024,Tous risques,2021-06-03,744.0,Skoda,8,12400.0,personnel,actif
CTR_003334,INS_005027,Tiers + vol/incendie,2020-11-28,573.3,Seat,10,12600.0,professionnel,actif
CTR_003335,INS_005027,Au tiers,2025-09-06,200.0,Seat,6,5200.0,professionnel,actif
CTR_003336,INS_005028,Tiers + vol/incendie,2022-07-17,542.5,Tesla,6,15500.0,personnel,actif
CTR_003337,INS_005029,Tiers + vol/incendie,2022-04-28,458.5,BMW,6,13100.0,personnel,actif
CTR_003338,INS_005030,Tous risques,2025-09-17,2130.0,Skoda,2,35500.0,personnel,actif
CTR_003339,INS_005032,Tous risques,2025-02-07,828.0,Audi,8,13800.0,personnel,actif
CTR_003340,INS_005033,Au tiers,2025-06-05,227.5,Tesla,7,7000.0,professionnel,actif
CTR_003341,INS_005034,Au tiers,2021-09-13,200.0,Dacia,8,800.0,personnel,actif
CTR_003342,INS_005035,Au tiers,2021-11-14,690.0,Audi,2,27600.0,personnel,suspendu
CTR_003343,INS_005036,Au tiers,2020-07-06,200.0,Mercedes,7,5500.0,personnel,actif
CTR_003344,INS_005039,Tous risques,2023-05-19,384.0,Opel,12,6400.0,personnel,actif
CTR_003345,INS_005040,Tiers étendu,2022-06-09,436.5,Opel,3,9700.0,personnel,actif
CTR_003346,INS_005042,Au tiers,2022-04-26,200.0,BMW,11,5300.0,personnel,actif
CTR_003347,INS_005046,Au tiers,2021-03-25,432.25,Mercedes,5,13300.0,professionnel,actif
CTR_003348,INS_005047,Tiers étendu,2025-11-17,751.5,Kia,1,16700.0,personnel,suspendu
CTR_003349,INS_005048,Tiers étendu,2022-09-18,1544.4,Peugeot,7,26400.0,professionnel,actif
CTR_003350,INS_005049,Tous risques + assistance,2022-11-24,577.5,Toyota,11,7700.0,personnel,actif
CTR_003351,INS_005050,Tiers + vol/incendie,2021-09-13,200.0,Hyundai,14,2800.0,personnel,actif
CTR_003352,INS_005052,Tiers + vol/incendie,2024-01-15,717.5,Fiat,2,20500.0,personnel,actif
CTR_003353,INS_005055,Tous risques,2022-10-13,491.4,Mercedes,1,6300.0,professionnel,actif
CTR_003354,INS_005056,Tiers étendu,2024-03-30,200.0,Ford,16,4000.0,personnel,actif
CTR_003355,INS_005057,Tous risques,2021-12-30,408.0,Opel,2,6800.0,personnel,actif
CTR_003356,INS_005059,Tiers étendu,2024-11-19,364.5,Citroën,16,8100.0,personnel,actif
CTR_003357,INS_005060,Au tiers,2020-05-30,331.5,Nissan,12,10200.0,professionnel,actif
CTR_003358,INS_005061,Au tiers,2023-10-06,212.5,BMW,7,8500.0,personnel,suspendu
CTR_003359,INS_005062,Tiers + vol/incendie,2025-01-20,353.5,Skoda,7,10100.0,personnel,actif
CTR_003360,INS_005065,Tous risques + assistance,2020-07-13,300.0,Nissan,8,4000.0,personnel,suspendu
CTR_003361,INS_005066,Tous risques,2023-04-12,1530.0,Skoda,1,25500.0,personnel,actif
CTR_003362,INS_005067,Tous risques,2022-06-16,1026.0,Toyota,7,17100.0,personnel,suspendu
CTR_003363,INS_005069,Tiers + vol/incendie,2024-05-23,385.0,Audi,4,11000.0,personnel,actif
CTR_003364,INS_005071,Tous risques,2025-10-04,738.0,Seat,4,12300.0,personnel,actif
CTR_003365,INS_005072,Tous risques,2024-07-30,762.0,Kia,2,12700.0,personnel,actif
CTR_003366,INS_005073,Au tiers,2026-01-09,200.0,Volvo,7,5400.0,personnel,actif
CTR_003367,INS_005074,Tous risques,2024-01-15,200.0,Citroën,10,3000.0,personnel,actif
CTR_003368,INS_005077,Tous risques,2020-10-13,324.0,Fiat,4,5400.0,personnel,actif
CTR_003369,INS_005077,Tous risques,2023-04-18,684.0,Audi,3,11400.0,personnel,actif
CTR_003370,INS_005078,Au tiers,2022-08-14,340.0,Renault,3,13600.0,personnel,actif
CTR_003371,INS_005080,Tous risques,2021-04-25,779.7,Audi,5,11300.0,mixte,actif
CTR_003372,INS_005082,Tous risques,2024-06-17,1218.0,Citroën,2,20300.0,personnel,actif
CTR_003373,INS_005086,Tous risques,2022-01-22,618.0,Nissan,8,10300.0,personnel,actif
CTR_003374,INS_005088,Au tiers,2020-12-21,299.0,Tesla,3,10400.0,mixte,actif
CTR_003375,INS_005089,Tous risques + assistance,2022-03-28,1215.0,BMW,2,16200.0,personnel,actif
CTR_003376,INS_005091,Tous risques,2025-01-29,216.0,Nissan,17,3600.0,personnel,actif
CTR_003377,INS_005093,Au tiers,2022-06-06,448.5,Audi,13,13800.0,professionnel,actif
CTR_003378,INS_005094,Tiers + vol/incendie,2024-06-05,294.0,Kia,0,8400.0,personnel,actif
CTR_003379,INS_005095,Tiers + vol/incendie,2022-12-21,525.0,Skoda,3,15000.0,personnel,actif
CTR_003380,INS_005095,Tous risques,2022-01-18,318.0,Fiat,12,5300.0,personnel,actif
CTR_003381,INS_005095,Tiers étendu,2023-08-24,200.0,Hyundai,5,4100.0,personnel,actif
CTR_003382,INS_005096,Tiers + vol/incendie,2023-07-08,605.15,Renault,1,13300.0,professionnel,actif
CTR_003383,INS_005098,Tous risques,2024-06-07,1146.0,Renault,4,19100.0,personnel,actif
CTR_003384,INS_005100,Tiers + vol/incendie,2021-11-11,217.0,Volkswagen,3,6200.0,personnel,actif
CTR_003385,INS_005102,Tiers + vol/incendie,2025-01-29,200.0,Mercedes,8,3700.0,professionnel,actif
CTR_003386,INS_005103,Tiers + vol/incendie,2022-05-31,200.0,Mercedes,6,800.0,personnel,actif
CTR_003387,INS_005104,Tous risques,2023-10-26,282.0,Ford,16,4700.0,personnel,actif
CTR_003388,INS_005106,Au tiers,2022-01-11,200.0,Skoda,2,800.0,mixte,actif
CTR_003389,INS_005107,Au tiers,2023-01-24,200.0,Kia,15,5600.0,professionnel,actif
CTR_003390,INS_005109,Tous risques,2022-07-01,804.0,Audi,0,13400.0,personnel,actif
CTR_003391,INS_005114,Au tiers,2025-01-28,464.75,Fiat,8,14300.0,professionnel,actif
CTR_003392,INS_005115,Tiers étendu,2023-11-21,436.5,Mercedes,14,9700.0,personnel,actif
CTR_003393,INS_005120,Tous risques,2020-08-13,870.0,Mercedes,7,14500.0,personnel,actif
CTR_003394,INS_005122,Tous risques + assistance,2020-07-05,697.5,Citroën,5,9300.0,personnel,actif
CTR_003395,INS_005123,Tous risques,2022-05-09,480.0,Opel,13,8000.0,personnel,actif
CTR_003396,INS_005123,Tous risques + assistance,2024-09-30,990.0,Opel,12,13200.0,personnel,actif
CTR_003397,INS_005124,Tiers étendu,2021-12-22,200.0,Dacia,14,800.0,personnel,actif
CTR_003398,INS_005125,Au tiers,2025-02-27,340.0,Renault,6,13600.0,personnel,actif
CTR_003399,INS_005126,Au tiers,2021-08-28,200.0,Audi,18,3200.0,personnel,actif
CTR_003400,INS_005128,Tous risques,2025-05-29,1200.6,Skoda,5,17400.0,mixte,actif
CTR_003401,INS_005130,Tous risques,2021-09-24,246.0,Fiat,5,4100.0,personnel,suspendu
CTR_003402,INS_005132,Tous risques,2024-12-27,342.0,Hyundai,1,5700.0,personnel,actif
CTR_003403,INS_005135,Tous risques,2023-08-14,708.0,Fiat,9,11800.0,personnel,actif
CTR_003404,INS_005137,Tous risques + assistance,2024-05-04,672.75,Dacia,8,6900.0,professionnel,actif
CTR_003405,INS_005139,Tiers étendu,2021-01-03,409.5,Audi,9,9100.0,personnel,actif
CTR_003406,INS_005141,Au tiers,2025-07-21,260.0,Volvo,12,10400.0,personnel,actif
CTR_003407,INS_005141,Tous risques,2025-03-14,954.0,Volvo,0,15900.0,personnel,actif
CTR_003408,INS_005144,Tiers étendu,2021-06-11,891.0,Seat,4,19800.0,personnel,actif
CTR_003409,INS_005149,Au tiers,2021-03-29,215.0,Toyota,4,8600.0,personnel,actif
CTR_003410,INS_005149,Tiers + vol/incendie,2020-05-30,200.0,Tesla,17,5600.0,personnel,suspendu
CTR_003411,INS_005150,Tous risques,2023-11-21,1038.0,Hyundai,3,17300.0,personnel,actif
CTR_003412,INS_005150,Tous risques,2024-12-31,200.0,Audi,13,1100.0,personnel,suspendu
CTR_003413,INS_005151,Tous risques + assistance,2025-07-19,1650.0,Mercedes,4,22000.0,personnel,suspendu
CTR_003414,INS_005152,Au tiers,2020-09-19,240.0,Hyundai,15,9600.0,personnel,suspendu
CTR_003415,INS_005153,Tous risques,2022-10-29,474.0,Opel,10,7900.0,personnel,actif
CTR_003416,INS_005154,Tous risques,2026-02-03,450.0,Kia,7,7500.0,personnel,actif
CTR_003417,INS_005155,Tous risques,2021-11-04,1128.0,Citroën,5,18800.0,personnel,actif
CTR_003418,INS_005156,Tiers + vol/incendie,2025-08-02,941.5,Kia,4,26900.0,personnel,suspendu
CTR_003419,INS_005157,Au tiers,2022-06-21,200.0,Ford,5,7600.0,personnel,actif
CTR_003420,INS_005157,Tous risques,2022-07-22,200.0,Opel,4,800.0,personnel,actif
CTR_003421,INS_005158,Tous risques,2023-03-07,1116.0,Ford,5,18600.0,personnel,actif
CTR_003422,INS_005159,Tous risques + assistance,2021-02-22,604.5,Fiat,17,6200.0,professionnel,actif
CTR_003423,INS_005160,Tiers étendu,2020-09-13,1026.0,Jeep,4,22800.0,personnel,actif
CTR_003424,INS_005161,Tiers étendu,2020-09-06,351.0,BMW,12,7800.0,personnel,actif
CTR_003425,INS_005161,Au tiers,2021-02-18,362.5,Toyota,1,14500.0,personnel,actif
CTR_003426,INS_005162,Tous risques,2022-05-24,462.3,Opel,10,6700.0,mixte,actif
CTR_003427,INS_005164,Au tiers,2021-11-28,335.0,Volkswagen,8,13400.0,personnel,actif
CTR_003428,INS_005164,Tous risques + assistance,2023-02-15,877.5,Opel,11,11700.0,personnel,actif
CTR_003429,INS_005165,Tiers + vol/incendie,2021-10-08,329.0,Ford,7,9400.0,personnel,actif
CTR_003430,INS_005166,Tous risques,2022-02-14,200.0,Nissan,4,800.0,personnel,actif
CTR_003431,INS_005167,Au tiers,2026-02-28,832.0,Dacia,2,25600.0,professionnel,actif
CTR_003432,INS_005169,Tous risques,2021-11-02,1302.0,Toyota,6,21700.0,personnel,actif
CTR_003433,INS_005170,Au tiers,2020-10-29,200.0,Volkswagen,16,7800.0,personnel,actif
CTR_003434,INS_005171,Tous risques,2025-10-05,516.0,Toyota,16,8600.0,personnel,actif
CTR_003435,INS_005173,Tous risques,2021-12-20,264.0,Tesla,13,4400.0,personnel,suspendu
CTR_003436,INS_005174,Tous risques,2023-08-13,1170.0,BMW,2,15000.0,professionnel,actif
CTR_003437,INS_005176,Tiers étendu,2021-03-13,409.5,Kia,5,9100.0,personnel,actif
CTR_003438,INS_005177,Tiers étendu,2022-07-06,216.0,Toyota,17,4800.0,personnel,actif
CTR_003439,INS_005183,Tiers étendu,2022-08-03,306.0,Opel,6,6800.0,personnel,actif
CTR_003440,INS_005184,Tous risques,2026-03-02,228.0,Tesla,9,3800.0,personnel,actif
CTR_003441,INS_005185,Au tiers,2022-06-01,517.5,Volvo,3,18000.0,mixte,actif
CTR_003442,INS_005186,Tous risques,2021-12-03,282.0,Audi,3,4700.0,personnel,actif
CTR_003443,INS_005187,Tous risques + assistance,2021-09-26,390.0,Peugeot,7,5200.0,personnel,actif
CTR_003444,INS_005188,Tiers étendu,2022-01-07,729.0,Audi,1,16200.0,personnel,actif
CTR_003445,INS_005188,Au tiers,2026-03-12,200.0,Nissan,8,800.0,personnel,actif
CTR_003446,INS_005189,Tiers étendu,2024-03-13,819.0,Ford,1,18200.0,personnel,suspendu
CTR_003447,INS_005190,Tous risques,2022-04-02,1146.0,Jeep,6,19100.0,personnel,actif
CTR_003448,INS_005191,Tous risques,2022-10-04,828.0,Volkswagen,8,13800.0,personnel,actif
CTR_003449,INS_005192,Tous risques + assistance,2022-05-15,232.5,Audi,16,3100.0,personnel,actif
CTR_003450,INS_005193,Tiers étendu,2024-04-15,792.0,Skoda,2,17600.0,personnel,actif
CTR_003451,INS_005196,Tiers + vol/incendie,2023-03-15,297.5,Renault,0,8500.0,personnel,actif
CTR_003452,INS_005199,Tous risques,2024-02-11,456.0,Mercedes,8,7600.0,personnel,actif
CTR_003453,INS_005202,Au tiers,2022-04-13,200.0,Jeep,0,1500.0,personnel,actif
CTR_003454,INS_005205,Tiers + vol/incendie,2021-10-27,200.0,Hyundai,3,3000.0,personnel,suspendu
CTR_003455,INS_005206,Tous risques,2021-04-06,450.0,Seat,7,7500.0,personnel,actif
CTR_003456,INS_005207,Tiers + vol/incendie,2022-08-06,887.25,Dacia,7,19500.0,professionnel,actif
CTR_003457,INS_005211,Tiers étendu,2022-08-19,427.5,Audi,8,9500.0,personnel,actif
CTR_003458,INS_005212,Tiers + vol/incendie,2023-09-17,200.0,Dacia,15,800.0,personnel,actif
CTR_003459,INS_005213,Tous risques,2025-05-26,772.8,Toyota,3,11200.0,mixte,actif
CTR_003460,INS_005215,Tous risques,2024-06-10,257.4,Tesla,2,3300.0,professionnel,actif
CTR_003461,INS_005216,Tous risques,2023-11-21,1287.0,Seat,3,16500.0,professionnel,actif
CTR_003462,INS_005216,Tous risques,2026-03-15,241.5,Ford,1,3500.0,mixte,actif
CTR_003463,INS_005217,Tiers étendu,2022-06-17,688.27,Citroën,8,13300.0,mixte,actif
CTR_003464,INS_005218,Tiers + vol/incendie,2024-11-16,200.0,Seat,7,4300.0,professionnel,résilié
CTR_003465,INS_005219,Tous risques + assistance,2022-03-16,480.0,BMW,11,6400.0,personnel,actif
CTR_003466,INS_005220,Tiers étendu,2023-04-28,294.97,Audi,8,5700.0,mixte,actif
CTR_003467,INS_005221,Tiers + vol/incendie,2025-12-18,233.45,Tesla,9,5800.0,mixte,actif
CTR_003468,INS_005223,Tous risques,2020-12-25,642.0,Ford,6,10700.0,personnel,actif
CTR_003469,INS_005226,Tous risques,2022-11-06,330.0,Audi,4,5500.0,personnel,actif
CTR_003470,INS_005227,Tous risques,2020-08-30,378.0,BMW,6,6300.0,personnel,actif
CTR_003471,INS_005229,Tous risques,2025-02-13,1224.0,Citroën,0,20400.0,personnel,actif
CTR_003472,INS_005232,Tous risques,2025-11-08,330.0,Dacia,7,5500.0,personnel,actif
CTR_003473,INS_005232,Tiers + vol/incendie,2025-01-13,200.0,Hyundai,5,4500.0,personnel,actif
CTR_003474,INS_005233,Tous risques,2021-12-21,402.0,Mercedes,0,6700.0,personnel,suspendu
CTR_003475,INS_005234,Tous risques,2024-03-27,639.6,Fiat,9,8200.0,professionnel,actif
CTR_003476,INS_005234,Au tiers,2025-01-20,452.5,Tesla,4,18100.0,personnel,actif
CTR_003477,INS_005235,Tiers étendu,2022-11-10,747.0,Tesla,0,16600.0,personnel,actif
CTR_003478,INS_005236,Tous risques,2021-10-29,1365.0,Peugeot,2,17500.0,professionnel,actif
CTR_003479,INS_005237,Tous risques + assistance,2024-11-04,2190.0,Skoda,3,29200.0,personnel,actif
CTR_003480,INS_005239,Tiers + vol/incendie,2024-04-29,1014.65,Nissan,2,22300.0,professionnel,actif
CTR_003481,INS_005241,Tous risques,2026-03-03,924.6,Mercedes,7,13400.0,mixte,actif
CTR_003482,INS_005243,Tiers étendu,2022-03-17,243.0,Peugeot,6,5400.0,personnel,actif
CTR_003483,INS_005244,Tous risques,2020-05-29,630.0,Toyota,9,10500.0,personnel,actif
CTR_003484,INS_005245,Tiers étendu,2020-07-03,476.1,Jeep,3,9200.0,mixte,actif
CTR_003485,INS_005246,Au tiers,2021-01-02,200.0,Toyota,3,3400.0,personnel,actif
CTR_003486,INS_005247,Tiers étendu,2022-10-19,450.0,Hyundai,16,10000.0,personnel,actif
CTR_003487,INS_005248,Tous risques,2023-12-15,990.0,Opel,12,16500.0,personnel,actif
CTR_003488,INS_005248,Au tiers,2026-04-01,405.37,Dacia,6,14100.0,mixte,actif
CTR_003489,INS_005249,Au tiers,2024-03-13,502.5,Tesla,10,20100.0,personnel,suspendu
CTR_003490,INS_005250,Tous risques,2020-12-21,200.0,Fiat,7,2000.0,mixte,résilié
CTR_003491,INS_005251,Tous risques,2024-10-09,546.0,Opel,9,9100.0,personnel,actif
CTR_003492,INS_005253,Tiers étendu,2023-05-09,405.0,Jeep,10,9000.0,personnel,suspendu
CTR_003493,INS_005254,Au tiers,2023-12-08,611.0,Fiat,7,18800.0,professionnel,actif
CTR_003494,INS_005255,Tiers étendu,2024-09-19,333.0,Dacia,13,7400.0,personnel,actif
CTR_003495,INS_005256,Tous risques,2025-03-27,200.0,Peugeot,12,800.0,personnel,actif
CTR_003496,INS_005257,Tous risques,2024-07-22,756.6,Hyundai,3,9700.0,professionnel,actif
CTR_003497,INS_005260,Au tiers,2026-03-29,200.0,BMW,10,4400.0,personnel,actif
CTR_003498,INS_005261,Au tiers,2021-02-21,635.0,Opel,3,25400.0,personnel,actif
CTR_003499,INS_005264,Tous risques,2022-06-29,1606.8,Dacia,4,20600.0,professionnel,actif
CTR_003500,INS_005265,Tiers + vol/incendie,2022-04-24,200.0,Volkswagen,14,800.0,personnel,actif
CTR_003501,INS_005266,Tiers étendu,2022-06-09,1076.4,Citroën,4,20800.0,mixte,actif
CTR_003502,INS_005267,Tous risques,2020-08-24,786.0,Ford,10,13100.0,personnel,actif
CTR_003503,INS_005268,Tous risques,2024-09-02,432.0,Opel,6,7200.0,personnel,actif
CTR_003504,INS_005269,Tous risques,2023-05-23,270.0,Kia,7,4500.0,personnel,actif
CTR_003505,INS_005270,Tous risques,2022-02-04,354.0,Opel,2,5900.0,personnel,actif
CTR_003506,INS_005271,Tous risques,2024-09-05,702.0,Peugeot,1,11700.0,personnel,actif
CTR_003507,INS_005271,Tous risques,2022-10-23,1177.8,Tesla,4,15100.0,professionnel,actif
CTR_003508,INS_005271,Tiers + vol/incendie,2021-02-17,409.5,Renault,7,11700.0,personnel,actif
CTR_003509,INS_005272,Tiers + vol/incendie,2020-07-19,841.75,Renault,4,18500.0,professionnel,actif
CTR_003510,INS_005274,Tous risques,2024-01-18,1107.6,Audi,1,14200.0,professionnel,actif
CTR_003511,INS_005275,Tous risques,2022-09-22,600.0,Toyota,4,10000.0,personnel,actif
CTR_003512,INS_005277,Au tiers,2020-07-06,200.0,Skoda,14,4000.0,professionnel,actif
CTR_003513,INS_005279,Tous risques + assistance,2023-02-27,1492.5,Opel,4,19900.0,personnel,actif
CTR_003514,INS_005283,Au tiers,2024-02-03,305.0,Peugeot,7,12200.0,personnel,actif
CTR_003515,INS_005283,Tous risques,2020-08-01,348.0,Renault,19,5800.0,personnel,actif
CTR_003516,INS_005283,Tous risques + assistance,2025-06-22,217.5,Hyundai,2,2900.0,personnel,actif
CTR_003517,INS_005285,Tous risques,2024-12-10,426.0,Mercedes,12,7100.0,personnel,actif
CTR_003518,INS_005287,Tiers étendu,2023-01-10,999.0,Fiat,7,22200.0,personnel,actif
CTR_003519,INS_005289,Tous risques,2020-08-10,200.0,BMW,14,800.0,personnel,actif
CTR_003520,INS_005290,Tous risques,2022-09-11,984.0,Audi,7,16400.0,personnel,actif
CTR_003521,INS_005291,Au tiers,2023-10-31,635.0,Kia,2,25400.0,personnel,actif
CTR_003522,INS_005293,Tous risques,2024-04-09,762.0,Audi,5,12700.0,personnel,actif
CTR_003523,INS_005294,Tiers + vol/incendie,2023-11-05,448.0,Nissan,3,12800.0,personnel,actif
CTR_003524,INS_005295,Tiers étendu,2023-05-01,724.5,Toyota,6,16100.0,personnel,actif
CTR_003525,INS_005296,Tous risques,2022-12-28,405.6,Citroën,4,5200.0,professionnel,actif
CTR_003526,INS_005298,Au tiers,2023-12-24,292.5,Citroën,2,11700.0,personnel,actif
CTR_003527,INS_005299,Tous risques,2026-01-22,1050.0,Mercedes,3,17500.0,personnel,actif
CTR_003528,INS_005300,Tous risques,2022-04-09,1008.0,Volkswagen,2,16800.0,personnel,actif
CTR_003529,INS_005301,Tiers + vol/incendie,2024-06-22,673.4,Skoda,6,14800.0,professionnel,actif
CTR_003530,INS_005303,Au tiers,2022-10-13,200.0,Peugeot,12,2300.0,mixte,actif
CTR_003531,INS_005307,Tiers + vol/incendie,2024-08-13,200.0,Opel,2,1100.0,professionnel,actif
CTR_003532,INS_005308,Tous risques,2021-01-20,1131.0,Nissan,2,14500.0,professionnel,actif
CTR_003533,INS_005309,Tous risques,2025-03-08,218.4,Opel,20,2800.0,professionnel,actif
CTR_003534,INS_005309,Tiers étendu,2023-11-13,766.35,Mercedes,2,13100.0,professionnel,actif
CTR_003535,INS_005310,Tiers étendu,2025-01-29,382.5,Ford,12,8500.0,personnel,actif
CTR_003536,INS_005313,Au tiers,2024-05-20,200.0,Opel,10,5500.0,personnel,actif
CTR_003537,INS_005314,Tous risques,2025-01-07,804.0,Nissan,3,13400.0,personnel,actif
CTR_003538,INS_005318,Tous risques,2025-12-08,432.0,Jeep,17,7200.0,personnel,actif
CTR_003539,INS_005319,Tous risques + assistance,2022-12-10,2085.0,Hyundai,3,27800.0,personnel,actif
CTR_003540,INS_005321,Tous risques + assistance,2022-10-22,1627.5,BMW,4,21700.0,personnel,actif
CTR_003541,INS_005324,Tiers + vol/incendie,2021-11-23,618.8,Toyota,5,13600.0,professionnel,actif
CTR_003542,INS_005325,Au tiers,2026-05-21,260.0,Volkswagen,2,10400.0,personnel,suspendu
CTR_003543,INS_005327,Tous risques + assistance,2025-02-20,200.0,Volvo,4,2100.0,personnel,actif
CTR_003544,INS_005329,Tous risques + assistance,2023-04-26,427.5,Audi,5,5700.0,personnel,actif
CTR_003545,INS_005331,Au tiers,2021-11-02,482.5,Dacia,6,19300.0,personnel,actif
CTR_003546,INS_005332,Tiers + vol/incendie,2025-09-02,640.5,BMW,9,18300.0,personnel,actif
CTR_003547,INS_005341,Tous risques,2025-03-03,1062.0,Nissan,4,17700.0,personnel,actif
CTR_003548,INS_005342,Tiers étendu,2024-08-12,748.8,Skoda,7,12800.0,professionnel,actif
CTR_003549,INS_005345,Tiers + vol/incendie,2023-12-18,707.0,Renault,4,20200.0,personnel,actif
CTR_003550,INS_005347,Tiers + vol/incendie,2020-09-01,311.5,Kia,9,8900.0,personnel,actif
CTR_003551,INS_005351,Tous risques,2020-09-28,1166.1,BMW,10,16900.0,mixte,actif
CTR_003552,INS_005356,Tous risques,2021-03-01,456.0,Toyota,12,7600.0,personnel,actif
CTR_003553,INS_005361,Tiers étendu,2023-08-07,607.5,BMW,1,13500.0,personnel,actif
CTR_003554,INS_005362,Tous risques + assistance,2021-09-06,645.0,Peugeot,13,8600.0,personnel,actif
CTR_003555,INS_005363,Tous risques,2025-01-25,607.2,Seat,14,8800.0,mixte,actif
CTR_003556,INS_005364,Tiers étendu,2026-03-13,513.0,Skoda,3,11400.0,personnel,actif
CTR_003557,INS_005364,Tous risques,2021-10-11,600.3,Seat,14,8700.0,mixte,actif
CTR_003558,INS_005364,Au tiers,2022-06-20,200.0,Jeep,4,800.0,mixte,actif
CTR_003559,INS_005365,Tous risques,2021-01-13,726.0,Seat,6,12100.0,personnel,actif
CTR_003560,INS_005366,Au tiers,2021-07-23,200.0,Volkswagen,14,2100.0,professionnel,actif
CTR_003561,INS_005368,Tiers étendu,2020-06-09,895.5,Seat,3,19900.0,personnel,actif
CTR_003562,INS_005369,Tous risques,2022-01-11,1544.4,Opel,4,19800.0,professionnel,actif
CTR_003563,INS_005371,Tous risques,2020-09-05,624.0,Jeep,6,8000.0,professionnel,actif
CTR_003564,INS_005372,Tiers + vol/incendie,2023-03-16,441.35,Dacia,2,9700.0,professionnel,actif
CTR_003565,INS_005373,Tous risques,2025-07-16,468.0,Peugeot,13,6000.0,professionnel,actif
CTR_003566,INS_005373,Tiers + vol/incendie,2021-05-21,395.5,Hyundai,3,11300.0,personnel,actif
CTR_003567,INS_005375,Tous risques,2024-03-16,648.0,Nissan,10,10800.0,personnel,actif
CTR_003568,INS_005376,Tous risques + assistance,2026-04-01,675.0,Volkswagen,14,9000.0,personnel,actif
CTR_003569,INS_005378,Tiers étendu,2021-10-03,445.5,Volvo,5,9900.0,personnel,actif
CTR_003570,INS_005379,Tiers étendu,2022-10-29,450.0,Mercedes,6,10000.0,personnel,actif
CTR_003571,INS_005380,Tiers étendu,2024-06-06,200.0,Peugeot,6,3700.0,personnel,actif
CTR_003572,INS_005381,Tiers + vol/incendie,2021-09-30,200.0,Citroën,16,3700.0,personnel,actif
CTR_003573,INS_005382,Au tiers,2023-04-11,802.75,Hyundai,5,24700.0,professionnel,actif
CTR_003574,INS_005387,Au tiers,2025-01-10,200.0,BMW,3,4800.0,personnel,actif
CTR_003575,INS_005388,Au tiers,2023-10-20,220.0,Peugeot,0,8800.0,personnel,actif
CTR_003576,INS_005390,Tous risques + assistance,2023-01-17,307.5,Nissan,20,4100.0,personnel,actif
CTR_003577,INS_005391,Tous risques + assistance,2025-04-26,200.0,Citroën,10,800.0,personnel,actif
CTR_003578,INS_005393,Tous risques + assistance,2020-10-09,926.25,Volkswagen,3,9500.0,professionnel,actif
CTR_003579,INS_005396,Tous risques + assistance,2024-07-24,937.5,Opel,12,12500.0,personnel,actif
CTR_003580,INS_005397,Tous risques + assistance,2023-07-08,1507.5,Citroën,1,20100.0,personnel,actif
CTR_003581,INS_005400,Tous risques,2020-07-12,920.4,Seat,9,11800.0,professionnel,actif
CTR_003582,INS_005403,Tiers étendu,2024-08-13,738.0,Audi,6,16400.0,personnel,actif
CTR_003583,INS_005404,Tiers + vol/incendie,2025-07-09,269.5,Fiat,14,7700.0,personnel,actif
CTR_003584,INS_005405,Tous risques + assistance,2025-09-28,1078.12,Dacia,3,12500.0,mixte,actif
CTR_003585,INS_005405,Tous risques + assistance,2020-06-18,555.75,Audi,6,5700.0,professionnel,actif
CTR_003586,INS_005405,Tous risques + assistance,2020-09-14,1042.5,Nissan,5,13900.0,personnel,actif
CTR_003587,INS_005406,Tiers + vol/incendie,2023-02-18,200.0,Fiat,20,2500.0,personnel,actif
CTR_003588,INS_005409,Tiers étendu,2024-09-20,688.5,BMW,5,15300.0,personnel,actif
CTR_003589,INS_005413,Tous risques + assistance,2025-03-22,1033.5,Hyundai,1,10600.0,professionnel,actif
CTR_003590,INS_005414,Tous risques + assistance,2025-01-15,667.5,Citroën,2,8900.0,personnel,actif
CTR_003591,INS_005415,Tiers + vol/incendie,2023-01-07,505.05,Volvo,8,11100.0,professionnel,actif
CTR_003592,INS_005416,Tiers + vol/incendie,2022-08-02,535.5,Mercedes,4,15300.0,personnel,actif
CTR_003593,INS_005417,Tiers + vol/incendie,2025-04-11,430.5,Tesla,8,12300.0,personnel,actif
CTR_003594,INS_005418,Tiers étendu,2022-09-26,200.0,Opel,7,2100.0,professionnel,actif
CTR_003595,INS_005419,Tous risques,2020-07-19,486.0,Ford,5,8100.0,personnel,actif
CTR_003596,INS_005419,Tiers étendu,2021-06-10,883.35,Volvo,10,15100.0,professionnel,actif
CTR_003597,INS_005423,Tous risques + assistance,2025-06-29,200.0,Dacia,3,800.0,personnel,actif
CTR_003598,INS_005424,Tiers étendu,2021-06-26,602.55,Skoda,4,10300.0,professionnel,actif
CTR_003599,INS_005425,Tous risques,2026-05-06,264.0,Kia,14,4400.0,personnel,actif
CTR_003600,INS_005426,Tiers + vol/incendie,2022-11-20,392.0,Renault,7,11200.0,personnel,actif
CTR_003601,INS_005427,Tous risques + assistance,2025-10-11,2213.25,Jeep,4,22700.0,professionnel,actif
CTR_003602,INS_005428,Tous risques,2023-03-22,1188.0,Dacia,5,19800.0,personnel,actif
CTR_003603,INS_005429,Tous risques,2023-12-11,936.0,Tesla,4,15600.0,personnel,actif
CTR_003604,INS_005431,Tous risques + assistance,2021-12-25,1147.5,Fiat,13,15300.0,personnel,actif
CTR_003605,INS_005433,Tous risques,2025-01-24,240.0,Fiat,6,4000.0,personnel,actif
CTR_003606,INS_005436,Au tiers,2020-10-21,362.5,Dacia,11,14500.0,personnel,suspendu
CTR_003607,INS_005437,Tiers étendu,2025-09-18,310.5,Volvo,12,6900.0,personnel,actif
CTR_003608,INS_005439,Tiers étendu,2025-07-30,666.9,Ford,2,11400.0,professionnel,actif
CTR_003609,INS_005439,Tiers étendu,2023-07-15,688.5,Volvo,4,15300.0,personnel,actif
CTR_003610,INS_005442,Au tiers,2022-12-21,380.0,Tesla,2,15200.0,personnel,actif
CTR_003611,INS_005443,Tous risques,2023-11-23,522.0,Nissan,11,8700.0,personnel,résilié
CTR_003612,INS_005444,Tous risques,2020-12-04,984.0,Tesla,5,16400.0,personnel,actif
CTR_003613,INS_005445,Au tiers,2021-02-25,200.0,Renault,17,1100.0,professionnel,actif
CTR_003614,INS_005447,Tiers étendu,2021-03-02,200.0,Citroën,6,1200.0,personnel,actif
CTR_003615,INS_005448,Tiers étendu,2021-07-28,543.38,Citroën,7,10500.0,mixte,actif
CTR_003616,INS_005449,Au tiers,2025-03-17,370.0,Nissan,1,14800.0,personnel,actif
CTR_003617,INS_005452,Au tiers,2020-11-06,350.0,Hyundai,7,14000.0,personnel,actif
CTR_003618,INS_005453,Au tiers,2024-02-26,718.25,Citroën,10,22100.0,professionnel,actif
CTR_003619,INS_005454,Tous risques,2021-05-24,1131.6,Audi,9,16400.0,mixte,actif
CTR_003620,INS_005455,Tiers étendu,2025-08-06,1195.42,Citroën,1,23100.0,mixte,actif
CTR_003621,INS_005458,Tous risques,2025-03-23,894.0,Kia,3,14900.0,personnel,actif
CTR_003622,INS_005460,Tous risques + assistance,2020-11-21,517.5,Volvo,16,6900.0,personnel,actif
CTR_003623,INS_005461,Au tiers,2021-01-17,200.0,Citroën,14,800.0,personnel,actif
CTR_003624,INS_005462,Tous risques,2023-05-01,792.0,Jeep,5,13200.0,personnel,résilié
CTR_003625,INS_005463,Tous risques + assistance,2024-03-31,888.37,Mercedes,14,10300.0,mixte,actif
CTR_003626,INS_005465,Tous risques,2023-10-20,1002.0,Peugeot,4,16700.0,personnel,actif
CTR_003627,INS_005466,Tiers + vol/incendie,2026-04-07,777.0,Mercedes,4,22200.0,personnel,actif
CTR_003628,INS_005467,Au tiers,2025-06-14,215.0,Volkswagen,8,8600.0,personnel,actif
CTR_003629,INS_005467,Tiers étendu,2025-04-03,454.5,Volkswagen,12,10100.0,personnel,actif
CTR_003630,INS_005468,Tous risques,2025-08-02,834.0,BMW,0,13900.0,personnel,actif
CTR_003631,INS_005469,Tous risques,2022-10-05,516.0,Tesla,4,8600.0,personnel,actif
CTR_003632,INS_005471,Tous risques,2024-12-11,452.4,Peugeot,15,5800.0,professionnel,actif
CTR_003633,INS_005473,Tous risques + assistance,2022-04-22,200.0,Kia,5,800.0,personnel,actif
CTR_003634,INS_005474,Tous risques + assistance,2026-03-06,888.37,Jeep,12,10300.0,mixte,actif
CTR_003635,INS_005475,Au tiers,2024-03-03,295.0,Peugeot,4,11800.0,personnel,actif
CTR_003636,INS_005476,Tous risques,2022-01-12,585.0,Opel,8,7500.0,professionnel,actif
CTR_003637,INS_005477,Tiers + vol/incendie,2025-11-19,619.85,Tesla,9,15400.0,mixte,actif
CTR_003638,INS_005480,Tous risques,2024-08-05,948.0,Toyota,8,15800.0,personnel,actif
CTR_003639,INS_005481,Tiers + vol/incendie,2021-06-25,311.5,Mercedes,11,8900.0,personnel,actif
CTR_003640,INS_005482,Tiers + vol/incendie,2024-07-06,200.0,Nissan,13,3200.0,professionnel,actif
CTR_003641,INS_005484,Tiers + vol/incendie,2022-04-19,614.25,Audi,8,13500.0,professionnel,actif
CTR_003642,INS_005489,Tous risques + assistance,2022-02-11,1863.0,Dacia,5,21600.0,mixte,actif
CTR_003643,INS_005490,Tous risques + assistance,2020-11-08,1042.5,Toyota,2,13900.0,personnel,actif
CTR_003644,INS_005492,Tous risques,2023-07-10,1050.0,BMW,10,17500.0,personnel,suspendu
CTR_003645,INS_005493,Tous risques,2025-03-06,360.0,Nissan,9,6000.0,personnel,actif
CTR_003646,INS_005494,Tiers + vol/incendie,2024-07-09,787.5,Jeep,7,22500.0,personnel,actif
CTR_003647,INS_005495,Tous risques,2024-05-22,732.0,Citroën,11,12200.0,personnel,résilié
CTR_003648,INS_005499,Tiers étendu,2024-12-25,769.5,Skoda,2,17100.0,personnel,actif
CTR_003649,INS_005503,Au tiers,2024-07-28,257.5,Seat,6,10300.0,personnel,actif
CTR_003650,INS_005505,Tiers étendu,2020-11-27,409.5,Fiat,0,7000.0,professionnel,actif
CTR_003651,INS_005506,Tous risques,2022-09-09,882.0,BMW,2,14700.0,personnel,actif
CTR_003652,INS_005507,Au tiers,2023-02-05,200.0,Volvo,13,5900.0,personnel,actif
CTR_003653,INS_005509,Au tiers,2023-06-19,200.0,Renault,9,6200.0,personnel,actif
CTR_003654,INS_005510,Tous risques,2020-07-04,1638.0,Skoda,3,21000.0,professionnel,suspendu
CTR_003655,INS_005511,Tous risques,2022-06-04,498.0,Kia,10,8300.0,personnel,actif
CTR_003656,INS_005514,Tiers étendu,2020-09-28,200.0,Nissan,20,2300.0,personnel,actif
CTR_003657,INS_005515,Au tiers,2023-09-17,405.0,Dacia,2,16200.0,personnel,actif
CTR_003658,INS_005515,Tous risques,2024-04-13,1458.0,Volkswagen,4,24300.0,personnel,actif
CTR_003659,INS_005516,Tous risques,2023-08-20,528.0,Citroën,5,8800.0,personnel,actif
CTR_003660,INS_005517,Tous risques + assistance,2024-07-14,1635.0,Peugeot,5,21800.0,personnel,actif
CTR_003661,INS_005519,Tiers + vol/incendie,2021-09-11,200.0,Opel,2,4000.0,professionnel,actif
CTR_003662,INS_005521,Tiers étendu,2025-06-02,468.0,Volvo,7,10400.0,personnel,actif
CTR_003663,INS_005522,Tiers + vol/incendie,2024-09-23,591.5,Fiat,9,16900.0,personnel,actif
CTR_003664,INS_005525,Tiers étendu,2023-06-22,590.85,Volkswagen,10,10100.0,professionnel,actif
CTR_003665,INS_005529,Tous risques,2025-01-28,489.9,Fiat,6,7100.0,mixte,résilié
CTR_003666,INS_005530,Au tiers,2023-08-14,212.5,Toyota,3,8500.0,personnel,actif
CTR_003667,INS_005531,Tous risques,2025-10-13,438.0,Peugeot,10,7300.0,personnel,actif
CTR_003668,INS_005534,Tous risques,2025-07-26,576.0,Fiat,5,9600.0,personnel,actif
CTR_003669,INS_005535,Tous risques,2026-01-11,564.0,Volkswagen,3,9400.0,personnel,actif
CTR_003670,INS_005536,Au tiers,2021-12-16,305.0,Volkswagen,10,12200.0,personnel,actif
CTR_003671,INS_005540,Tiers étendu,2024-06-02,288.0,Dacia,12,6400.0,personnel,actif
CTR_003672,INS_005543,Tiers étendu,2021-05-23,409.5,Citroën,6,9100.0,personnel,actif
CTR_003673,INS_005544,Tous risques,2026-01-26,240.0,Fiat,14,4000.0,personnel,actif
CTR_003674,INS_005546,Tiers étendu,2021-12-17,200.0,Mercedes,4,3700.0,personnel,actif
CTR_003675,INS_005548,Tiers + vol/incendie,2023-07-13,200.0,Toyota,13,1300.0,personnel,actif
CTR_003676,INS_005550,Tous risques,2021-08-02,900.0,Nissan,7,15000.0,personnel,actif
CTR_003677,INS_005551,Au tiers,2022-05-04,220.0,Ford,5,8800.0,personnel,actif
CTR_003678,INS_005552,Tous risques + assistance,2026-03-30,645.0,Peugeot,12,8600.0,personnel,actif
CTR_003679,INS_005553,Tous risques,2025-10-16,1002.0,Seat,4,16700.0,personnel,actif
CTR_003680,INS_005555,Tous risques,2021-01-23,592.8,Ford,3,7600.0,professionnel,actif
CTR_003681,INS_005557,Tous risques,2023-01-20,1489.8,Opel,4,19100.0,professionnel,actif
CTR_003682,INS_005559,Tous risques,2023-08-24,819.0,Renault,9,10500.0,professionnel,actif
CTR_003683,INS_005561,Tous risques,2025-11-11,1014.0,Seat,4,16900.0,personnel,actif
CTR_003684,INS_005564,Tous risques,2020-06-19,822.0,Ford,11,13700.0,personnel,actif
CTR_003685,INS_005565,Tiers + vol/incendie,2020-05-28,627.9,Dacia,9,13800.0,professionnel,actif
CTR_003686,INS_005566,Tiers + vol/incendie,2023-04-15,332.15,Opel,11,7300.0,professionnel,suspendu
CTR_003687,INS_005567,Tiers étendu,2025-01-22,1509.3,Dacia,2,25800.0,professionnel,actif
CTR_003688,INS_005568,Tous risques,2025-12-01,210.0,Skoda,3,3500.0,personnel,actif
CTR_003689,INS_005571,Tous risques + assistance,2023-03-17,1082.25,Ford,9,11100.0,professionnel,actif
CTR_003690,INS_005572,Tiers étendu,2023-04-18,747.0,Peugeot,6,16600.0,personnel,actif
CTR_003691,INS_005573,Au tiers,2024-10-15,452.5,Hyundai,5,18100.0,personnel,actif
CTR_003692,INS_005574,Tiers étendu,2020-06-17,714.15,BMW,5,13800.0,mixte,actif
CTR_003693,INS_005575,Tiers étendu,2022-12-05,643.5,Toyota,2,14300.0,personnel,actif
CTR_003694,INS_005576,Au tiers,2024-05-21,289.25,Audi,0,8900.0,professionnel,actif
CTR_003695,INS_005577,Tiers étendu,2023-01-04,216.0,Skoda,12,4800.0,personnel,actif
CTR_003696,INS_005578,Tous risques,2026-03-23,1668.0,BMW,0,27800.0,personnel,actif
CTR_003697,INS_005579,Tiers étendu,2021-10-26,729.0,Seat,2,16200.0,personnel,actif
CTR_003698,INS_005582,Tous risques,2023-03-09,834.0,Seat,12,13900.0,personnel,actif
CTR_003699,INS_005583,Tous risques,2021-04-06,1683.6,Volkswagen,5,24400.0,mixte,actif
CTR_003700,INS_005585,Au tiers,2024-01-07,367.5,Skoda,1,14700.0,personnel,actif
CTR_003701,INS_005586,Tiers + vol/incendie,2020-05-30,717.5,BMW,2,20500.0,personnel,actif
CTR_003702,INS_005587,Tiers + vol/incendie,2022-12-03,960.05,Skoda,2,21100.0,professionnel,actif
CTR_003703,INS_005588,Tiers + vol/incendie,2023-04-17,315.0,Citroën,6,9000.0,personnel,actif
CTR_003704,INS_005589,Tous risques + assistance,2025-06-04,960.0,Volvo,4,12800.0,personnel,actif
CTR_003705,INS_005590,Tous risques,2024-03-19,558.0,Kia,11,9300.0,personnel,suspendu
CTR_003706,INS_005590,Tiers étendu,2021-07-05,438.75,Fiat,1,7500.0,professionnel,actif
CTR_003707,INS_005592,Tiers étendu,2020-12-16,657.0,Opel,2,14600.0,personnel,actif
CTR_003708,INS_005594,Au tiers,2021-04-12,438.75,Mercedes,7,13500.0,professionnel,résilié
CTR_003709,INS_005597,Au tiers,2022-02-01,580.75,Toyota,4,20200.0,mixte,actif
CTR_003710,INS_005598,Tiers étendu,2023-07-16,535.5,Opel,6,11900.0,personnel,actif
CTR_003711,INS_005599,Tiers + vol/incendie,2023-06-29,873.6,Audi,7,19200.0,professionnel,actif
CTR_003712,INS_005600,Tous risques,2023-10-05,1392.0,Mercedes,2,23200.0,personnel,actif
CTR_003713,INS_005602,Tiers étendu,2024-05-02,1075.5,Nissan,4,23900.0,personnel,actif
CTR_003714,INS_005605,Tiers étendu,2021-01-05,598.5,Peugeot,7,13300.0,personnel,actif
CTR_003715,INS_005606,Tous risques,2022-09-26,642.0,Kia,9,10700.0,personnel,actif
CTR_003716,INS_005607,Tiers + vol/incendie,2023-11-04,964.6,Citroën,3,21200.0,professionnel,actif
CTR_003717,INS_005608,Tous risques,2020-08-30,798.0,Ford,4,13300.0,personnel,actif
CTR_003718,INS_005609,Tous risques,2025-09-17,288.0,Jeep,16,4800.0,personnel,actif
CTR_003719,INS_005610,Au tiers,2024-06-03,305.5,Peugeot,13,9400.0,professionnel,actif
CTR_003720,INS_005612,Tiers étendu,2022-09-20,200.0,Nissan,6,3600.0,personnel,actif
CTR_003721,INS_005612,Tous risques,2022-03-07,200.0,Seat,4,800.0,professionnel,actif
CTR_003722,INS_005613,Tous risques + assistance,2022-05-14,202.5,Peugeot,14,2700.0,personnel,actif
CTR_003723,INS_005615,Tiers + vol/incendie,2022-10-19,586.95,Skoda,3,12900.0,professionnel,actif
CTR_003724,INS_005616,Au tiers,2024-01-31,245.0,Peugeot,3,9800.0,personnel,actif
CTR_003725,INS_005618,Tous risques,2023-03-14,270.0,Volkswagen,12,4500.0,personnel,actif
CTR_003726,INS_005619,Tous risques,2021-01-19,648.0,Tesla,7,10800.0,personnel,actif
CTR_003727,INS_005620,Tous risques,2024-01-27,876.0,Nissan,8,14600.0,personnel,actif
CTR_003728,INS_005622,Tiers étendu,2022-10-21,207.0,Jeep,12,4600.0,personnel,actif
CTR_003729,INS_005623,Tous risques + assistance,2022-05-02,1357.5,Volvo,9,18100.0,personnel,actif
CTR_003730,INS_005626,Tous risques + assistance,2025-10-31,341.25,Toyota,16,3500.0,professionnel,actif
CTR_003731,INS_005627,Tiers étendu,2024-11-29,297.0,Kia,7,6600.0,personnel,actif
CTR_003732,INS_005627,Au tiers,2024-01-19,200.0,Mercedes,16,2100.0,mixte,actif
CTR_003733,INS_005628,Tous risques + assistance,2020-07-08,575.25,Opel,15,5900.0,professionnel,actif
CTR_003734,INS_005629,Tiers étendu,2025-02-07,200.0,Volkswagen,20,3700.0,personnel,actif
CTR_003735,INS_005630,Tiers + vol/incendie,2021-11-24,717.5,Fiat,6,20500.0,personnel,actif
CTR_003736,INS_005631,Au tiers,2025-03-07,448.5,Renault,7,13800.0,professionnel,suspendu
CTR_003737,INS_005632,Au tiers,2020-08-05,242.5,Volvo,6,9700.0,personnel,actif
CTR_003738,INS_005633,Au tiers,2023-10-13,410.0,Volvo,6,16400.0,personnel,actif
CTR_003739,INS_005634,Tous risques + assistance,2024-08-26,600.0,Toyota,4,8000.0,personnel,actif
CTR_003740,INS_005636,Tiers + vol/incendie,2023-04-26,200.0,Toyota,16,3300.0,mixte,actif
CTR_003741,INS_005637,Tiers + vol/incendie,2020-06-27,257.6,Volvo,13,6400.0,mixte,actif
CTR_003742,INS_005638,Tous risques + assistance,2022-03-09,435.0,Peugeot,6,5800.0,personnel,suspendu
CTR_003743,INS_005640,Au tiers,2022-05-31,497.5,Mercedes,4,19900.0,personnel,actif
CTR_003744,INS_005640,Au tiers,2024-05-14,250.25,Ford,11,7700.0,professionnel,actif
CTR_003745,INS_005642,Au tiers,2021-01-30,255.0,Citroën,4,10200.0,personnel,actif
CTR_003746,INS_005643,Tiers étendu,2026-03-01,421.2,Citroën,10,7200.0,professionnel,actif
CTR_003747,INS_005644,Tous risques,2023-02-06,1002.0,Dacia,9,16700.0,personnel,actif
CTR_003748,INS_005647,Tiers étendu,2020-09-18,508.5,BMW,2,11300.0,personnel,actif
CTR_003749,INS_005648,Tiers + vol/incendie,2023-09-17,200.0,Renault,10,2800.0,personnel,actif
CTR_003750,INS_005651,Tous risques + assistance,2024-10-26,937.5,Volvo,5,12500.0,personnel,actif
CTR_003751,INS_005652,Tous risques + assistance,2022-08-21,765.0,Opel,2,10200.0,personnel,actif
CTR_003752,INS_005654,Tous risques + assistance,2023-11-03,592.5,Seat,14,7900.0,personnel,actif
CTR_003753,INS_005656,Tous risques,2021-07-10,552.0,Tesla,6,9200.0,personnel,actif
CTR_003754,INS_005657,Au tiers,2026-05-10,200.0,Volvo,7,4900.0,mixte,actif
CTR_003755,INS_005658,Tous risques,2021-04-01,612.0,Citroën,6,10200.0,personnel,actif
CTR_003756,INS_005659,Au tiers,2022-09-29,200.0,BMW,3,5300.0,personnel,actif
CTR_003757,INS_005660,Tous risques,2026-02-14,200.0,Dacia,4,800.0,personnel,actif
CTR_003758,INS_005661,Au tiers,2023-03-04,425.0,Jeep,7,17000.0,personnel,actif
CTR_003759,INS_005662,Tous risques,2021-06-12,1416.0,Dacia,5,23600.0,personnel,actif
CTR_003760,INS_005663,Tous risques,2026-02-27,585.0,Kia,7,7500.0,professionnel,actif
CTR_003761,INS_005664,Tiers étendu,2025-12-05,513.0,Audi,8,11400.0,personnel,actif
CTR_003762,INS_005666,Tous risques + assistance,2020-10-18,1125.0,Skoda,6,15000.0,personnel,actif
CTR_003763,INS_005668,Tous risques,2021-11-21,714.0,Nissan,7,11900.0,personnel,actif
CTR_003764,INS_005668,Tiers étendu,2025-10-20,342.0,Opel,3,7600.0,personnel,actif
CTR_003765,INS_005669,Tiers + vol/incendie,2024-10-07,280.0,Renault,14,8000.0,personnel,résilié
CTR_003766,INS_005669,Tiers étendu,2025-01-30,765.0,Audi,1,17000.0,personnel,actif
CTR_003767,INS_005670,Tous risques,2022-06-10,890.1,Fiat,10,12900.0,mixte,actif
CTR_003768,INS_005671,Tous risques,2021-06-05,1084.2,Ford,2,13900.0,professionnel,actif
CTR_003769,INS_005672,Tiers étendu,2025-03-03,373.5,BMW,11,8300.0,personnel,résilié
CTR_003770,INS_005672,Au tiers,2021-03-29,649.75,Skoda,1,22600.0,mixte,actif
CTR_003771,INS_005675,Tous risques,2021-01-27,348.0,Kia,4,5800.0,personnel,actif
CTR_003772,INS_005677,Tiers + vol/incendie,2023-10-28,200.0,Ford,10,3900.0,personnel,actif
CTR_003773,INS_005678,Tous risques,2025-12-20,288.0,Skoda,6,4800.0,personnel,actif
CTR_003774,INS_005679,Tous risques,2020-07-18,918.0,BMW,5,15300.0,personnel,actif
CTR_003775,INS_005680,Tous risques,2024-08-22,1606.8,Seat,2,20600.0,professionnel,actif
CTR_003776,INS_005682,Tous risques,2023-02-16,786.0,Jeep,3,13100.0,personnel,actif
CTR_003777,INS_005683,Tiers étendu,2025-02-24,238.5,Volkswagen,7,5300.0,personnel,suspendu
CTR_003778,INS_005684,Au tiers,2023-06-26,200.0,Toyota,15,5600.0,mixte,actif
CTR_003779,INS_005685,Tous risques,2021-03-31,850.2,Fiat,1,10900.0,professionnel,actif
CTR_003780,INS_005686,Au tiers,2025-06-15,200.0,Citroën,14,7900.0,personnel,actif
CTR_003781,INS_005687,Tiers étendu,2024-01-07,621.0,Seat,12,13800.0,personnel,actif
CTR_003782,INS_005689,Tous risques + assistance,2021-08-03,727.5,Peugeot,5,9700.0,personnel,actif
CTR_003783,INS_005689,Tiers étendu,2026-05-11,301.5,Volvo,14,6700.0,personnel,actif
CTR_003784,INS_005689,Au tiers,2023-09-01,375.0,Kia,3,15000.0,personnel,actif
CTR_003785,INS_005693,Tous risques,2024-12-06,486.0,Nissan,3,8100.0,personnel,actif
CTR_003786,INS_005693,Tous risques,2025-05-12,828.0,Kia,10,13800.0,personnel,actif
CTR_003787,INS_005695,Tous risques + assistance,2021-07-19,200.0,Nissan,3,800.0,personnel,actif
CTR_003788,INS_005696,Tous risques,2025-06-06,918.0,Skoda,4,15300.0,personnel,actif
CTR_003789,INS_005697,Tous risques,2024-03-24,787.8,Ford,6,10100.0,professionnel,actif
CTR_003790,INS_005699,Tous risques,2020-06-03,483.6,Skoda,5,6200.0,professionnel,suspendu
CTR_003791,INS_005700,Tous risques,2022-07-27,816.0,Audi,8,13600.0,personnel,actif
CTR_003792,INS_005701,Tous risques,2021-10-31,462.0,Dacia,6,7700.0,personnel,actif
CTR_003793,INS_005702,Tiers étendu,2025-03-20,463.5,Audi,3,10300.0,personnel,actif
CTR_003794,INS_005704,Au tiers,2025-07-03,711.75,Peugeot,6,21900.0,professionnel,actif
CTR_003795,INS_005705,Tiers étendu,2023-04-11,584.77,BMW,3,11300.0,mixte,actif
CTR_003796,INS_005707,Tous risques + assistance,2022-06-04,232.5,Ford,16,3100.0,personnel,actif
CTR_003797,INS_005707,Au tiers,2021-12-01,310.0,Fiat,10,12400.0,personnel,actif
CTR_003798,INS_005707,Tous risques + assistance,2023-11-03,352.5,Nissan,10,4700.0,personnel,actif
CTR_003799,INS_005709,Au tiers,2025-01-09,200.0,Opel,2,4400.0,personnel,actif
CTR_003800,INS_005711,Tiers étendu,2024-08-18,1314.45,Citroën,2,25400.0,mixte,actif
CTR_003801,INS_005715,Tous risques,2021-02-16,1115.4,Jeep,9,14300.0,professionnel,actif
CTR_003802,INS_005716,Tous risques,2025-08-26,475.8,Mercedes,13,6100.0,professionnel,actif
CTR_003803,INS_005718,Au tiers,2024-10-20,209.87,Mercedes,2,7300.0,mixte,actif
CTR_003804,INS_005719,Au tiers,2022-03-22,635.0,Volvo,7,25400.0,personnel,actif
CTR_003805,INS_005720,Tous risques,2025-11-02,330.0,Toyota,16,5500.0,personnel,actif
CTR_003806,INS_005721,Tiers étendu,2024-12-26,490.5,Fiat,10,10900.0,personnel,actif
CTR_003807,INS_005724,Tous risques,2021-04-19,1606.8,Toyota,5,20600.0,professionnel,actif
CTR_003808,INS_005725,Au tiers,2023-08-27,410.0,Skoda,8,16400.0,personnel,actif
CTR_003809,INS_005726,Tous risques,2021-07-13,546.0,Volvo,11,9100.0,personnel,actif
CTR_003810,INS_005726,Tiers étendu,2023-10-28,1041.3,Skoda,7,17800.0,professionnel,actif
CTR_003811,INS_005728,Tous risques + assistance,2022-08-08,645.0,Ford,0,8600.0,personnel,actif
CTR_003812,INS_005729,Au tiers,2026-02-07,200.0,Hyundai,13,3400.0,personnel,actif
CTR_003813,INS_005732,Au tiers,2023-11-23,507.5,Seat,5,20300.0,personnel,actif
CTR_003814,INS_005733,Tiers étendu,2023-04-16,562.5,Audi,4,12500.0,personnel,actif
CTR_003815,INS_005734,Tous risques + assistance,2023-11-12,1082.25,Kia,5,11100.0,professionnel,actif
CTR_003816,INS_005735,Tous risques + assistance,2025-12-26,1125.0,Fiat,4,15000.0,personnel,actif
CTR_003817,INS_005740,Tous risques,2022-06-06,1272.0,Fiat,5,21200.0,personnel,actif
CTR_003818,INS_005741,Tiers étendu,2024-12-11,836.55,Volkswagen,2,14300.0,professionnel,actif
CTR_003819,INS_005742,Tiers + vol/incendie,2024-01-05,297.5,Opel,1,8500.0,personnel,actif
CTR_003820,INS_005743,Tous risques,2020-12-30,282.0,Renault,19,4700.0,personnel,actif
CTR_003821,INS_005744,Tous risques,2025-12-20,200.0,Tesla,5,800.0,personnel,actif
CTR_003822,INS_005745,Tous risques + assistance,2020-11-19,1147.5,Volvo,2,15300.0,personnel,actif
CTR_003823,INS_005748,Tous risques,2023-04-24,1450.8,Toyota,4,18600.0,professionnel,actif
CTR_003824,INS_005749,Tiers étendu,2020-07-22,810.0,Renault,7,18000.0,personnel,actif
CTR_003825,INS_005750,Tiers + vol/incendie,2020-08-04,245.0,Citroën,14,7000.0,personnel,actif
CTR_003826,INS_005753,Tous risques,2022-11-11,390.0,BMW,5,6500.0,personnel,actif
CTR_003827,INS_005755,Tous risques + assistance,2023-02-09,1245.0,Seat,2,16600.0,personnel,actif
CTR_003828,INS_005756,Tiers + vol/incendie,2020-09-26,854.0,Audi,5,24400.0,personnel,actif
CTR_003829,INS_005756,Tous risques + assistance,2023-11-01,360.75,Renault,3,3700.0,professionnel,actif
CTR_003830,INS_005757,Tous risques,2020-11-02,1170.0,Fiat,5,19500.0,personnel,actif
CTR_003831,INS_005758,Tiers étendu,2021-12-01,477.0,Seat,1,10600.0,personnel,actif
CTR_003832,INS_005759,Tous risques + assistance,2025-12-28,526.12,Volvo,8,6100.0,mixte,actif
CTR_003833,INS_005762,Tiers étendu,2022-09-08,337.5,Peugeot,15,7500.0,personnel,résilié
CTR_003834,INS_005763,Tous risques + assistance,2022-05-17,540.0,Tesla,7,7200.0,personnel,actif
CTR_003835,INS_005764,Tous risques,2026-03-05,588.0,Audi,8,9800.0,personnel,actif
CTR_003836,INS_005765,Tous risques,2021-12-01,600.6,Fiat,8,7700.0,professionnel,résilié
CTR_003837,INS_005766,Tous risques + assistance,2025-04-01,1440.0,Audi,5,19200.0,personnel,actif
CTR_003838,INS_005767,Au tiers,2024-12-16,210.0,Kia,15,8400.0,personnel,actif
CTR_003839,INS_005769,Tous risques,2024-03-07,460.2,Dacia,13,5900.0,professionnel,actif
CTR_003840,INS_005771,Tous risques,2023-12-09,1038.0,Kia,5,17300.0,personnel,actif
CTR_003841,INS_005772,Au tiers,2021-08-25,580.0,Ford,4,23200.0,personnel,actif
CTR_003842,INS_005774,Au tiers,2023-02-01,200.0,Kia,18,2300.0,personnel,actif
CTR_003843,INS_005775,Tiers étendu,2023-09-30,472.5,Hyundai,2,10500.0,personnel,actif
CTR_003844,INS_005776,Tiers étendu,2021-02-01,719.55,Peugeot,8,12300.0,professionnel,actif
CTR_003845,INS_005777,Au tiers,2023-09-28,535.0,Toyota,1,21400.0,personnel,actif
CTR_003846,INS_005778,Au tiers,2024-12-23,265.0,Nissan,6,10600.0,personnel,actif
CTR_003847,INS_005779,Tous risques,2022-10-26,678.0,Toyota,6,11300.0,personnel,actif
CTR_003848,INS_005781,Au tiers,2023-03-09,217.75,Kia,7,6700.0,professionnel,actif
CTR_003849,INS_005782,Tous risques,2024-05-25,300.0,Skoda,19,5000.0,personnel,actif
CTR_003850,INS_005783,Tiers + vol/incendie,2025-07-17,364.0,Nissan,4,10400.0,personnel,actif
CTR_003851,INS_005785,Au tiers,2020-06-14,285.0,Nissan,2,11400.0,personnel,actif
CTR_003852,INS_005786,Tous risques,2022-01-28,588.0,Peugeot,5,9800.0,personnel,actif
CTR_003853,INS_005790,Tous risques,2022-04-04,1518.0,Audi,4,25300.0,personnel,actif
CTR_003854,INS_005793,Tiers + vol/incendie,2026-01-17,679.0,Seat,4,19400.0,personnel,actif
CTR_003855,INS_005793,Tous risques,2024-05-01,1200.0,Tesla,1,20000.0,personnel,actif
CTR_003856,INS_005796,Tiers étendu,2024-09-06,200.0,Fiat,12,2400.0,personnel,actif
CTR_003857,INS_005796,Tiers étendu,2023-12-02,702.0,Volkswagen,4,15600.0,personnel,actif
CTR_003858,INS_005796,Au tiers,2024-09-09,300.0,Nissan,3,12000.0,personnel,actif
CTR_003859,INS_005797,Au tiers,2024-06-14,317.5,Jeep,2,12700.0,personnel,actif
CTR_003860,INS_005801,Tous risques,2024-05-28,690.0,Dacia,14,11500.0,personnel,actif
CTR_003861,INS_005803,Tous risques,2021-10-17,1084.2,Fiat,4,13900.0,professionnel,actif
CTR_003862,INS_005805,Au tiers,2020-11-16,200.0,Hyundai,5,4100.0,personnel,actif
CTR_003863,INS_005808,Tiers étendu,2024-12-20,257.4,Citroën,5,4400.0,professionnel,actif
CTR_003864,INS_005809,Tous risques,2024-12-15,390.0,Renault,12,6500.0,personnel,actif
CTR_003865,INS_005809,Au tiers,2020-08-30,200.0,Dacia,9,6700.0,personnel,actif
CTR_003866,INS_005811,Tiers + vol/incendie,2021-10-01,427.0,Volkswagen,9,12200.0,personnel,actif
CTR_003867,INS_005812,Tiers étendu,2021-12-24,864.0,Toyota,1,19200.0,personnel,actif
CTR_003868,INS_005814,Au tiers,2025-02-21,352.5,Toyota,11,14100.0,personnel,actif
CTR_003869,INS_005814,Tous risques,2024-11-19,996.0,Peugeot,4,16600.0,personnel,actif
CTR_003870,INS_005814,Tous risques,2024-09-24,1470.0,Audi,6,24500.0,personnel,actif
CTR_003871,INS_005816,Tous risques,2023-02-07,1357.2,Fiat,4,17400.0,professionnel,actif
CTR_003872,INS_005818,Tiers étendu,2025-11-14,1228.5,Toyota,10,21000.0,professionnel,actif
CTR_003873,INS_005818,Tous risques,2026-04-19,312.0,Fiat,11,5200.0,personnel,actif
CTR_003874,INS_005819,Tous risques,2025-10-09,647.4,Jeep,7,8300.0,professionnel,actif
CTR_003875,INS_005824,Au tiers,2021-12-24,487.5,Hyundai,4,15000.0,professionnel,actif
CTR_003876,INS_005825,Tiers étendu,2025-08-09,200.0,Peugeot,18,1200.0,mixte,actif
CTR_003877,INS_005828,Tiers étendu,2021-02-03,200.0,Peugeot,5,3100.0,personnel,actif
CTR_003878,INS_005829,Tiers + vol/incendie,2020-05-25,287.0,Tesla,8,8200.0,personnel,actif
CTR_003879,INS_005830,Tous risques + assistance,2023-08-27,1410.0,Dacia,5,18800.0,personnel,actif
CTR_003880,INS_005831,Tous risques,2025-10-11,486.0,Opel,3,8100.0,personnel,actif
CTR_003881,INS_005835,Tous risques,2025-07-19,372.0,Skoda,9,6200.0,personnel,actif
CTR_003882,INS_005836,Tiers étendu,2023-12-01,274.5,Fiat,10,6100.0,personnel,actif
CTR_003883,INS_005839,Tiers + vol/incendie,2024-08-07,469.0,Skoda,6,13400.0,personnel,actif
CTR_003884,INS_005842,Tous risques,2026-04-18,249.6,Opel,4,3200.0,professionnel,actif
CTR_003885,INS_005843,Tiers + vol/incendie,2024-09-30,241.15,Skoda,7,5300.0,professionnel,résilié
CTR_003886,INS_005844,Au tiers,2021-09-12,200.0,BMW,5,5600.0,personnel,actif
CTR_003887,INS_005845,Tous risques + assistance,2021-02-05,200.0,Ford,15,1600.0,personnel,actif
CTR_003888,INS_005846,Tiers + vol/incendie,2020-12-14,1183.0,Hyundai,5,26000.0,professionnel,suspendu
CTR_003889,INS_005847,Tiers étendu,2022-06-18,603.0,Volvo,8,13400.0,personnel,actif
CTR_003890,INS_005848,Tous risques + assistance,2020-07-06,200.0,Nissan,11,1600.0,personnel,actif
CTR_003891,INS_005849,Tous risques,2022-06-10,888.0,Citroën,1,14800.0,personnel,actif
CTR_003892,INS_005851,Tous risques + assistance,2022-02-18,1423.5,Volkswagen,3,14600.0,professionnel,actif
CTR_003893,INS_005852,Au tiers,2023-04-19,373.75,BMW,7,13000.0,mixte,suspendu
CTR_003894,INS_005853,Tiers + vol/incendie,2023-02-15,422.63,BMW,5,10500.0,mixte,actif
CTR_003895,INS_005856,Au tiers,2025-01-26,480.0,Peugeot,4,19200.0,personnel,actif
CTR_003896,INS_005857,Tiers étendu,2023-11-24,708.97,Peugeot,10,13700.0,mixte,actif
CTR_003897,INS_005858,Tous risques,2026-01-12,480.0,Volkswagen,3,8000.0,personnel,actif
CTR_003898,INS_005859,Au tiers,2025-04-20,255.0,Fiat,11,10200.0,personnel,actif
CTR_003899,INS_005861,Tous risques,2024-09-14,1450.8,Volvo,9,18600.0,professionnel,actif
CTR_003900,INS_005862,Tiers + vol/incendie,2022-03-10,525.0,Toyota,9,15000.0,personnel,actif
CTR_003901,INS_005864,Tous risques + assistance,2023-04-05,200.0,Seat,10,1300.0,personnel,actif
CTR_003902,INS_005867,Au tiers,2025-05-21,447.5,Volvo,3,17900.0,personnel,actif
CTR_003903,INS_005868,Tiers étendu,2021-01-10,279.0,Citroën,7,6200.0,personnel,actif
CTR_003904,INS_005869,Tiers étendu,2020-09-14,661.5,Volvo,8,14700.0,personnel,actif
CTR_003905,INS_005871,Tous risques,2026-02-11,1626.0,Volvo,4,27100.0,personnel,actif
CTR_003906,INS_005873,Au tiers,2023-11-08,280.0,Renault,1,11200.0,personnel,actif
CTR_003907,INS_005873,Au tiers,2022-10-01,230.0,Opel,6,8000.0,mixte,actif
CTR_003908,INS_005876,Au tiers,2025-09-06,275.0,Skoda,10,11000.0,personnel,actif
CTR_003909,INS_005877,Tiers étendu,2022-07-27,200.0,Seat,5,1700.0,personnel,actif
CTR_003910,INS_005877,Au tiers,2024-06-08,282.5,Citroën,1,11300.0,personnel,actif
CTR_003911,INS_005878,Tous risques,2022-07-03,741.0,Dacia,9,9500.0,professionnel,suspendu
CTR_003912,INS_005879,Tous risques,2022-06-12,858.0,Dacia,10,14300.0,personnel,actif
CTR_003913,INS_005880,Au tiers,2021-04-18,200.0,Peugeot,16,1000.0,professionnel,actif
CTR_003914,INS_005881,Au tiers,2023-10-15,200.0,Seat,19,800.0,professionnel,actif
CTR_003915,INS_005882,Tous risques,2023-02-17,378.0,Opel,13,6300.0,personnel,actif
CTR_003916,INS_005883,Tous risques,2021-05-24,750.0,Mercedes,10,12500.0,personnel,actif
CTR_003917,INS_005884,Tiers étendu,2024-06-29,304.2,Peugeot,5,5200.0,professionnel,actif
CTR_003918,INS_005884,Au tiers,2021-08-28,200.0,Peugeot,9,2800.0,personnel,actif
CTR_003919,INS_005885,Tous risques,2023-06-09,396.0,Jeep,7,6600.0,personnel,actif
CTR_003920,INS_005887,Tous risques,2022-01-02,1489.8,Renault,8,19100.0,professionnel,actif
CTR_003921,INS_005888,Tiers + vol/incendie,2026-04-30,200.0,Mercedes,17,2700.0,professionnel,actif
CTR_003922,INS_005889,Au tiers,2020-07-18,200.0,Kia,4,800.0,personnel,actif
CTR_003923,INS_005890,Tous risques,2021-08-13,978.0,Mercedes,4,16300.0,personnel,actif
CTR_003924,INS_005893,Tiers étendu,2020-06-16,1359.0,Audi,2,30200.0,personnel,suspendu
CTR_003925,INS_005893,Tous risques,2023-06-10,396.0,Hyundai,7,6600.0,personnel,actif
CTR_003926,INS_005894,Tiers étendu,2026-02-18,1107.0,Mercedes,0,24600.0,personnel,actif
CTR_003927,INS_005894,Au tiers,2022-09-05,480.0,BMW,4,19200.0,personnel,actif
CTR_003928,INS_005894,Au tiers,2025-07-18,435.5,Seat,1,13400.0,professionnel,actif
CTR_003929,INS_005896,Tiers étendu,2024-11-04,403.65,Renault,8,7800.0,mixte,actif
CTR_003930,INS_005897,Tous risques,2020-06-18,378.0,Citroën,6,6300.0,personnel,actif
CTR_003931,INS_005898,Au tiers,2022-12-31,200.0,Fiat,14,6900.0,personnel,actif
CTR_003932,INS_005900,Tiers étendu,2024-09-26,463.5,Nissan,15,10300.0,personnel,actif
CTR_003933,INS_005902,Tiers étendu,2024-10-08,355.5,Peugeot,9,7900.0,personnel,actif
CTR_003934,INS_005903,Tiers + vol/incendie,2021-06-27,664.3,Hyundai,7,14600.0,professionnel,actif
CTR_003935,INS_005904,Tous risques + assistance,2025-08-03,1155.0,Citroën,3,15400.0,personnel,actif
CTR_003936,INS_005905,Tiers + vol/incendie,2024-04-18,200.0,Dacia,19,3200.0,professionnel,actif
CTR_003937,INS_005907,Tiers étendu,2025-07-28,754.65,Citroën,5,12900.0,professionnel,actif
CTR_003938,INS_005908,Tous risques,2020-10-20,540.0,Dacia,9,9000.0,personnel,actif
CTR_003939,INS_005908,Tous risques,2023-07-07,966.0,Opel,3,16100.0,personnel,actif
CTR_003940,INS_005908,Tiers + vol/incendie,2025-12-25,304.85,Toyota,4,6700.0,professionnel,actif
CTR_003941,INS_005910,Tous risques,2025-01-31,690.0,Toyota,2,11500.0,personnel,actif
CTR_003942,INS_005911,Tous risques,2023-04-03,912.0,Jeep,6,15200.0,personnel,actif
CTR_003943,INS_005913,Tiers étendu,2024-02-22,200.0,Tesla,6,800.0,personnel,actif
CTR_003944,INS_005914,Tiers étendu,2025-07-27,263.92,Hyundai,4,5100.0,mixte,actif
CTR_003945,INS_005916,Tous risques + assistance,2025-09-10,1569.75,Citroën,4,18200.0,mixte,actif
CTR_003946,INS_005918,Tous risques,2025-09-26,924.0,Renault,2,15400.0,personnel,actif
CTR_003947,INS_005927,Tiers étendu,2023-01-11,508.95,Kia,16,8700.0,professionnel,actif
CTR_003948,INS_005928,Tous risques + assistance,2022-08-23,1716.37,Audi,9,19900.0,mixte,actif
CTR_003949,INS_005929,Tiers étendu,2020-08-22,200.0,Nissan,8,2900.0,personnel,actif
CTR_003950,INS_005930,Tiers étendu,2024-04-27,711.0,Skoda,5,15800.0,personnel,actif
CTR_003951,INS_005934,Tous risques,2023-10-24,450.0,Seat,16,7500.0,personnel,actif
CTR_003952,INS_005935,Tous risques,2025-10-02,200.0,Volkswagen,8,800.0,personnel,actif
CTR_003953,INS_005936,Tous risques,2022-11-01,570.0,Seat,5,9500.0,personnel,actif
CTR_003954,INS_005937,Au tiers,2022-08-27,420.0,Toyota,7,16800.0,personnel,actif
CTR_003955,INS_005938,Tiers étendu,2023-05-18,576.0,Kia,6,12800.0,personnel,actif
CTR_003956,INS_005939,Au tiers,2023-12-07,290.0,Citroën,10,11600.0,personnel,actif
CTR_003957,INS_005941,Tous risques,2025-09-02,627.9,Jeep,13,9100.0,mixte,actif
CTR_003958,INS_005943,Tiers + vol/incendie,2025-03-30,591.5,Peugeot,5,16900.0,personnel,actif
CTR_003959,INS_005944,Tous risques,2025-12-06,1287.0,Dacia,10,16500.0,professionnel,suspendu
CTR_003960,INS_005945,Au tiers,2020-10-24,262.5,Peugeot,2,10500.0,personnel,actif
CTR_003961,INS_005946,Tous risques + assistance,2025-02-08,1725.75,Skoda,8,17700.0,professionnel,actif
CTR_003962,INS_005947,Tous risques,2020-09-22,522.0,BMW,7,8700.0,personnel,suspendu
CTR_003963,INS_005948,Au tiers,2023-01-09,217.5,Peugeot,11,8700.0,personnel,actif
CTR_003964,INS_005949,Tous risques,2021-10-29,1548.0,Citroën,2,25800.0,personnel,actif
CTR_003965,INS_005950,Tous risques,2022-07-17,200.0,Nissan,10,800.0,personnel,actif
CTR_003966,INS_005951,Tiers étendu,2021-03-05,639.0,Tesla,5,14200.0,personnel,actif
CTR_003967,INS_005954,Tous risques,2023-12-24,1209.0,Mercedes,2,15500.0,professionnel,actif
CTR_003968,INS_005957,Tous risques,2021-06-06,200.0,Hyundai,4,800.0,personnel,actif
CTR_003969,INS_005958,Tous risques,2024-05-11,592.8,Hyundai,7,7600.0,professionnel,actif
CTR_003970,INS_005959,Tous risques,2020-08-04,1474.2,Volkswagen,7,18900.0,professionnel,actif
CTR_003971,INS_005961,Au tiers,2023-08-20,615.25,Toyota,0,21400.0,mixte,actif
CTR_003972,INS_005965,Au tiers,2025-10-20,242.5,Citroën,9,9700.0,personnel,actif
CTR_003973,INS_005968,Tous risques + assistance,2025-11-22,510.0,Tesla,10,6800.0,personnel,actif
CTR_003974,INS_005970,Tiers étendu,2022-02-13,1381.5,Volvo,3,30700.0,personnel,actif
CTR_003975,INS_005972,Tiers + vol/incendie,2021-05-19,539.0,Audi,10,15400.0,personnel,actif
CTR_003976,INS_005974,Tiers étendu,2021-07-20,909.0,Mercedes,4,20200.0,personnel,actif
CTR_003977,INS_005975,Tous risques + assistance,2026-01-17,277.5,Volkswagen,16,3700.0,personnel,actif
CTR_003978,INS_005978,Tiers + vol/incendie,2021-11-05,269.5,Dacia,1,7700.0,personnel,actif
CTR_003979,INS_005980,Tous risques,2025-02-14,821.1,Jeep,4,11900.0,mixte,actif
CTR_003980,INS_005983,Tiers + vol/incendie,2021-09-09,334.07,Nissan,6,8300.0,mixte,actif
CTR_003981,INS_005985,Tous risques,2023-12-07,553.8,Kia,12,7100.0,professionnel,actif
CTR_003982,INS_005986,Au tiers,2021-10-10,468.0,Volkswagen,10,14400.0,professionnel,actif
CTR_003983,INS_005987,Tous risques + assistance,2022-01-28,1155.0,Skoda,10,15400.0,personnel,actif
CTR_003984,INS_005992,Au tiers,2020-07-13,227.5,Hyundai,1,9100.0,personnel,actif
CTR_003985,INS_005995,Tous risques + assistance,2022-10-20,787.5,Skoda,3,10500.0,personnel,actif
CTR_003986,INS_005999,Tous risques,2024-08-24,594.0,Hyundai,6,9900.0,personnel,actif
CTR_003987,INS_006000,Tiers étendu,2020-07-24,200.0,Volvo,3,3400.0,personnel,actif
CTR_003988,INS_004200,Tous risques,2025-06-26,252.0,Tesla,17,4200.0,personnel,actif
CTR_003989,INS_001629,Tous risques,2026-01-30,200.0,Seat,3,800.0,professionnel,actif
CTR_003990,INS_000727,Au tiers,2023-10-17,330.62,Audi,6,11500.0,mixte,résilié
CTR_003991,INS_004545,Au tiers,2026-03-29,402.5,Skoda,3,16100.0,personnel,actif
CTR_003992,INS_004188,Au tiers,2024-08-22,222.5,Citroën,12,8900.0,personnel,actif
CTR_003993,INS_002245,Tous risques,2024-06-22,200.0,Dacia,5,3200.0,personnel,actif
CTR_003994,INS_004609,Tiers étendu,2020-05-30,737.1,Dacia,7,12600.0,professionnel,actif
CTR_003995,INS_000175,Tous risques + assistance,2024-01-25,200.0,Volvo,6,1700.0,personnel,actif
CTR_003996,INS_000060,Au tiers,2024-04-27,220.0,Volkswagen,8,8800.0,personnel,actif
CTR_003997,INS_005158,Au tiers,2021-07-16,200.0,Renault,6,6800.0,personnel,actif
CTR_003998,INS_000871,Tiers étendu,2023-01-08,652.5,Hyundai,7,14500.0,personnel,actif
CTR_003999,INS_005654,Tiers étendu,2025-09-03,837.0,BMW,11,18600.0,personnel,actif
CTR_004000,INS_002536,Tous risques,2022-05-02,546.0,Citroën,6,9100.0,personnel,actif
