insured_id,compagnie,incident_type,claim_date,claim_amount,fraud_flag
INS_003035,Société Générale Assurances,Accident corporel seul conducteur,2023-09-12,3400.0,0
INS_003035,BNP Paribas Cardif,Tentative de vol avec dégradation,2025-04-20,7000.0,1
INS_003457,Aviva,Incendie criminel,2023-06-02,200.0,0
INS_003457,AXA,Incendie accidentel,2024-06-29,7400.0,0
INS_003457,BNP Paribas Cardif,Vol à la roulette,2025-07-25,7900.0,0
INS_003457,Maif,Dégradation volontaire,2025-02-03,4300.0,0
INS_003457,Generali,Tentative de vol avec dégradation,2024-11-20,8900.0,0
INS_004792,Société Générale Assurances,Vol à la roulette,2026-05-05,200.0,1
INS_004792,Aviva,Stationnement endommagé,2026-04-29,7200.0,0
INS_004792,BNP Paribas Cardif,Collision avec piéton,2025-05-28,300.0,0
INS_000707,Aviva,Dégradation volontaire,2023-06-25,7000.0,0
INS_005230,Allianz,Collision avec piéton,2023-10-14,7700.0,0
INS_005230,Allianz,Incendie criminel,2023-08-14,11800.0,1
INS_002472,Société Générale Assurances,Tentative de vol avec dégradation,2023-10-16,600.0,0
INS_002472,AXA,Bris de glace,2023-10-03,5100.0,1
INS_005934,Société Générale Assurances,Collision avec piéton,2025-01-31,600.0,0
INS_005934,Groupama,Vol à la roulette,2025-01-17,500.0,0
INS_005846,Société Générale Assurances,Collision avec piéton,2025-07-24,2600.0,0
INS_003840,Allianz,Incendie accidentel,2023-10-11,800.0,0
INS_000122,Macif,Bris de glace,2024-01-29,200.0,1
INS_000598,Groupama,Dommages grêle,2023-11-05,200.0,1
INS_001292,Aviva,Dégradation volontaire,2025-02-03,1700.0,0
INS_001292,Macif,Accident corporel seul conducteur,2025-12-03,10200.0,0
INS_001292,Generali,Accident corporel seul conducteur,2025-11-22,6200.0,0
INS_001292,Macif,Vol total du véhicule,2025-02-14,200.0,0
INS_005069,Société Générale Assurances,Accident corporel seul conducteur,2025-12-13,5100.0,1
INS_004449,Maif,Tentative de vol avec dégradation,2025-08-29,4800.0,0
INS_004449,Macif,Accident corporel seul conducteur,2025-02-25,6000.0,0
INS_001732,Maif,Collision avec piéton,2024-11-30,8500.0,0
INS_001732,Generali,Collision simple,2025-03-06,5900.0,0
INS_005534,Groupama,Collision avec piéton,2023-09-16,1200.0,0
INS_005534,Société Générale Assurances,Tentative de vol avec dégradation,2025-01-01,5100.0,0
INS_005534,Société Générale Assurances,Incendie accidentel,2026-03-18,6800.0,0
INS_004809,Société Générale Assurances,Inondation / submersion,2026-02-14,5000.0,0
INS_002094,BNP Paribas Cardif,Bris de glace,2026-02-21,2800.0,1
INS_005618,Aviva,Bris de glace,2025-10-30,4300.0,1
INS_005618,Generali,Collision simple,2023-08-18,3900.0,0
INS_005618,BNP Paribas Cardif,Bris de glace,2025-12-04,8100.0,1
INS_002923,Société Générale Assurances,Stationnement endommagé,2025-10-21,7700.0,1
INS_002398,Aviva,Tentative de vol avec dégradation,2025-05-02,3000.0,1
INS_002398,Groupama,Bris de glace,2023-08-25,4100.0,0
INS_002398,AXA,Tentative de vol avec dégradation,2025-03-15,6400.0,1
INS_002398,Macif,Collision avec animal,2026-04-27,6200.0,0
INS_002398,Allianz,Collision avec animal,2026-02-09,3400.0,0
INS_000644,Groupama,Collision avec animal,2024-10-18,9300.0,0
INS_003129,Groupama,Incendie criminel,2025-11-21,8100.0,0
INS_003129,Allianz,Incendie criminel,2024-10-10,800.0,0
INS_002259,Aviva,Vol à la roulette,2025-06-26,3300.0,1
INS_003168,AXA,Collision avec piéton,2023-09-24,2300.0,1
INS_000224,Macif,Collision simple,2025-10-09,3200.0,0
INS_000224,Aviva,Accident corporel seul conducteur,2024-04-29,1100.0,1
INS_003994,Aviva,Collision avec animal,2023-12-13,4200.0,1
INS_003994,BNP Paribas Cardif,Vol total du véhicule,2025-01-30,5800.0,0
INS_005619,Groupama,Tentative de vol avec dégradation,2024-10-19,200.0,0
INS_005619,Maif,Collision multi-véhicules,2024-02-11,200.0,0
INS_005619,Aviva,Collision avec piéton,2024-08-19,4200.0,1
INS_005619,Macif,Incendie criminel,2024-07-21,6700.0,1
INS_000881,Generali,Dégradation volontaire,2024-06-08,7100.0,1
INS_002877,Aviva,Inondation / submersion,2023-08-21,1800.0,1
INS_002877,Allianz,Bris de glace,2026-03-05,5500.0,1
INS_000346,Macif,Collision simple,2024-02-10,200.0,1
INS_000010,Aviva,Inondation / submersion,2023-08-10,6200.0,0
INS_003536,Groupama,Accident corporel seul conducteur,2024-04-19,1100.0,1
INS_005243,Macif,Vol total du véhicule,2025-02-14,2400.0,0
INS_005243,Maif,Collision avec animal,2026-04-30,4700.0,1
INS_005243,Macif,Inondation / submersion,2025-10-09,8300.0,0
INS_005695,Groupama,Incendie accidentel,2024-10-21,2600.0,0
INS_005553,Macif,Collision simple,2024-09-29,200.0,0
INS_003223,Société Générale Assurances,Collision avec piéton,2025-09-04,10000.0,0
INS_002845,Macif,Vol à la roulette,2025-05-02,3400.0,0
INS_001359,Generali,Incendie criminel,2025-07-10,1800.0,1
INS_001359,BNP Paribas Cardif,Collision multi-véhicules,2024-10-12,13300.0,0
INS_001359,AXA,Accident corporel seul conducteur,2023-11-30,10500.0,1
INS_004495,Generali,Collision avec piéton,2025-08-26,8500.0,0
INS_002717,BNP Paribas Cardif,Dommages grêle,2024-04-15,4300.0,0
INS_001641,Aviva,Bris de glace,2025-04-21,9400.0,0
INS_000411,Aviva,Incendie criminel,2023-12-28,11600.0,0
INS_000259,Maif,Bris de glace,2026-01-18,2200.0,0
INS_000259,Allianz,Incendie criminel,2025-12-23,10900.0,0
INS_002133,AXA,Vol à la roulette,2025-04-07,1600.0,1
INS_002133,Groupama,Vol total du véhicule,2024-10-13,14800.0,1
INS_002133,Generali,Vol à la roulette,2024-11-18,13200.0,0
INS_002133,Macif,Collision avec animal,2025-03-17,11100.0,1
INS_002133,Macif,Incendie criminel,2025-12-31,4900.0,1
INS_002686,Société Générale Assurances,Vol à la roulette,2024-06-25,2800.0,0
INS_003068,Société Générale Assurances,Collision multi-véhicules,2023-09-23,10100.0,0
INS_003846,Maif,Incendie criminel,2026-02-09,500.0,0
INS_003846,AXA,Incendie accidentel,2025-08-27,10100.0,0
INS_003846,Allianz,Stationnement endommagé,2025-12-14,8800.0,0
INS_003846,BNP Paribas Cardif,Dommages grêle,2024-01-25,2500.0,0
INS_003846,AXA,Incendie accidentel,2024-12-14,200.0,0
INS_005693,Société Générale Assurances,Collision simple,2025-06-05,6300.0,0
INS_005355,Generali,Collision simple,2023-07-12,200.0,0
INS_004172,Generali,Collision multi-véhicules,2023-11-13,200.0,1
INS_003278,Macif,Collision simple,2026-02-22,9400.0,0
INS_004375,Groupama,Collision avec animal,2023-07-16,9400.0,0
INS_002750,Société Générale Assurances,Incendie accidentel,2025-10-25,4800.0,1
INS_002750,Allianz,Vol total du véhicule,2024-03-17,4900.0,0
INS_005068,Allianz,Incendie accidentel,2024-12-31,2300.0,0
INS_005068,Generali,Dommages grêle,2023-06-15,9500.0,0
INS_001494,Allianz,Dommages grêle,2024-04-15,4300.0,0
INS_001494,Generali,Collision avec piéton,2024-04-11,3200.0,0
INS_001494,Aviva,Tentative de vol avec dégradation,2025-02-20,9800.0,1
INS_001494,BNP Paribas Cardif,Tentative de vol avec dégradation,2024-08-26,6400.0,1
INS_001230,AXA,Inondation / submersion,2023-07-20,5000.0,1
INS_001242,Allianz,Collision avec piéton,2023-06-28,11200.0,1
INS_001033,Allianz,Dégradation volontaire,2023-07-19,200.0,0
INS_001033,Generali,Collision multi-véhicules,2024-04-04,1400.0,0
INS_001033,Société Générale Assurances,Collision multi-véhicules,2025-03-15,6300.0,0
INS_001033,Macif,Collision avec piéton,2024-08-27,3700.0,0
INS_001033,Société Générale Assurances,Dégradation volontaire,2024-06-17,8700.0,1
INS_000429,AXA,Vol total du véhicule,2024-01-30,3800.0,1
INS_000152,Macif,Incendie accidentel,2024-08-23,7600.0,0
INS_003153,Aviva,Collision avec piéton,2024-04-05,5700.0,0
INS_003153,Allianz,Vol à la roulette,2023-11-25,3800.0,1
INS_002839,Allianz,Collision avec animal,2024-07-17,3000.0,0
INS_002839,Groupama,Bris de glace,2025-09-26,7000.0,0
INS_002839,Aviva,Vol total du véhicule,2025-06-24,10900.0,0
INS_005907,Maif,Collision avec piéton,2023-10-24,3700.0,1
INS_005562,Macif,Accident corporel seul conducteur,2024-06-30,1300.0,1
INS_005112,AXA,Collision multi-véhicules,2025-03-06,6800.0,0
INS_005112,Groupama,Collision simple,2026-03-02,2200.0,0
INS_005112,Société Générale Assurances,Bris de glace,2024-01-23,2300.0,0
INS_003919,Maif,Incendie criminel,2025-09-28,3200.0,0
INS_005298,Macif,Stationnement endommagé,2024-02-03,7100.0,0
INS_003701,Maif,Collision avec animal,2025-03-08,6700.0,1
INS_002506,Macif,Collision multi-véhicules,2023-08-26,7600.0,0
INS_005257,BNP Paribas Cardif,Inondation / submersion,2026-04-09,2300.0,0
INS_005257,Generali,Stationnement endommagé,2026-03-02,11300.0,1
INS_000945,Société Générale Assurances,Incendie criminel,2025-04-14,12900.0,0
INS_000945,Aviva,Collision multi-véhicules,2023-07-29,10300.0,0
INS_002433,BNP Paribas Cardif,Dommages grêle,2023-09-12,11500.0,1
INS_002433,Generali,Collision simple,2024-05-23,2300.0,0
INS_002433,AXA,Dégradation volontaire,2024-10-18,5400.0,0
INS_002230,Société Générale Assurances,Incendie accidentel,2023-09-22,200.0,0
INS_002230,Aviva,Dégradation volontaire,2025-07-12,9700.0,1
INS_001111,Maif,Tentative de vol avec dégradation,2025-08-27,1700.0,1
INS_001111,Société Générale Assurances,Incendie criminel,2023-12-14,2600.0,1
INS_001111,Société Générale Assurances,Dommages grêle,2023-12-11,1700.0,1
INS_001111,Allianz,Vol total du véhicule,2024-04-30,5900.0,1
INS_005231,Generali,Dommages grêle,2023-08-06,8000.0,0
INS_000461,Macif,Vol total du véhicule,2024-11-14,200.0,0
INS_000680,Société Générale Assurances,Accident corporel seul conducteur,2025-12-30,4900.0,0
INS_000680,Société Générale Assurances,Collision multi-véhicules,2024-08-29,2700.0,0
INS_000680,Aviva,Incendie accidentel,2026-04-22,4700.0,0
INS_000680,Macif,Collision simple,2023-06-08,200.0,1
INS_000680,BNP Paribas Cardif,Bris de glace,2023-06-07,3500.0,1
INS_004159,Allianz,Vol à la roulette,2023-08-06,9200.0,1
INS_005393,Groupama,Dommages grêle,2024-03-12,9100.0,1
INS_000021,Groupama,Vol à la roulette,2026-02-25,200.0,0
INS_000021,AXA,Incendie criminel,2025-10-15,1700.0,0
INS_001728,Maif,Inondation / submersion,2024-01-19,4000.0,0
INS_002337,Aviva,Collision simple,2024-05-21,3300.0,0
INS_002337,Société Générale Assurances,Collision avec animal,2024-12-24,6400.0,1
INS_002337,Allianz,Dommages grêle,2025-08-10,7200.0,0
INS_002337,Société Générale Assurances,Inondation / submersion,2024-09-28,7500.0,0
INS_001180,Macif,Tentative de vol avec dégradation,2024-04-25,1000.0,0
INS_000011,Maif,Inondation / submersion,2023-11-15,9900.0,1
INS_005877,Société Générale Assurances,Incendie criminel,2025-01-05,200.0,0
INS_005877,Groupama,Dégradation volontaire,2024-02-15,4800.0,0
INS_003102,Macif,Collision avec piéton,2025-10-12,200.0,1
INS_003102,Aviva,Bris de glace,2025-09-06,4200.0,0
INS_004502,Société Générale Assurances,Accident corporel seul conducteur,2025-09-07,7100.0,0
INS_004502,Generali,Dommages grêle,2025-03-31,4800.0,1
INS_004502,Allianz,Dommages grêle,2025-06-14,5000.0,0
INS_004502,Maif,Incendie criminel,2026-02-18,1900.0,1
INS_003828,BNP Paribas Cardif,Vol total du véhicule,2024-11-03,3200.0,0
INS_003828,Macif,Accident corporel seul conducteur,2024-10-29,4000.0,0
INS_001418,Allianz,Tentative de vol avec dégradation,2026-03-14,4700.0,1
INS_001418,Groupama,Vol à la roulette,2026-05-07,11900.0,1
INS_000555,Aviva,Collision multi-véhicules,2024-02-23,2800.0,0
INS_000555,Société Générale Assurances,Vol total du véhicule,2025-03-08,5400.0,0
INS_004093,Macif,Collision avec piéton,2025-10-07,4000.0,0
INS_004093,Société Générale Assurances,Accident corporel seul conducteur,2023-11-24,200.0,1
INS_000225,Allianz,Vol total du véhicule,2025-09-14,12200.0,0
INS_002299,Groupama,Collision multi-véhicules,2023-11-21,1400.0,0
INS_003515,BNP Paribas Cardif,Collision avec piéton,2024-04-20,2000.0,0
INS_003515,BNP Paribas Cardif,Collision avec piéton,2025-08-01,13300.0,0
INS_003423,Maif,Incendie criminel,2024-02-08,700.0,1
INS_004301,AXA,Bris de glace,2024-05-15,11600.0,0
INS_004301,Groupama,Vol à la roulette,2023-07-11,9400.0,0
INS_004301,Groupama,Incendie accidentel,2024-01-03,200.0,1
INS_003872,Groupama,Collision multi-véhicules,2025-03-19,4800.0,0
INS_003872,Maif,Accident corporel seul conducteur,2023-06-12,2800.0,0
INS_003872,Société Générale Assurances,Collision multi-véhicules,2023-07-06,7100.0,0
INS_005260,BNP Paribas Cardif,Dommages grêle,2026-04-24,200.0,0
INS_005260,Allianz,Dommages grêle,2023-07-25,8600.0,0
INS_000226,Groupama,Collision avec animal,2024-04-19,200.0,1
INS_005423,AXA,Incendie accidentel,2024-10-03,1600.0,1
INS_005878,Generali,Dommages grêle,2023-08-08,8900.0,1
INS_005878,Société Générale Assurances,Tentative de vol avec dégradation,2025-12-02,1500.0,0
INS_005878,Groupama,Accident corporel seul conducteur,2024-05-01,4600.0,1
INS_005494,BNP Paribas Cardif,Dégradation volontaire,2023-11-01,5600.0,0
INS_004572,Macif,Incendie accidentel,2024-11-27,2500.0,0
INS_004572,Generali,Collision avec piéton,2024-02-23,3700.0,1
INS_004572,AXA,Incendie accidentel,2025-08-11,8000.0,1
INS_000991,BNP Paribas Cardif,Collision avec piéton,2024-05-16,8100.0,0
INS_000991,Allianz,Vol total du véhicule,2024-03-05,11300.0,0
INS_000991,Aviva,Dégradation volontaire,2026-03-19,5400.0,0
INS_000991,Maif,Dégradation volontaire,2025-07-16,10800.0,1
INS_000991,Aviva,Collision avec animal,2024-04-01,5600.0,1
INS_004006,Allianz,Dommages grêle,2025-04-27,7700.0,0
INS_005003,Generali,Collision avec piéton,2023-10-09,8400.0,1
INS_005003,Generali,Inondation / submersion,2025-04-03,200.0,0
INS_003177,Aviva,Vol total du véhicule,2025-03-12,8300.0,0
INS_001161,BNP Paribas Cardif,Bris de glace,2025-07-27,6600.0,0
INS_001161,Aviva,Vol à la roulette,2025-08-24,200.0,1
INS_001161,AXA,Vol à la roulette,2025-08-08,5100.0,0
INS_001019,Société Générale Assurances,Incendie criminel,2024-09-22,4300.0,0
INS_000661,Allianz,Inondation / submersion,2024-06-27,3800.0,0
INS_000661,Société Générale Assurances,Bris de glace,2025-12-26,5700.0,1
INS_003554,Société Générale Assurances,Inondation / submersion,2026-03-27,4600.0,0
INS_003554,Generali,Stationnement endommagé,2024-01-27,3800.0,0
INS_003554,BNP Paribas Cardif,Incendie criminel,2023-12-27,7300.0,0
INS_003961,BNP Paribas Cardif,Bris de glace,2026-04-07,6000.0,1
INS_000891,AXA,Tentative de vol avec dégradation,2025-06-13,4100.0,0
INS_001203,Société Générale Assurances,Vol total du véhicule,2024-08-06,6500.0,0
INS_001203,Generali,Collision multi-véhicules,2023-06-16,900.0,0
INS_001927,Macif,Inondation / submersion,2024-05-10,5000.0,1
INS_001927,AXA,Accident corporel seul conducteur,2024-01-13,200.0,0
INS_000334,BNP Paribas Cardif,Collision simple,2025-09-24,200.0,0
INS_002173,BNP Paribas Cardif,Inondation / submersion,2025-03-02,9300.0,0
INS_003192,Generali,Vol à la roulette,2023-12-12,8200.0,1
INS_003192,Generali,Accident corporel seul conducteur,2026-05-16,200.0,0
INS_005706,Groupama,Accident corporel seul conducteur,2024-06-09,9100.0,0
INS_005706,BNP Paribas Cardif,Stationnement endommagé,2024-12-08,1100.0,0
INS_002810,AXA,Collision multi-véhicules,2025-01-26,4100.0,1
INS_002810,AXA,Collision avec piéton,2024-01-24,6100.0,0
INS_004157,Maif,Dommages grêle,2024-10-07,3900.0,0
INS_004157,Generali,Inondation / submersion,2024-02-21,6600.0,0
INS_001852,Generali,Tentative de vol avec dégradation,2025-10-16,10800.0,0
INS_001852,Maif,Bris de glace,2024-12-05,11000.0,0
INS_001852,AXA,Accident corporel seul conducteur,2026-01-27,7000.0,1
INS_003255,BNP Paribas Cardif,Tentative de vol avec dégradation,2024-02-19,300.0,1
INS_003255,Maif,Dégradation volontaire,2026-03-14,9300.0,0
INS_003255,BNP Paribas Cardif,Collision simple,2024-02-04,200.0,0
INS_002989,AXA,Incendie criminel,2024-06-02,5300.0,0
INS_002989,AXA,Collision avec animal,2025-04-14,800.0,0
INS_004947,Allianz,Collision multi-véhicules,2025-11-29,2600.0,0
INS_004991,Allianz,Inondation / submersion,2024-01-09,4400.0,1
INS_004419,BNP Paribas Cardif,Dommages grêle,2023-12-10,7700.0,0
INS_000019,Maif,Incendie accidentel,2024-02-02,5300.0,1
INS_000019,BNP Paribas Cardif,Vol à la roulette,2024-04-30,4400.0,0
INS_005525,Generali,Vol total du véhicule,2025-12-07,200.0,1
INS_005180,Allianz,Collision multi-véhicules,2023-11-09,5000.0,1
INS_005180,Société Générale Assurances,Accident corporel seul conducteur,2025-09-02,8100.0,0
INS_000787,Société Générale Assurances,Dommages grêle,2026-03-14,10000.0,0
INS_003329,Generali,Inondation / submersion,2023-06-18,10500.0,1
INS_003329,Maif,Stationnement endommagé,2025-02-08,7900.0,0
INS_005490,Société Générale Assurances,Stationnement endommagé,2024-07-09,14900.0,0
INS_005490,AXA,Collision avec animal,2025-07-17,14400.0,0
INS_003401,Aviva,Stationnement endommagé,2024-10-09,300.0,0
INS_002933,AXA,Dommages grêle,2023-07-25,9900.0,0
INS_004472,Aviva,Incendie accidentel,2024-02-02,200.0,0
INS_005602,Maif,Dommages grêle,2023-07-14,4900.0,0
INS_000834,Macif,Dommages grêle,2026-02-22,200.0,1
INS_000834,BNP Paribas Cardif,Inondation / submersion,2024-08-06,3800.0,0
INS_000834,Société Générale Assurances,Bris de glace,2023-10-10,1800.0,1
INS_000834,AXA,Collision avec animal,2025-11-11,7500.0,1
INS_000834,BNP Paribas Cardif,Accident corporel seul conducteur,2024-05-18,200.0,0
INS_001841,Macif,Inondation / submersion,2025-11-08,2300.0,0
INS_005999,Groupama,Stationnement endommagé,2024-11-10,7300.0,0
INS_005999,Allianz,Collision multi-véhicules,2023-09-01,700.0,0
INS_003340,AXA,Stationnement endommagé,2026-03-29,4800.0,1
INS_003340,Société Générale Assurances,Collision avec animal,2024-05-15,3500.0,0
INS_003340,Maif,Dégradation volontaire,2025-12-22,3900.0,0
INS_003340,Allianz,Collision multi-véhicules,2023-07-24,9300.0,0
INS_003340,Macif,Bris de glace,2025-02-28,6200.0,0
INS_005755,Generali,Accident corporel seul conducteur,2026-04-19,9900.0,0
INS_001341,Aviva,Dégradation volontaire,2025-04-19,200.0,1
INS_001369,Allianz,Dommages grêle,2025-06-29,3500.0,0
INS_001369,Allianz,Collision simple,2024-03-20,1700.0,0
INS_001369,Generali,Collision avec animal,2023-11-08,2300.0,0
INS_001369,Société Générale Assurances,Inondation / submersion,2025-05-04,200.0,0
INS_001369,Allianz,Incendie criminel,2025-06-17,4100.0,0
INS_001255,AXA,Accident corporel seul conducteur,2024-04-17,6400.0,1
INS_000316,Société Générale Assurances,Stationnement endommagé,2024-06-02,5000.0,0
INS_000316,Aviva,Bris de glace,2024-04-24,200.0,0
INS_004450,Maif,Dégradation volontaire,2023-08-20,6900.0,1
INS_003082,Aviva,Tentative de vol avec dégradation,2025-04-05,3500.0,0
INS_000516,Maif,Collision multi-véhicules,2024-07-05,6700.0,1
INS_000516,Macif,Stationnement endommagé,2024-07-06,2300.0,0
INS_005611,BNP Paribas Cardif,Vol à la roulette,2023-08-30,7600.0,0
INS_005611,Allianz,Dommages grêle,2024-05-11,8200.0,0
INS_005901,AXA,Vol à la roulette,2024-12-05,700.0,1
INS_005901,Allianz,Collision simple,2025-11-01,6500.0,0
INS_001142,Generali,Collision avec animal,2026-03-22,7600.0,0
INS_001142,Generali,Accident corporel seul conducteur,2025-09-16,200.0,0
INS_001142,Maif,Vol à la roulette,2023-08-16,2600.0,1
INS_000824,Allianz,Inondation / submersion,2023-09-02,9400.0,1
INS_000824,Macif,Collision simple,2024-02-23,2600.0,0
INS_000824,Aviva,Accident corporel seul conducteur,2026-05-01,1000.0,0
INS_000824,Groupama,Vol à la roulette,2026-04-27,200.0,0
INS_000824,Société Générale Assurances,Stationnement endommagé,2024-06-07,1400.0,0
INS_001947,Société Générale Assurances,Vol total du véhicule,2023-06-18,12600.0,0
INS_000172,AXA,Incendie accidentel,2025-07-18,10300.0,0
INS_005809,Generali,Collision avec piéton,2024-01-25,2600.0,0
INS_005809,BNP Paribas Cardif,Tentative de vol avec dégradation,2025-06-18,10300.0,1
INS_005809,Groupama,Incendie accidentel,2025-03-25,5700.0,0
INS_005720,Aviva,Dégradation volontaire,2024-02-28,9200.0,0
INS_005720,Groupama,Accident corporel seul conducteur,2025-09-07,2800.0,0
INS_002978,BNP Paribas Cardif,Tentative de vol avec dégradation,2023-08-08,7300.0,1
INS_000201,BNP Paribas Cardif,Vol à la roulette,2025-07-15,11800.0,0
INS_000201,Maif,Stationnement endommagé,2024-10-22,2900.0,1
INS_004677,Groupama,Collision multi-véhicules,2024-05-25,200.0,0
INS_003121,Aviva,Vol total du véhicule,2024-11-20,9400.0,0
INS_003121,Aviva,Stationnement endommagé,2025-09-01,800.0,0
INS_003121,Macif,Vol total du véhicule,2024-06-21,500.0,0
INS_003121,AXA,Inondation / submersion,2026-03-31,5900.0,0
INS_001936,Macif,Bris de glace,2026-01-29,2700.0,0
INS_001936,AXA,Inondation / submersion,2024-07-28,1400.0,0
INS_004934,Société Générale Assurances,Dommages grêle,2025-10-16,200.0,0
INS_004934,Société Générale Assurances,Dommages grêle,2023-12-02,200.0,0
INS_004934,Allianz,Dommages grêle,2024-12-10,200.0,1
INS_004934,Maif,Vol à la roulette,2025-05-06,4100.0,1
INS_004934,Allianz,Dégradation volontaire,2026-05-04,200.0,0
INS_004700,Macif,Collision avec animal,2024-08-16,1400.0,1
INS_004700,Generali,Collision avec animal,2023-06-14,4300.0,1
INS_004700,Macif,Incendie criminel,2025-10-01,5400.0,0
INS_004700,Macif,Collision avec piéton,2023-10-04,5800.0,1
INS_004700,Maif,Collision multi-véhicules,2024-08-17,200.0,0
INS_002132,Macif,Accident corporel seul conducteur,2025-12-07,7700.0,1
INS_003973,AXA,Vol à la roulette,2023-08-15,6000.0,1
INS_004511,BNP Paribas Cardif,Bris de glace,2025-05-28,10200.0,0
INS_004511,Allianz,Vol total du véhicule,2025-01-02,5000.0,0
INS_004511,Aviva,Collision simple,2024-06-28,3900.0,0
INS_001591,Société Générale Assurances,Collision simple,2026-03-30,3300.0,0
INS_001591,AXA,Tentative de vol avec dégradation,2024-09-11,400.0,1
INS_002414,Allianz,Inondation / submersion,2024-05-06,300.0,0
INS_002414,AXA,Dégradation volontaire,2023-06-05,5100.0,0
INS_004340,AXA,Dégradation volontaire,2025-09-25,4600.0,0
INS_004482,BNP Paribas Cardif,Accident corporel seul conducteur,2024-10-09,5700.0,0
INS_004482,Groupama,Incendie criminel,2026-03-20,7100.0,0
INS_004482,Aviva,Collision avec piéton,2024-05-02,1400.0,0
INS_004482,Macif,Dommages grêle,2024-04-06,1800.0,0
INS_000589,AXA,Collision multi-véhicules,2023-07-24,12300.0,0
INS_000589,AXA,Collision simple,2025-03-21,200.0,0
INS_000589,Macif,Dommages grêle,2025-05-17,3700.0,1
INS_005694,Aviva,Incendie accidentel,2024-11-25,12800.0,0
INS_002180,Allianz,Vol total du véhicule,2024-06-21,8500.0,0
INS_002180,Generali,Vol total du véhicule,2025-05-09,1200.0,0
INS_003249,Aviva,Stationnement endommagé,2025-03-08,7600.0,1
INS_000052,BNP Paribas Cardif,Vol total du véhicule,2024-10-11,15500.0,0
INS_000052,Macif,Stationnement endommagé,2023-08-18,200.0,0
INS_005507,Macif,Dégradation volontaire,2023-12-20,7500.0,0
INS_004576,Aviva,Vol à la roulette,2024-01-17,6300.0,1
INS_004576,Allianz,Vol à la roulette,2026-04-16,6100.0,0
INS_001192,Aviva,Collision avec piéton,2023-06-21,5100.0,1
INS_001192,Generali,Inondation / submersion,2026-03-13,9500.0,0
INS_001192,Maif,Collision avec animal,2023-07-11,2500.0,0
INS_001192,Maif,Collision simple,2025-09-10,1100.0,1
INS_001192,Société Générale Assurances,Dégradation volontaire,2023-07-06,10900.0,0
INS_002131,Macif,Collision simple,2023-07-13,4200.0,1
INS_005704,AXA,Incendie criminel,2026-02-23,9200.0,0
INS_005704,Allianz,Dommages grêle,2025-09-10,2300.0,1
INS_005704,Aviva,Collision multi-véhicules,2024-08-25,8900.0,0
INS_003637,Groupama,Dommages grêle,2023-09-08,3600.0,1
INS_002474,Aviva,Tentative de vol avec dégradation,2023-07-19,1000.0,1
INS_000127,Allianz,Stationnement endommagé,2024-01-18,9100.0,0
INS_003838,Maif,Accident corporel seul conducteur,2023-11-05,7000.0,0
INS_004641,Maif,Incendie criminel,2025-11-21,3500.0,1
INS_004641,Groupama,Tentative de vol avec dégradation,2024-12-20,3000.0,0
INS_004641,Aviva,Collision avec piéton,2025-01-25,12800.0,0
INS_005657,Allianz,Vol total du véhicule,2025-01-04,10500.0,0
INS_005657,Generali,Accident corporel seul conducteur,2024-01-08,4700.0,1
INS_002479,Maif,Tentative de vol avec dégradation,2024-03-29,3600.0,0
INS_002479,Société Générale Assurances,Dégradation volontaire,2026-04-27,5300.0,0
INS_001701,Groupama,Accident corporel seul conducteur,2024-07-27,6200.0,0
INS_001701,Société Générale Assurances,Dommages grêle,2023-09-28,200.0,0
INS_001701,BNP Paribas Cardif,Vol à la roulette,2026-03-19,7400.0,0
INS_002546,Generali,Incendie criminel,2025-01-23,11300.0,0
INS_002546,Macif,Inondation / submersion,2023-09-27,3000.0,1
INS_002546,Société Générale Assurances,Dommages grêle,2026-04-19,7400.0,1
INS_002546,Groupama,Tentative de vol avec dégradation,2024-10-25,2000.0,0
INS_002546,Macif,Collision avec animal,2025-01-02,9700.0,1
INS_002554,Allianz,Vol à la roulette,2024-06-15,5200.0,0
INS_002336,Société Générale Assurances,Accident corporel seul conducteur,2024-12-24,7300.0,0
INS_002336,Groupama,Collision avec animal,2025-06-14,3000.0,0
INS_002336,Generali,Incendie accidentel,2026-03-13,3000.0,0
INS_002336,Groupama,Vol total du véhicule,2026-03-11,12800.0,0
INS_000925,Allianz,Bris de glace,2023-07-15,7500.0,0
INS_000925,Maif,Vol total du véhicule,2024-06-13,6600.0,0
INS_000925,Generali,Stationnement endommagé,2023-07-03,6200.0,1
INS_000925,Maif,Collision avec piéton,2025-03-03,200.0,0
INS_000925,AXA,Incendie accidentel,2024-05-26,200.0,0
INS_005898,Allianz,Collision multi-véhicules,2024-08-06,8200.0,0
INS_003827,BNP Paribas Cardif,Vol total du véhicule,2025-01-25,10800.0,0
INS_003827,Aviva,Dégradation volontaire,2025-09-03,2800.0,0
INS_003023,Société Générale Assurances,Vol total du véhicule,2024-07-15,4900.0,1
INS_003023,Generali,Collision avec animal,2023-12-05,2900.0,0
INS_003086,Groupama,Collision multi-véhicules,2023-07-02,5600.0,0
INS_003086,AXA,Dommages grêle,2024-11-01,3500.0,0
INS_003517,AXA,Stationnement endommagé,2023-11-13,200.0,0
INS_003517,Maif,Collision simple,2024-11-11,5600.0,0
INS_003159,Maif,Stationnement endommagé,2025-11-14,6900.0,0
INS_003159,Société Générale Assurances,Tentative de vol avec dégradation,2025-07-27,200.0,0
INS_003159,AXA,Vol total du véhicule,2026-05-07,11700.0,0
INS_000732,Aviva,Inondation / submersion,2023-09-26,5800.0,0
INS_004919,Allianz,Stationnement endommagé,2025-05-27,7200.0,0
INS_004919,Société Générale Assurances,Incendie criminel,2025-12-28,7000.0,1
INS_003264,Generali,Stationnement endommagé,2024-09-27,4900.0,0
INS_003264,Société Générale Assurances,Tentative de vol avec dégradation,2025-04-17,4500.0,0
INS_001523,Aviva,Stationnement endommagé,2024-10-09,9000.0,0
INS_001523,AXA,Vol total du véhicule,2024-06-14,5900.0,1
INS_000718,Macif,Vol total du véhicule,2024-03-30,10300.0,0
INS_001823,Aviva,Bris de glace,2024-10-17,2400.0,0
INS_001823,AXA,Collision avec animal,2024-01-25,3900.0,1
INS_001395,AXA,Collision avec piéton,2025-07-27,200.0,1
INS_001395,AXA,Tentative de vol avec dégradation,2025-09-28,1200.0,0
INS_001395,Groupama,Collision avec piéton,2026-04-11,5400.0,0
INS_001932,Société Générale Assurances,Collision simple,2024-01-24,8800.0,0
INS_004782,Maif,Accident corporel seul conducteur,2025-09-14,7400.0,0
INS_004782,Allianz,Incendie accidentel,2025-03-17,8200.0,0
INS_001480,Société Générale Assurances,Collision avec animal,2026-04-03,2600.0,0
INS_005084,Maif,Accident corporel seul conducteur,2024-12-16,4000.0,0
INS_003060,Generali,Vol à la roulette,2025-03-11,12700.0,0
INS_003060,Maif,Inondation / submersion,2025-04-14,5300.0,1
INS_003060,Macif,Incendie accidentel,2025-02-08,200.0,0
INS_003060,AXA,Stationnement endommagé,2023-09-16,4300.0,0
INS_003060,Aviva,Incendie criminel,2024-02-29,3700.0,0
INS_000082,Macif,Bris de glace,2026-04-30,2900.0,0
INS_000082,Macif,Collision avec piéton,2025-03-21,1600.0,0
INS_000082,Société Générale Assurances,Collision avec animal,2024-01-05,200.0,0
INS_000082,Allianz,Collision simple,2024-10-12,200.0,0
INS_000082,Aviva,Collision multi-véhicules,2023-08-21,11600.0,0
INS_000939,Maif,Accident corporel seul conducteur,2024-07-23,9600.0,0
INS_005536,Aviva,Collision simple,2024-03-09,2300.0,0
INS_005536,Generali,Vol total du véhicule,2023-07-03,7600.0,1
INS_005536,Generali,Collision simple,2024-09-13,2200.0,1
INS_005536,AXA,Tentative de vol avec dégradation,2024-12-23,3100.0,0
INS_004811,Macif,Stationnement endommagé,2025-07-26,1500.0,0
INS_004811,Allianz,Stationnement endommagé,2024-09-29,200.0,1
INS_003960,BNP Paribas Cardif,Collision avec animal,2023-08-08,3400.0,0
INS_003151,Maif,Tentative de vol avec dégradation,2025-01-30,8700.0,0
INS_000673,AXA,Inondation / submersion,2025-09-08,9600.0,0
INS_000673,Maif,Inondation / submersion,2026-01-28,6100.0,0
INS_000327,Generali,Dommages grêle,2023-08-26,2900.0,0
INS_001592,BNP Paribas Cardif,Tentative de vol avec dégradation,2024-04-23,200.0,0
INS_001103,Macif,Collision avec piéton,2024-09-09,11300.0,0
INS_000839,Generali,Tentative de vol avec dégradation,2024-06-13,5300.0,1
INS_003212,Maif,Vol à la roulette,2025-03-21,8700.0,0
INS_003212,Maif,Collision avec animal,2024-06-29,15200.0,1
INS_002783,Groupama,Inondation / submersion,2024-08-08,1700.0,0
INS_002783,Maif,Collision multi-véhicules,2026-05-22,5300.0,0
INS_002783,Société Générale Assurances,Incendie accidentel,2024-02-22,5300.0,0
INS_004115,Allianz,Accident corporel seul conducteur,2025-08-25,8100.0,0
INS_000038,Société Générale Assurances,Accident corporel seul conducteur,2024-11-28,1600.0,0
INS_004557,Maif,Collision avec piéton,2026-02-23,12300.0,1
INS_004557,BNP Paribas Cardif,Collision avec animal,2025-05-13,9700.0,0
INS_004557,Generali,Dégradation volontaire,2024-01-10,3700.0,0
INS_004557,Société Générale Assurances,Bris de glace,2026-03-12,200.0,0
INS_003765,AXA,Collision avec animal,2023-06-12,10100.0,0
INS_005944,Aviva,Incendie criminel,2023-06-30,6700.0,1
INS_003101,Macif,Collision simple,2024-06-12,3300.0,1
INS_005480,Allianz,Bris de glace,2025-11-26,200.0,0
INS_005480,Macif,Collision multi-véhicules,2024-06-08,2100.0,0
INS_003900,Société Générale Assurances,Collision avec animal,2024-05-23,8000.0,0
INS_005560,Allianz,Tentative de vol avec dégradation,2025-10-08,1700.0,1
INS_005560,Allianz,Dommages grêle,2024-02-13,4700.0,0
INS_005560,Groupama,Dégradation volontaire,2024-10-21,7400.0,0
INS_005560,Maif,Bris de glace,2024-10-29,6300.0,0
INS_005560,Generali,Dégradation volontaire,2025-10-12,10200.0,0
INS_000278,Société Générale Assurances,Incendie criminel,2023-06-15,600.0,0
INS_000278,Macif,Dégradation volontaire,2023-12-31,200.0,0
INS_005690,Macif,Incendie accidentel,2024-07-13,1600.0,0
INS_005690,BNP Paribas Cardif,Vol total du véhicule,2025-06-17,5800.0,0
INS_005690,BNP Paribas Cardif,Dommages grêle,2024-11-03,6800.0,0
INS_002720,Société Générale Assurances,Collision simple,2025-03-04,4000.0,0
INS_002720,Groupama,Vol à la roulette,2023-11-18,6600.0,1
INS_002720,Groupama,Collision avec animal,2024-08-23,9000.0,1
INS_005397,Groupama,Accident corporel seul conducteur,2024-07-05,5600.0,0
INS_000621,AXA,Bris de glace,2025-01-15,7900.0,0
INS_000938,Generali,Collision avec piéton,2025-06-01,9800.0,0
INS_005079,Macif,Vol à la roulette,2023-06-08,3800.0,1
INS_001839,AXA,Incendie criminel,2023-09-16,5400.0,0
INS_004294,Generali,Bris de glace,2024-03-08,13400.0,0
INS_004385,AXA,Accident corporel seul conducteur,2023-07-28,7300.0,0
INS_004385,BNP Paribas Cardif,Dommages grêle,2026-04-05,5200.0,0
INS_001753,BNP Paribas Cardif,Incendie criminel,2026-04-07,4600.0,0
INS_001753,Aviva,Collision avec piéton,2024-04-07,3500.0,0
INS_005567,BNP Paribas Cardif,Dommages grêle,2024-05-12,6500.0,0
INS_000507,Société Générale Assurances,Inondation / submersion,2025-05-16,10100.0,0
INS_004938,AXA,Accident corporel seul conducteur,2026-05-22,6400.0,0
INS_005940,AXA,Collision avec animal,2024-04-14,200.0,0
INS_005940,BNP Paribas Cardif,Collision avec animal,2026-05-17,2900.0,0
INS_002217,AXA,Dégradation volontaire,2024-12-01,500.0,0
INS_002799,Société Générale Assurances,Vol à la roulette,2025-08-18,10900.0,0
INS_002799,AXA,Collision multi-véhicules,2023-07-04,3000.0,0
INS_005134,Groupama,Bris de glace,2025-02-01,11600.0,1
INS_004183,Groupama,Collision avec animal,2026-02-25,5200.0,0
INS_000717,Aviva,Dégradation volontaire,2025-12-04,4300.0,0
INS_003234,Maif,Collision avec animal,2025-02-06,8000.0,0
INS_003234,Groupama,Vol total du véhicule,2024-11-19,13200.0,0
INS_005451,Aviva,Dégradation volontaire,2025-04-16,1500.0,0
INS_003852,Macif,Stationnement endommagé,2024-02-09,10400.0,0
INS_003852,Generali,Dommages grêle,2024-12-04,200.0,0
INS_003852,BNP Paribas Cardif,Bris de glace,2023-10-21,5400.0,0
INS_001529,Groupama,Vol à la roulette,2024-07-12,5900.0,0
INS_001529,Maif,Inondation / submersion,2024-07-28,200.0,0
INS_004924,Macif,Vol à la roulette,2023-06-09,8200.0,0
INS_004924,Société Générale Assurances,Collision simple,2025-10-16,5700.0,0
INS_004924,Groupama,Inondation / submersion,2025-09-18,2100.0,1
INS_000676,Société Générale Assurances,Accident corporel seul conducteur,2024-02-22,4700.0,0
INS_004922,Aviva,Incendie accidentel,2024-01-21,6000.0,0
INS_004922,Société Générale Assurances,Inondation / submersion,2025-05-30,7200.0,0
INS_001992,Allianz,Vol total du véhicule,2023-06-25,3100.0,0
INS_001992,AXA,Dégradation volontaire,2025-02-19,9900.0,0
INS_001992,Société Générale Assurances,Inondation / submersion,2024-04-08,10700.0,0
INS_000081,AXA,Vol total du véhicule,2024-05-02,7000.0,0
INS_002221,Groupama,Inondation / submersion,2025-03-30,3800.0,0
INS_001058,Maif,Tentative de vol avec dégradation,2025-04-02,9400.0,0
INS_001058,AXA,Collision simple,2024-01-28,200.0,0
INS_000272,Aviva,Bris de glace,2023-06-14,7300.0,0
INS_005796,Generali,Incendie accidentel,2025-06-22,4800.0,0
INS_005796,BNP Paribas Cardif,Inondation / submersion,2025-07-16,2900.0,0
INS_004599,AXA,Collision avec animal,2023-09-19,3700.0,0
INS_004599,Société Générale Assurances,Vol total du véhicule,2026-05-16,1100.0,1
INS_004599,Allianz,Vol à la roulette,2025-02-04,200.0,1
INS_002996,Allianz,Collision simple,2025-04-30,1500.0,0
INS_004799,Allianz,Dommages grêle,2024-05-04,4700.0,1
INS_000504,Aviva,Bris de glace,2024-03-18,8800.0,1
INS_002866,Société Générale Assurances,Vol total du véhicule,2025-08-30,4400.0,1
INS_002866,Macif,Collision multi-véhicules,2023-11-09,6000.0,1
INS_002866,Generali,Collision simple,2025-04-03,11200.0,1
INS_002866,Groupama,Vol à la roulette,2025-06-23,8500.0,1
INS_001312,Allianz,Vol à la roulette,2024-06-22,12400.0,0
INS_001312,Groupama,Collision avec piéton,2024-12-17,4300.0,0
INS_001312,Société Générale Assurances,Collision avec piéton,2025-10-17,1600.0,1
INS_001312,Groupama,Dégradation volontaire,2023-11-13,5100.0,1
INS_001312,Macif,Tentative de vol avec dégradation,2024-05-29,6100.0,0
INS_003917,Aviva,Accident corporel seul conducteur,2024-10-02,10100.0,1
INS_003917,Generali,Vol à la roulette,2024-05-18,8400.0,0
INS_001862,AXA,Incendie accidentel,2024-08-11,1400.0,1
INS_001862,Groupama,Accident corporel seul conducteur,2023-05-30,2000.0,0
INS_001862,Société Générale Assurances,Collision multi-véhicules,2023-10-12,7800.0,0
INS_001862,Generali,Accident corporel seul conducteur,2023-07-05,200.0,1
INS_001862,Macif,Collision avec animal,2024-01-27,3500.0,0
INS_000910,Société Générale Assurances,Accident corporel seul conducteur,2026-04-05,200.0,1
INS_000910,Aviva,Vol à la roulette,2023-07-07,6900.0,0
INS_000910,Allianz,Collision multi-véhicules,2024-07-17,5300.0,0
INS_000910,Maif,Collision avec animal,2024-10-20,8200.0,0
INS_000641,Macif,Collision multi-véhicules,2025-12-16,7800.0,0
INS_004505,Macif,Inondation / submersion,2026-04-29,12300.0,0
INS_003593,Aviva,Bris de glace,2023-09-14,4000.0,0
INS_003593,Aviva,Vol total du véhicule,2024-06-22,4400.0,1
INS_003593,Société Générale Assurances,Vol à la roulette,2025-05-17,4200.0,0
INS_003225,Maif,Incendie criminel,2024-12-14,5200.0,0
INS_003225,Maif,Dommages grêle,2025-08-10,2800.0,0
INS_005971,Groupama,Collision simple,2025-11-16,4800.0,0
INS_003368,BNP Paribas Cardif,Dommages grêle,2023-09-15,200.0,0
INS_004025,Aviva,Dégradation volontaire,2024-12-12,6500.0,0
INS_004025,BNP Paribas Cardif,Accident corporel seul conducteur,2025-04-14,4500.0,0
INS_004025,Macif,Tentative de vol avec dégradation,2025-09-18,4900.0,1
INS_004025,Generali,Dommages grêle,2024-12-01,5800.0,0
INS_001522,Maif,Vol à la roulette,2026-02-14,3600.0,0
INS_005717,AXA,Dégradation volontaire,2024-05-29,3100.0,0
INS_005717,AXA,Incendie criminel,2024-08-20,200.0,0
INS_002250,Aviva,Accident corporel seul conducteur,2024-09-09,2200.0,1
INS_002250,Groupama,Collision avec piéton,2025-07-11,7900.0,0
INS_002250,Groupama,Accident corporel seul conducteur,2025-10-19,200.0,0
INS_002250,Société Générale Assurances,Collision avec animal,2025-12-12,4300.0,1
INS_002250,Aviva,Tentative de vol avec dégradation,2024-01-19,6000.0,1
INS_005972,Société Générale Assurances,Inondation / submersion,2023-10-12,4800.0,1
INS_005972,Aviva,Collision avec animal,2024-12-23,11100.0,0
INS_005972,Groupama,Incendie accidentel,2024-04-12,5900.0,1
INS_001283,Aviva,Collision simple,2024-03-22,2000.0,1
INS_001283,Société Générale Assurances,Vol total du véhicule,2025-04-20,3600.0,1
INS_001283,BNP Paribas Cardif,Collision simple,2023-07-01,200.0,0
INS_004184,Macif,Dommages grêle,2025-01-25,6000.0,0
INS_004184,Groupama,Dommages grêle,2025-10-18,200.0,1
INS_005882,Société Générale Assurances,Collision multi-véhicules,2024-08-24,3800.0,1
INS_002748,Maif,Vol à la roulette,2024-05-17,7800.0,0
INS_002748,Maif,Collision simple,2024-10-26,3300.0,0
INS_002748,Société Générale Assurances,Stationnement endommagé,2025-03-26,3600.0,0
INS_002748,Maif,Collision multi-véhicules,2025-11-19,11000.0,0
INS_002748,AXA,Stationnement endommagé,2025-10-30,7000.0,0
INS_000194,Generali,Incendie criminel,2025-12-18,4700.0,1
INS_002035,Macif,Collision simple,2024-03-29,10500.0,0
INS_004230,Aviva,Incendie accidentel,2024-04-22,4300.0,1
INS_004230,BNP Paribas Cardif,Collision avec animal,2023-06-11,200.0,1
INS_004230,Maif,Tentative de vol avec dégradation,2023-11-17,2100.0,1
INS_002558,Macif,Tentative de vol avec dégradation,2026-04-30,2700.0,0
INS_002558,Macif,Accident corporel seul conducteur,2025-06-24,12800.0,0
INS_002558,Groupama,Tentative de vol avec dégradation,2023-11-05,200.0,0
INS_002558,Generali,Bris de glace,2025-01-03,3600.0,0
INS_002558,Groupama,Tentative de vol avec dégradation,2025-11-27,7900.0,0
INS_001023,Allianz,Tentative de vol avec dégradation,2023-12-21,200.0,0
INS_000448,Macif,Collision avec piéton,2023-08-11,6800.0,1
INS_000448,Groupama,Vol total du véhicule,2026-01-01,6600.0,0
INS_000448,Generali,Inondation / submersion,2024-02-07,2500.0,0
INS_000448,BNP Paribas Cardif,Accident corporel seul conducteur,2023-08-18,3800.0,0
INS_000786,Aviva,Collision avec animal,2024-07-01,9100.0,1
INS_000786,Macif,Dommages grêle,2024-01-29,9700.0,0
INS_000786,Macif,Dégradation volontaire,2023-08-14,200.0,0
INS_000786,Aviva,Collision avec animal,2025-11-26,3200.0,1
INS_005544,Groupama,Stationnement endommagé,2023-09-23,13100.0,0
INS_005544,Allianz,Collision simple,2024-12-30,17000.0,0
INS_004645,Groupama,Incendie accidentel,2025-06-26,4800.0,1
INS_004645,Allianz,Collision multi-véhicules,2024-07-15,8300.0,0
INS_002900,Groupama,Vol à la roulette,2024-07-16,1600.0,0
INS_004760,Aviva,Collision avec piéton,2025-02-27,200.0,0
INS_004760,Aviva,Vol à la roulette,2023-10-06,10300.0,0
INS_004760,Aviva,Accident corporel seul conducteur,2024-03-09,5200.0,0
INS_004760,Maif,Vol à la roulette,2023-10-06,6200.0,0
INS_004760,AXA,Collision multi-véhicules,2025-09-07,700.0,1
INS_004952,Generali,Accident corporel seul conducteur,2025-05-28,11100.0,0
INS_004952,Generali,Collision avec animal,2024-08-16,2300.0,1
INS_005148,BNP Paribas Cardif,Vol à la roulette,2024-07-19,6900.0,0
INS_005148,Groupama,Collision avec animal,2023-06-21,200.0,0
INS_005148,Aviva,Tentative de vol avec dégradation,2024-10-04,4800.0,1
INS_005148,BNP Paribas Cardif,Accident corporel seul conducteur,2025-09-29,200.0,0
INS_001530,Aviva,Collision avec piéton,2023-09-04,6600.0,0
INS_001308,Aviva,Tentative de vol avec dégradation,2024-11-25,3200.0,0
INS_001486,Maif,Incendie criminel,2025-11-24,9100.0,0
INS_002168,Allianz,Dégradation volontaire,2023-10-09,6000.0,0
INS_002168,Aviva,Dégradation volontaire,2023-09-14,5900.0,0
INS_004795,Groupama,Bris de glace,2025-02-19,9500.0,0
INS_004795,Maif,Bris de glace,2025-10-18,1400.0,1
INS_001460,Groupama,Stationnement endommagé,2023-10-10,6400.0,0
INS_005658,Maif,Dégradation volontaire,2024-05-05,4100.0,0
INS_005658,Macif,Dégradation volontaire,2026-03-30,1900.0,0
INS_002223,Maif,Incendie criminel,2026-04-08,6100.0,0
INS_002088,AXA,Dégradation volontaire,2025-06-05,14100.0,0
INS_002160,AXA,Incendie accidentel,2023-10-29,2000.0,1
INS_002160,Generali,Collision simple,2024-04-22,7600.0,0
INS_002160,Allianz,Incendie criminel,2024-11-08,13900.0,0
INS_005908,Generali,Collision avec piéton,2025-01-28,2700.0,0
INS_005908,AXA,Inondation / submersion,2025-05-28,11000.0,0
INS_005908,Allianz,Stationnement endommagé,2024-01-12,7200.0,0
INS_003277,Aviva,Collision simple,2023-08-03,1800.0,0
INS_003277,Generali,Accident corporel seul conducteur,2023-07-14,1200.0,0
INS_003277,AXA,Vol à la roulette,2024-03-07,6200.0,0
INS_003540,Maif,Inondation / submersion,2024-03-28,6600.0,0
INS_003540,Aviva,Incendie criminel,2023-12-29,7800.0,1
INS_003540,BNP Paribas Cardif,Collision multi-véhicules,2023-08-10,14100.0,1
INS_003540,BNP Paribas Cardif,Vol à la roulette,2023-09-16,200.0,0
INS_000703,Generali,Incendie criminel,2026-03-25,2500.0,0
INS_000703,Aviva,Collision avec piéton,2026-05-25,6400.0,0
INS_002832,BNP Paribas Cardif,Collision avec piéton,2025-01-31,8300.0,0
INS_002832,Maif,Incendie criminel,2023-09-16,10100.0,0
INS_002832,BNP Paribas Cardif,Incendie criminel,2023-06-05,7800.0,0
INS_005836,BNP Paribas Cardif,Inondation / submersion,2026-05-07,6400.0,1
INS_005158,Groupama,Vol total du véhicule,2026-03-01,200.0,0
INS_001449,Maif,Bris de glace,2025-06-28,10900.0,0
INS_001449,Macif,Accident corporel seul conducteur,2024-02-03,10800.0,1
INS_001449,Macif,Dommages grêle,2024-05-05,2200.0,0
INS_001449,BNP Paribas Cardif,Incendie criminel,2023-09-29,4200.0,1
INS_001449,Allianz,Bris de glace,2026-01-07,11300.0,0
INS_001049,AXA,Dommages grêle,2025-05-27,200.0,0
INS_001049,BNP Paribas Cardif,Stationnement endommagé,2024-04-29,200.0,0
INS_001100,Maif,Vol à la roulette,2024-09-30,200.0,0
INS_001100,AXA,Vol à la roulette,2024-11-26,4200.0,0
INS_001100,Allianz,Incendie accidentel,2024-08-21,1700.0,0
INS_001100,Generali,Vol à la roulette,2025-02-11,7600.0,0
INS_001100,AXA,Stationnement endommagé,2024-03-22,5300.0,0
INS_000432,Aviva,Collision simple,2023-07-17,3300.0,0
INS_000432,Aviva,Collision avec animal,2026-05-25,10300.0,0
INS_004841,Aviva,Collision avec animal,2024-07-22,16700.0,0
INS_004841,Allianz,Collision simple,2023-09-12,5400.0,0
INS_004020,BNP Paribas Cardif,Accident corporel seul conducteur,2025-05-18,4400.0,0
INS_004020,Aviva,Vol à la roulette,2024-11-27,200.0,1
INS_004020,Macif,Collision simple,2024-12-23,3000.0,0
INS_004020,Macif,Collision multi-véhicules,2023-08-09,6400.0,0
INS_003154,Allianz,Vol à la roulette,2023-12-28,4300.0,0
INS_003154,Aviva,Vol à la roulette,2024-03-08,2700.0,1
INS_005532,Allianz,Inondation / submersion,2025-10-26,9300.0,0
INS_005532,AXA,Bris de glace,2025-09-08,6500.0,0
INS_005532,AXA,Incendie accidentel,2024-07-26,200.0,0
INS_005532,BNP Paribas Cardif,Collision avec piéton,2024-05-04,4400.0,0
INS_002273,BNP Paribas Cardif,Incendie accidentel,2023-10-10,13000.0,0
INS_002273,Macif,Tentative de vol avec dégradation,2025-09-09,4800.0,0
INS_004427,Société Générale Assurances,Dégradation volontaire,2024-10-08,3700.0,1
INS_004427,Maif,Stationnement endommagé,2025-05-19,200.0,0
INS_005976,Generali,Inondation / submersion,2024-10-24,1000.0,1
INS_005976,Macif,Inondation / submersion,2024-03-15,4200.0,0
INS_000540,AXA,Incendie accidentel,2023-07-24,12000.0,0
INS_000540,BNP Paribas Cardif,Collision avec piéton,2025-07-29,7200.0,0
INS_004520,Generali,Vol total du véhicule,2023-06-24,200.0,0
INS_004520,Macif,Collision avec animal,2024-01-16,1400.0,0
INS_001542,Macif,Incendie accidentel,2026-05-18,9800.0,0
INS_004595,Maif,Incendie criminel,2024-09-29,5800.0,1
INS_001377,Aviva,Vol à la roulette,2024-03-04,8700.0,0
INS_001377,Aviva,Vol à la roulette,2025-04-12,12800.0,1
INS_001377,Maif,Accident corporel seul conducteur,2025-03-28,200.0,0
INS_001377,Generali,Incendie criminel,2026-04-22,2100.0,0
INS_002855,BNP Paribas Cardif,Collision simple,2024-09-29,4000.0,0
INS_002855,AXA,Tentative de vol avec dégradation,2025-03-18,9500.0,0
INS_002765,Maif,Collision multi-véhicules,2024-02-01,9000.0,0
INS_005642,Groupama,Vol à la roulette,2025-03-22,4400.0,1
INS_004817,Maif,Vol à la roulette,2025-07-09,1000.0,0
INS_000974,Groupama,Collision simple,2024-07-29,7700.0,0
INS_005831,Allianz,Vol à la roulette,2026-04-22,2700.0,0
INS_001798,Aviva,Stationnement endommagé,2025-03-29,7100.0,0
INS_001447,Société Générale Assurances,Dégradation volontaire,2023-08-31,10100.0,1
INS_001447,Macif,Incendie accidentel,2025-11-05,200.0,0
INS_001447,Maif,Collision avec piéton,2024-08-11,9200.0,1
INS_000610,BNP Paribas Cardif,Incendie criminel,2024-04-19,1000.0,0
INS_000610,AXA,Tentative de vol avec dégradation,2023-05-30,200.0,0
INS_000610,Aviva,Collision simple,2024-07-21,900.0,0
INS_000937,Generali,Tentative de vol avec dégradation,2024-01-26,3700.0,0
INS_003954,Generali,Inondation / submersion,2024-09-04,13200.0,0
INS_001397,Generali,Collision avec piéton,2025-10-28,1300.0,0
INS_001397,Aviva,Vol à la roulette,2024-06-13,5000.0,0
INS_002289,Allianz,Accident corporel seul conducteur,2026-03-21,5800.0,1
INS_002868,Allianz,Vol total du véhicule,2025-07-04,6100.0,0
INS_003093,Société Générale Assurances,Bris de glace,2025-01-24,7700.0,0
INS_000497,AXA,Stationnement endommagé,2024-06-10,9600.0,1
INS_000497,Generali,Collision simple,2026-03-05,7800.0,1
INS_000497,Macif,Vol total du véhicule,2024-08-02,7200.0,0
INS_000497,Generali,Collision avec animal,2023-08-29,5600.0,0
INS_000497,AXA,Bris de glace,2025-11-27,10500.0,0
INS_002819,Allianz,Inondation / submersion,2023-08-23,11400.0,1
INS_002819,Aviva,Stationnement endommagé,2026-05-22,3800.0,0
INS_002819,Allianz,Accident corporel seul conducteur,2025-03-16,200.0,1
INS_000632,Maif,Inondation / submersion,2025-04-30,1400.0,0
INS_004193,Macif,Incendie criminel,2024-04-13,8500.0,0
INS_001433,BNP Paribas Cardif,Incendie criminel,2025-10-04,8700.0,1
INS_001433,Maif,Collision simple,2023-11-23,3300.0,0
INS_001433,BNP Paribas Cardif,Vol à la roulette,2024-01-28,2100.0,0
INS_001433,BNP Paribas Cardif,Tentative de vol avec dégradation,2023-07-06,5500.0,0
INS_000455,Macif,Vol à la roulette,2026-03-11,1300.0,0
INS_000455,Groupama,Incendie accidentel,2023-06-18,4800.0,0
INS_000455,AXA,Bris de glace,2024-03-28,4400.0,0
INS_004319,Groupama,Stationnement endommagé,2024-04-08,11500.0,1
INS_005925,Société Générale Assurances,Dégradation volontaire,2024-12-17,3300.0,1
INS_005925,Macif,Vol à la roulette,2024-10-15,3200.0,0
INS_000314,Macif,Inondation / submersion,2024-04-19,6700.0,0
INS_004526,Société Générale Assurances,Dommages grêle,2025-01-30,200.0,0
INS_004526,AXA,Collision avec piéton,2025-09-21,9900.0,0
INS_003391,Société Générale Assurances,Collision simple,2025-04-22,9600.0,0
INS_000933,Maif,Dommages grêle,2025-11-05,5800.0,0
INS_003702,Aviva,Dégradation volontaire,2025-03-03,11200.0,0
INS_003702,Aviva,Tentative de vol avec dégradation,2024-12-03,6000.0,0
INS_003702,Macif,Vol total du véhicule,2024-12-12,5100.0,0
INS_003702,Société Générale Assurances,Vol à la roulette,2024-10-19,1700.0,0
INS_004206,Société Générale Assurances,Collision avec piéton,2026-02-03,2500.0,0
INS_000018,Macif,Inondation / submersion,2024-02-20,7200.0,0
INS_000018,Société Générale Assurances,Inondation / submersion,2025-10-27,11300.0,0
INS_000018,Generali,Vol à la roulette,2023-06-22,8700.0,1
INS_000018,Allianz,Collision avec piéton,2023-07-23,3200.0,0
INS_004312,Société Générale Assurances,Collision simple,2026-01-27,4600.0,0
INS_004051,Société Générale Assurances,Collision simple,2025-10-16,12300.0,0
INS_005725,Macif,Bris de glace,2023-05-30,3800.0,1
INS_005725,Société Générale Assurances,Vol total du véhicule,2023-08-12,6700.0,0
INS_001637,Macif,Stationnement endommagé,2024-11-08,9400.0,0
INS_001637,Groupama,Collision multi-véhicules,2026-04-07,5200.0,0
INS_002787,Allianz,Tentative de vol avec dégradation,2025-12-25,4100.0,0
INS_002787,Aviva,Tentative de vol avec dégradation,2025-05-11,1400.0,0
INS_001835,Macif,Tentative de vol avec dégradation,2024-05-03,1300.0,1
INS_001835,Allianz,Incendie criminel,2026-02-13,8500.0,0
INS_001835,BNP Paribas Cardif,Collision multi-véhicules,2025-03-08,4600.0,0
INS_004246,Macif,Tentative de vol avec dégradation,2025-10-28,10900.0,0
INS_004246,Allianz,Collision simple,2025-11-05,3100.0,0
INS_002515,Groupama,Accident corporel seul conducteur,2026-03-14,8600.0,1
INS_003624,AXA,Vol total du véhicule,2024-09-23,8400.0,0
INS_001608,BNP Paribas Cardif,Stationnement endommagé,2023-09-16,3600.0,0
INS_001608,Generali,Accident corporel seul conducteur,2026-03-12,5500.0,0
INS_001226,Maif,Incendie criminel,2023-08-14,9600.0,0
INS_005883,Groupama,Accident corporel seul conducteur,2023-09-19,9700.0,0
INS_001270,Société Générale Assurances,Incendie criminel,2025-07-05,8200.0,1
INS_000488,BNP Paribas Cardif,Dommages grêle,2024-08-31,800.0,0
INS_000488,Macif,Collision avec animal,2023-07-22,2800.0,0
INS_000488,Société Générale Assurances,Inondation / submersion,2023-07-05,1900.0,0
INS_000488,Maif,Collision avec animal,2025-03-31,9400.0,1
INS_005865,Groupama,Tentative de vol avec dégradation,2023-11-28,8900.0,0
INS_005865,AXA,Stationnement endommagé,2023-09-04,200.0,1
INS_003804,Allianz,Collision simple,2024-04-04,2100.0,0
INS_000485,Société Générale Assurances,Collision simple,2023-08-28,8000.0,1
INS_001830,Maif,Vol total du véhicule,2026-04-25,11200.0,1
INS_001830,Macif,Vol à la roulette,2024-06-19,1800.0,0
INS_003530,Generali,Stationnement endommagé,2025-12-11,4700.0,1
INS_003530,Groupama,Incendie accidentel,2024-08-31,200.0,0
INS_003530,BNP Paribas Cardif,Collision multi-véhicules,2024-03-27,3500.0,1
INS_002981,BNP Paribas Cardif,Dégradation volontaire,2024-02-04,5000.0,0
INS_002981,Allianz,Incendie criminel,2025-05-24,6800.0,0
INS_002981,Maif,Stationnement endommagé,2024-12-14,10800.0,1
INS_002981,Aviva,Vol total du véhicule,2025-05-22,200.0,0
INS_004659,Allianz,Collision multi-véhicules,2025-08-03,200.0,0
INS_003065,Groupama,Stationnement endommagé,2026-05-09,5800.0,0
INS_003065,Macif,Collision simple,2026-03-05,11300.0,0
INS_004756,AXA,Inondation / submersion,2024-07-08,200.0,0
INS_001531,Société Générale Assurances,Collision avec animal,2023-11-19,4300.0,0
INS_001531,Macif,Inondation / submersion,2025-02-06,2500.0,0
INS_002589,Société Générale Assurances,Tentative de vol avec dégradation,2023-09-22,2000.0,0
INS_002589,Société Générale Assurances,Bris de glace,2025-09-22,5100.0,0
INS_002589,Generali,Inondation / submersion,2023-06-24,5200.0,1
INS_003918,Société Générale Assurances,Dégradation volontaire,2024-01-12,1600.0,0
INS_003918,BNP Paribas Cardif,Incendie accidentel,2024-02-06,7900.0,1
INS_000211,Aviva,Stationnement endommagé,2024-02-17,1600.0,0
INS_000211,Maif,Tentative de vol avec dégradation,2023-05-27,4600.0,0
INS_004035,Macif,Accident corporel seul conducteur,2026-03-17,11800.0,0
INS_005610,Maif,Dégradation volontaire,2023-07-25,9100.0,1
INS_005610,Groupama,Incendie criminel,2025-04-01,900.0,0
INS_003928,Macif,Bris de glace,2025-10-15,200.0,1
INS_003928,AXA,Tentative de vol avec dégradation,2025-02-23,5900.0,1
INS_005359,Maif,Incendie accidentel,2024-07-20,4800.0,0
INS_005359,Allianz,Dommages grêle,2024-08-11,6700.0,0
INS_005359,Société Générale Assurances,Incendie criminel,2024-06-10,4500.0,0
INS_004713,Macif,Collision avec animal,2025-07-22,200.0,0
INS_001288,Groupama,Collision simple,2025-07-20,3700.0,0
INS_004927,Société Générale Assurances,Dégradation volontaire,2026-04-09,7000.0,1
INS_000016,Macif,Incendie criminel,2025-03-28,5300.0,0
INS_002145,Allianz,Inondation / submersion,2025-05-04,3900.0,1
INS_003527,Macif,Bris de glace,2024-10-07,3200.0,1
INS_004720,Groupama,Accident corporel seul conducteur,2023-09-16,3200.0,0
INS_005041,Aviva,Collision avec piéton,2024-10-05,3500.0,0
INS_004408,Aviva,Collision avec piéton,2026-04-13,1400.0,0
INS_000590,Maif,Dégradation volontaire,2026-01-02,500.0,0
INS_000570,Allianz,Accident corporel seul conducteur,2025-09-08,13300.0,0
INS_003585,Generali,Dégradation volontaire,2025-06-25,7700.0,0
INS_003585,Generali,Vol à la roulette,2023-11-11,11900.0,0
INS_003585,Groupama,Incendie accidentel,2024-12-01,500.0,0
INS_003585,BNP Paribas Cardif,Stationnement endommagé,2025-07-20,4900.0,1
INS_001175,Allianz,Accident corporel seul conducteur,2023-11-08,7700.0,0
INS_000704,Société Générale Assurances,Incendie accidentel,2026-02-25,8700.0,0
INS_000704,Allianz,Collision avec animal,2025-10-10,200.0,1
INS_000704,BNP Paribas Cardif,Accident corporel seul conducteur,2025-10-31,5700.0,0
INS_000704,Generali,Collision avec piéton,2025-11-12,3500.0,0
INS_005321,Generali,Stationnement endommagé,2025-12-07,3300.0,0
INS_005321,Aviva,Vol total du véhicule,2024-07-11,3900.0,1
INS_005321,Maif,Dégradation volontaire,2024-05-21,3600.0,0
INS_001868,Generali,Dégradation volontaire,2025-05-19,4800.0,1
INS_003934,Groupama,Tentative de vol avec dégradation,2025-11-26,12800.0,0
INS_003934,Macif,Collision avec piéton,2023-11-10,11100.0,0
INS_003934,Allianz,Tentative de vol avec dégradation,2024-11-01,2000.0,0
INS_000420,Aviva,Stationnement endommagé,2025-11-01,3600.0,0
INS_001484,AXA,Vol à la roulette,2025-01-21,12300.0,0
INS_001484,Aviva,Collision avec piéton,2025-05-22,200.0,1
INS_003532,Aviva,Accident corporel seul conducteur,2024-03-06,5500.0,1
INS_003532,BNP Paribas Cardif,Inondation / submersion,2023-08-19,6600.0,1
INS_003532,Maif,Dégradation volontaire,2026-03-05,6400.0,0
INS_003532,Aviva,Vol total du véhicule,2024-02-14,400.0,0
INS_003532,Allianz,Collision avec animal,2025-02-15,7200.0,1
INS_000585,Groupama,Incendie criminel,2025-10-08,2600.0,0
INS_003137,Aviva,Collision avec piéton,2026-01-30,2600.0,1
INS_003137,Groupama,Incendie criminel,2024-11-03,200.0,0
INS_004008,Maif,Incendie criminel,2025-03-23,12700.0,0
INS_000757,Groupama,Accident corporel seul conducteur,2024-09-19,13700.0,1
INS_003165,BNP Paribas Cardif,Incendie criminel,2023-07-01,5300.0,0
INS_003165,Aviva,Vol total du véhicule,2023-06-01,7200.0,0
INS_003892,Société Générale Assurances,Collision simple,2024-06-27,6600.0,0
INS_001482,Maif,Incendie accidentel,2025-04-27,10100.0,0
INS_001482,Maif,Collision avec animal,2024-10-30,2200.0,0
INS_004076,Macif,Dégradation volontaire,2024-01-31,8900.0,0
INS_000439,Société Générale Assurances,Collision avec piéton,2024-05-10,7300.0,0
INS_000439,Allianz,Dommages grêle,2025-03-21,7800.0,0
INS_001238,Maif,Vol à la roulette,2023-10-02,200.0,1
INS_001238,Groupama,Stationnement endommagé,2025-07-19,2100.0,0
INS_001188,Maif,Dommages grêle,2024-07-24,7500.0,0
INS_001188,Macif,Collision multi-véhicules,2024-05-31,10700.0,0
INS_002396,BNP Paribas Cardif,Collision simple,2024-07-29,2600.0,0
INS_002396,AXA,Tentative de vol avec dégradation,2025-10-31,7500.0,0
INS_002396,Macif,Dégradation volontaire,2025-01-25,3800.0,1
INS_002396,Allianz,Collision avec piéton,2023-12-18,7300.0,1
INS_000650,AXA,Tentative de vol avec dégradation,2026-01-11,200.0,1
INS_000650,Macif,Dommages grêle,2025-08-25,6000.0,0
INS_000650,Allianz,Bris de glace,2024-07-29,4700.0,0
INS_000650,Allianz,Dégradation volontaire,2024-08-07,4400.0,0
INS_000650,BNP Paribas Cardif,Stationnement endommagé,2025-11-09,700.0,0
INS_000311,Aviva,Collision avec piéton,2025-01-01,3100.0,1
INS_001357,Generali,Tentative de vol avec dégradation,2025-03-09,8600.0,0
INS_005905,Generali,Vol à la roulette,2023-06-12,4700.0,0
INS_001328,Groupama,Collision avec piéton,2026-03-19,200.0,0
INS_000799,BNP Paribas Cardif,Vol total du véhicule,2025-05-21,10300.0,1
INS_000136,BNP Paribas Cardif,Collision avec animal,2025-04-13,7300.0,1
INS_004379,Generali,Collision avec piéton,2024-05-19,4300.0,1
INS_004379,Maif,Incendie criminel,2024-11-08,200.0,1
INS_004379,Allianz,Tentative de vol avec dégradation,2025-12-09,200.0,1
INS_004379,Generali,Collision avec animal,2024-02-02,6300.0,0
INS_001692,AXA,Vol total du véhicule,2025-07-20,1400.0,0
INS_001692,AXA,Stationnement endommagé,2024-02-24,8300.0,0
INS_000109,BNP Paribas Cardif,Collision simple,2023-10-18,3300.0,0
INS_000109,Macif,Collision simple,2025-06-26,15800.0,0
INS_000109,Société Générale Assurances,Dommages grêle,2026-05-06,10600.0,0
INS_004503,Groupama,Incendie criminel,2025-07-27,9500.0,0
INS_005936,Aviva,Collision multi-véhicules,2026-05-10,200.0,1
INS_005743,Maif,Collision multi-véhicules,2024-08-03,4200.0,0
INS_005743,BNP Paribas Cardif,Dommages grêle,2025-08-22,4800.0,1
INS_000154,AXA,Tentative de vol avec dégradation,2026-04-17,4600.0,0
INS_004741,Macif,Dommages grêle,2024-06-25,200.0,1
INS_000710,Maif,Collision avec piéton,2023-10-11,2300.0,0
INS_000710,BNP Paribas Cardif,Collision simple,2025-11-24,10000.0,0
INS_000710,Allianz,Collision simple,2025-05-05,4400.0,0
INS_002490,BNP Paribas Cardif,Tentative de vol avec dégradation,2024-05-20,4100.0,1
INS_002490,Generali,Vol à la roulette,2025-04-05,300.0,1
INS_001855,Macif,Collision simple,2023-12-02,6900.0,0
INS_005221,Macif,Dégradation volontaire,2026-05-09,1600.0,1
INS_005221,Allianz,Incendie accidentel,2023-06-02,3200.0,0
INS_001001,Allianz,Incendie criminel,2025-05-25,3000.0,0
INS_004729,Groupama,Stationnement endommagé,2025-10-01,11300.0,0
INS_004729,Aviva,Accident corporel seul conducteur,2025-10-14,6100.0,1
INS_001948,Macif,Accident corporel seul conducteur,2023-09-24,700.0,1
INS_001948,Société Générale Assurances,Stationnement endommagé,2025-09-16,200.0,0
INS_004391,BNP Paribas Cardif,Collision avec animal,2023-07-25,8600.0,0
INS_004391,Allianz,Dommages grêle,2025-11-07,2700.0,0
INS_002091,Maif,Collision simple,2024-09-01,600.0,0
INS_000545,Generali,Accident corporel seul conducteur,2024-08-23,200.0,0
INS_002700,Generali,Accident corporel seul conducteur,2025-12-08,5800.0,0
INS_002031,Maif,Accident corporel seul conducteur,2024-10-10,11500.0,0
INS_000741,Groupama,Collision simple,2025-01-30,5300.0,0
INS_000741,Aviva,Vol total du véhicule,2025-10-05,10800.0,0
INS_000741,Société Générale Assurances,Vol à la roulette,2026-04-20,5800.0,0
INS_000741,Allianz,Dommages grêle,2025-08-21,600.0,0
INS_000562,Société Générale Assurances,Collision avec animal,2025-04-11,500.0,0
INS_004229,Aviva,Vol à la roulette,2023-08-23,4200.0,1
INS_004229,Aviva,Bris de glace,2026-03-29,300.0,0
INS_004229,Groupama,Accident corporel seul conducteur,2025-12-18,8700.0,1
INS_004229,Generali,Collision multi-véhicules,2023-05-27,1500.0,0
INS_004867,Aviva,Incendie accidentel,2025-06-01,1900.0,0
INS_001373,Groupama,Dommages grêle,2025-01-24,1200.0,0
INS_001883,Generali,Dégradation volontaire,2023-10-26,900.0,0
INS_001883,Société Générale Assurances,Collision multi-véhicules,2025-09-09,4200.0,1
INS_000440,Maif,Vol total du véhicule,2024-12-27,6200.0,1
INS_003947,Allianz,Stationnement endommagé,2024-04-22,3200.0,0
INS_001895,Maif,Collision avec piéton,2026-04-24,7700.0,0
INS_001895,Société Générale Assurances,Inondation / submersion,2025-11-23,5300.0,1
INS_001895,Allianz,Inondation / submersion,2025-04-09,6100.0,1
INS_001895,Maif,Collision avec animal,2025-09-09,6300.0,0
INS_000653,Aviva,Incendie accidentel,2025-06-16,14200.0,1
INS_000653,Allianz,Collision simple,2026-01-25,1600.0,0
INS_001888,Generali,Vol total du véhicule,2025-07-10,6000.0,0
INS_001888,AXA,Collision simple,2025-01-29,4300.0,0
INS_004818,Allianz,Dommages grêle,2024-08-11,1900.0,0
INS_004818,AXA,Stationnement endommagé,2023-10-13,1800.0,0
INS_003791,Allianz,Collision avec animal,2025-06-02,12600.0,0
INS_003791,Generali,Collision simple,2024-01-19,8200.0,0
INS_001169,Groupama,Accident corporel seul conducteur,2023-08-01,9100.0,1
INS_004652,Groupama,Collision avec piéton,2025-05-24,11700.0,0
INS_004432,Generali,Collision simple,2024-12-26,7500.0,0
INS_004432,AXA,Vol à la roulette,2024-11-17,4800.0,0
INS_004432,BNP Paribas Cardif,Vol à la roulette,2026-01-24,1000.0,0
INS_004256,Maif,Dégradation volontaire,2026-05-03,3500.0,0
INS_003866,Allianz,Collision simple,2026-03-30,4700.0,1
INS_003866,Aviva,Collision avec animal,2024-02-18,6900.0,0
INS_003866,Allianz,Tentative de vol avec dégradation,2026-05-17,200.0,1
INS_003866,Generali,Stationnement endommagé,2025-12-19,5200.0,1
INS_003866,Macif,Stationnement endommagé,2026-03-19,4400.0,0
INS_001472,BNP Paribas Cardif,Incendie accidentel,2026-04-22,1400.0,0
INS_001472,Aviva,Collision avec animal,2025-07-28,8600.0,0
INS_001472,AXA,Incendie accidentel,2023-08-10,13300.0,1
INS_004335,Maif,Collision avec animal,2023-10-24,3200.0,0
INS_003690,Allianz,Collision avec piéton,2026-05-12,2100.0,0
INS_003690,Maif,Incendie accidentel,2025-09-18,4700.0,0
INS_003690,Macif,Accident corporel seul conducteur,2024-12-27,2400.0,1
INS_003780,Generali,Stationnement endommagé,2023-10-22,9400.0,1
INS_003780,Société Générale Assurances,Incendie accidentel,2023-10-26,3200.0,0
INS_000597,BNP Paribas Cardif,Collision simple,2024-08-18,900.0,0
INS_001724,Aviva,Collision avec piéton,2025-08-25,6500.0,1
INS_001724,BNP Paribas Cardif,Collision multi-véhicules,2024-12-22,11800.0,0
INS_001724,AXA,Bris de glace,2026-05-08,7600.0,1
INS_001724,AXA,Vol à la roulette,2025-11-11,7700.0,0
INS_001724,Generali,Vol à la roulette,2023-10-06,5400.0,0
INS_000335,Société Générale Assurances,Collision multi-véhicules,2024-07-20,1700.0,0
INS_000335,AXA,Collision simple,2025-04-24,11800.0,0
INS_002480,Société Générale Assurances,Incendie criminel,2025-04-12,11900.0,0
INS_002480,AXA,Collision simple,2025-07-20,200.0,0
INS_002480,Generali,Vol à la roulette,2025-11-19,4700.0,0
INS_002480,BNP Paribas Cardif,Bris de glace,2023-11-12,9500.0,0
INS_001153,Macif,Collision avec piéton,2024-08-21,2700.0,1
INS_001904,Groupama,Incendie criminel,2025-09-09,11400.0,0
INS_004158,Maif,Dommages grêle,2025-06-20,6400.0,0
INS_003843,Maif,Stationnement endommagé,2024-09-15,3900.0,0
INS_003843,Maif,Vol à la roulette,2024-02-11,3900.0,0
INS_005806,Allianz,Incendie accidentel,2024-12-01,11100.0,0
INS_003270,Groupama,Dégradation volontaire,2024-05-07,200.0,0
INS_003270,Maif,Incendie accidentel,2025-04-10,8100.0,0
INS_003270,Aviva,Collision multi-véhicules,2025-03-03,8500.0,1
INS_003270,Maif,Collision multi-véhicules,2024-08-21,3000.0,1
INS_004132,BNP Paribas Cardif,Stationnement endommagé,2024-10-13,200.0,0
INS_004132,BNP Paribas Cardif,Inondation / submersion,2024-03-21,7400.0,0
INS_004132,Groupama,Dommages grêle,2025-11-27,5800.0,1
INS_000185,BNP Paribas Cardif,Vol total du véhicule,2023-11-03,3900.0,0
INS_000185,Société Générale Assurances,Bris de glace,2025-09-28,11800.0,0
INS_000185,AXA,Accident corporel seul conducteur,2025-05-25,7100.0,0
INS_004813,Generali,Collision simple,2025-07-15,200.0,0
INS_000057,Aviva,Collision simple,2025-08-07,1500.0,0
INS_000116,AXA,Incendie criminel,2025-05-16,4100.0,0
INS_000116,Groupama,Accident corporel seul conducteur,2026-05-01,4900.0,0
INS_000116,Generali,Collision avec animal,2023-10-26,7600.0,0
INS_000116,BNP Paribas Cardif,Vol à la roulette,2026-02-05,9000.0,0
INS_003967,AXA,Dégradation volontaire,2023-11-05,3300.0,1
INS_003967,AXA,Vol total du véhicule,2026-01-22,2400.0,0
INS_003760,Aviva,Inondation / submersion,2025-10-24,5300.0,0
INS_003760,Groupama,Vol à la roulette,2025-10-24,3200.0,0
INS_003760,BNP Paribas Cardif,Tentative de vol avec dégradation,2026-02-18,5700.0,1
INS_005052,Maif,Tentative de vol avec dégradation,2023-12-03,10100.0,1
INS_005052,Groupama,Incendie accidentel,2026-01-23,10500.0,0
INS_005052,Macif,Dégradation volontaire,2024-02-13,10400.0,1
INS_005052,Société Générale Assurances,Incendie accidentel,2025-02-23,4800.0,1
INS_003498,BNP Paribas Cardif,Collision avec piéton,2025-03-19,1500.0,0
INS_002308,Macif,Accident corporel seul conducteur,2025-04-09,200.0,0
INS_002308,Generali,Collision simple,2024-05-11,5600.0,1
INS_001289,Generali,Collision avec animal,2025-12-23,4700.0,0
INS_003774,Maif,Collision avec piéton,2026-03-17,4000.0,0
INS_003774,Aviva,Stationnement endommagé,2024-05-03,5800.0,1
INS_003742,Allianz,Collision avec piéton,2026-02-13,6100.0,0
INS_000283,Groupama,Collision simple,2024-08-22,200.0,0
INS_004967,Generali,Collision avec animal,2024-03-02,5900.0,0
INS_004967,Generali,Inondation / submersion,2024-04-20,200.0,0
INS_003789,BNP Paribas Cardif,Vol total du véhicule,2024-12-16,6500.0,0
INS_003789,AXA,Incendie criminel,2025-09-05,7600.0,0
INS_003789,Société Générale Assurances,Dégradation volontaire,2024-02-22,1400.0,0
INS_003789,Macif,Dommages grêle,2026-03-01,2400.0,0
INS_004341,Generali,Collision multi-véhicules,2025-04-15,200.0,1
INS_003017,Société Générale Assurances,Collision multi-véhicules,2025-09-12,6700.0,1
INS_003017,Maif,Incendie accidentel,2025-08-02,500.0,0
INS_003017,Allianz,Collision avec piéton,2024-09-13,1100.0,1
INS_003017,Aviva,Incendie criminel,2023-09-26,1400.0,0
INS_001223,Aviva,Incendie accidentel,2026-04-25,200.0,0
INS_003057,Maif,Tentative de vol avec dégradation,2023-09-30,4800.0,0
INS_003057,Aviva,Collision simple,2024-04-28,200.0,0
INS_002015,Generali,Incendie accidentel,2026-04-24,7800.0,0
INS_005984,Generali,Stationnement endommagé,2024-01-22,4700.0,1
INS_005984,BNP Paribas Cardif,Stationnement endommagé,2024-09-03,7600.0,1
INS_005984,Aviva,Bris de glace,2023-06-21,11700.0,0
INS_005984,Macif,Collision avec piéton,2025-07-09,2800.0,0
INS_005061,Macif,Collision simple,2023-06-21,7000.0,0
INS_000538,Generali,Dommages grêle,2025-01-30,9400.0,0
INS_000538,Allianz,Collision simple,2024-10-31,600.0,0
INS_000538,Aviva,Incendie criminel,2025-12-02,4700.0,0
INS_000538,Maif,Incendie accidentel,2024-05-07,4800.0,1
INS_000538,Société Générale Assurances,Collision multi-véhicules,2024-06-10,5000.0,0
INS_005666,Maif,Vol total du véhicule,2025-06-03,9200.0,0
INS_005666,Société Générale Assurances,Collision avec animal,2025-09-28,6700.0,0
INS_005666,Generali,Collision avec piéton,2023-07-26,3900.0,1
INS_004289,Aviva,Tentative de vol avec dégradation,2025-04-26,9200.0,0
INS_002644,BNP Paribas Cardif,Inondation / submersion,2024-07-24,7000.0,0
INS_002527,Maif,Bris de glace,2026-01-24,7400.0,0
INS_000558,Aviva,Collision simple,2025-09-26,6500.0,0
INS_001850,Aviva,Vol total du véhicule,2024-12-27,6100.0,1
INS_001850,Maif,Collision multi-véhicules,2026-03-09,12700.0,0
INS_001004,Groupama,Tentative de vol avec dégradation,2023-07-22,600.0,0
INS_003773,BNP Paribas Cardif,Collision multi-véhicules,2026-03-01,3500.0,1
INS_005138,Aviva,Incendie accidentel,2025-02-16,1200.0,0
INS_005314,Macif,Collision simple,2025-06-18,3800.0,0
INS_002140,AXA,Vol à la roulette,2023-06-12,10600.0,0
INS_002140,Macif,Dommages grêle,2025-08-02,7400.0,1
INS_002051,Allianz,Vol total du véhicule,2026-04-06,4100.0,0
INS_004401,Macif,Dommages grêle,2026-04-05,200.0,0
INS_004401,Macif,Collision multi-véhicules,2024-10-19,2500.0,0
INS_005277,Groupama,Collision multi-véhicules,2023-09-30,600.0,0
INS_002746,Allianz,Vol à la roulette,2023-12-07,200.0,0
INS_002746,Aviva,Stationnement endommagé,2025-07-28,11300.0,0
INS_000995,Groupama,Tentative de vol avec dégradation,2024-08-02,1400.0,0
INS_000995,Groupama,Dommages grêle,2025-07-28,600.0,1
INS_000995,AXA,Dégradation volontaire,2024-01-18,6400.0,0
INS_000995,Allianz,Tentative de vol avec dégradation,2023-12-20,6400.0,0
INS_004772,Maif,Vol à la roulette,2024-12-03,4200.0,0
INS_002938,Macif,Accident corporel seul conducteur,2023-08-13,800.0,0
INS_002938,Maif,Incendie criminel,2025-10-14,1600.0,0
INS_002071,BNP Paribas Cardif,Vol à la roulette,2023-12-04,6600.0,0
INS_002304,Generali,Accident corporel seul conducteur,2024-05-10,7900.0,0
INS_002304,Aviva,Stationnement endommagé,2025-05-16,5000.0,0
INS_002304,Aviva,Collision simple,2025-03-02,7300.0,1
INS_002304,Groupama,Collision avec piéton,2026-04-02,600.0,1
INS_002304,Allianz,Incendie criminel,2024-10-20,3800.0,0
INS_005652,Macif,Bris de glace,2024-01-30,2900.0,0
INS_005652,Aviva,Vol à la roulette,2024-10-06,10400.0,0
INS_001827,BNP Paribas Cardif,Collision simple,2026-02-23,7800.0,0
INS_001681,Generali,Incendie accidentel,2025-02-10,3000.0,0
INS_001681,Macif,Dégradation volontaire,2025-03-15,7300.0,1
INS_005835,Allianz,Incendie criminel,2024-06-22,4300.0,0
INS_005983,Aviva,Tentative de vol avec dégradation,2024-11-11,2100.0,1
INS_005983,BNP Paribas Cardif,Inondation / submersion,2025-02-18,3800.0,0
INS_000340,Generali,Vol à la roulette,2025-09-08,8900.0,0
INS_000340,Maif,Dommages grêle,2023-08-07,9000.0,1
INS_001436,Generali,Dommages grêle,2026-04-13,1600.0,0
INS_003056,Macif,Stationnement endommagé,2025-11-05,3300.0,1
INS_003056,Aviva,Accident corporel seul conducteur,2024-02-29,2500.0,0
INS_003056,Allianz,Accident corporel seul conducteur,2024-10-01,13500.0,0
INS_003056,AXA,Accident corporel seul conducteur,2025-06-11,5400.0,0
INS_004559,Aviva,Collision multi-véhicules,2023-08-14,8200.0,0
INS_004559,Maif,Stationnement endommagé,2024-11-01,6300.0,0
INS_005346,Aviva,Vol à la roulette,2024-01-18,500.0,0
INS_004148,BNP Paribas Cardif,Vol total du véhicule,2024-07-28,8500.0,0
INS_002971,Allianz,Incendie criminel,2026-03-01,6700.0,1
INS_002715,Macif,Incendie criminel,2023-06-07,3900.0,0
INS_000521,AXA,Tentative de vol avec dégradation,2025-07-12,9600.0,1
INS_000521,Generali,Vol total du véhicule,2024-09-03,5600.0,0
INS_000521,Allianz,Dégradation volontaire,2026-04-13,3700.0,0
INS_000521,AXA,Bris de glace,2024-07-29,2500.0,0
INS_000521,Allianz,Bris de glace,2025-05-10,3400.0,1
INS_000077,BNP Paribas Cardif,Collision simple,2025-12-26,11300.0,0
INS_000077,Maif,Collision avec piéton,2023-09-17,8300.0,0
INS_000077,Groupama,Inondation / submersion,2023-11-17,200.0,1
INS_000077,Allianz,Collision avec piéton,2026-03-30,3100.0,1
INS_000077,Maif,Stationnement endommagé,2024-04-09,1900.0,1
INS_004306,BNP Paribas Cardif,Bris de glace,2025-12-12,200.0,0
INS_004306,AXA,Collision simple,2024-01-05,5600.0,0
INS_005904,Société Générale Assurances,Collision avec piéton,2023-06-28,2000.0,0
INS_005497,Groupama,Vol à la roulette,2023-06-10,2900.0,0
INS_001248,Maif,Incendie accidentel,2023-07-12,1700.0,0
INS_001248,Groupama,Dommages grêle,2024-08-04,3400.0,1
INS_005189,Groupama,Vol total du véhicule,2024-02-23,13500.0,0
INS_000848,BNP Paribas Cardif,Vol total du véhicule,2025-08-17,2000.0,1
INS_003635,Maif,Vol total du véhicule,2024-12-02,5000.0,0
INS_005869,Maif,Vol total du véhicule,2023-11-02,8800.0,0
INS_000012,Generali,Stationnement endommagé,2026-04-16,9400.0,1
INS_004287,Allianz,Accident corporel seul conducteur,2025-04-13,4100.0,0
INS_004287,Société Générale Assurances,Tentative de vol avec dégradation,2026-05-19,5200.0,0
INS_003712,Société Générale Assurances,Tentative de vol avec dégradation,2025-01-27,10700.0,0
INS_002241,Macif,Collision avec animal,2024-12-06,8300.0,0
INS_002241,Groupama,Bris de glace,2024-01-25,11000.0,0
INS_002241,Maif,Incendie accidentel,2026-02-15,9900.0,0
INS_002241,BNP Paribas Cardif,Incendie accidentel,2025-12-28,7500.0,0
INS_004387,Maif,Dommages grêle,2025-10-18,9100.0,0
INS_002664,Société Générale Assurances,Collision simple,2023-07-08,8100.0,0
INS_001994,Aviva,Dégradation volontaire,2024-10-23,200.0,0
INS_001994,Generali,Accident corporel seul conducteur,2025-07-18,13200.0,0
INS_000657,Macif,Bris de glace,2024-12-21,9700.0,1
INS_000657,Macif,Vol total du véhicule,2023-08-25,6200.0,0
INS_000657,Maif,Dégradation volontaire,2025-04-22,200.0,1
INS_002782,Groupama,Tentative de vol avec dégradation,2024-02-01,6300.0,1
INS_002782,Maif,Vol à la roulette,2024-09-04,15800.0,0
INS_004931,BNP Paribas Cardif,Inondation / submersion,2024-06-16,200.0,1
INS_005170,Allianz,Vol à la roulette,2026-02-26,200.0,0
INS_005170,Maif,Collision avec piéton,2025-01-12,12100.0,0
INS_004878,Allianz,Vol total du véhicule,2023-11-05,8700.0,0
INS_003551,Generali,Incendie criminel,2023-05-28,3100.0,0
INS_002355,BNP Paribas Cardif,Collision simple,2023-10-19,200.0,0
INS_003252,BNP Paribas Cardif,Collision multi-véhicules,2023-08-04,1300.0,0
INS_000092,Maif,Tentative de vol avec dégradation,2024-09-29,9400.0,0
INS_004581,Aviva,Vol total du véhicule,2023-06-19,5800.0,0
INS_003675,Maif,Incendie accidentel,2024-04-13,200.0,0
INS_001104,AXA,Collision avec animal,2025-01-12,4200.0,1
INS_002775,BNP Paribas Cardif,Vol à la roulette,2024-02-27,200.0,0
INS_002775,Groupama,Collision simple,2025-06-02,10200.0,1
INS_002775,AXA,Collision multi-véhicules,2024-09-15,2700.0,0
INS_002775,BNP Paribas Cardif,Vol à la roulette,2025-07-19,9900.0,1
INS_002056,Aviva,Tentative de vol avec dégradation,2024-11-13,3900.0,0
INS_004092,Aviva,Stationnement endommagé,2025-06-29,200.0,0
INS_004092,Aviva,Incendie criminel,2025-09-07,11900.0,1
INS_004092,BNP Paribas Cardif,Collision simple,2024-01-10,200.0,0
INS_004092,Société Générale Assurances,Stationnement endommagé,2024-08-01,200.0,0
INS_004092,Maif,Collision avec piéton,2023-08-06,500.0,0
INS_004063,Aviva,Stationnement endommagé,2025-04-09,1900.0,0
INS_004084,Generali,Dommages grêle,2025-08-03,5300.0,0
INS_004084,Groupama,Dommages grêle,2024-06-16,3400.0,0
INS_002709,Maif,Stationnement endommagé,2023-09-03,7200.0,0
INS_001935,BNP Paribas Cardif,Incendie accidentel,2025-07-11,2300.0,1
INS_004190,Aviva,Dommages grêle,2023-06-15,3800.0,0
INS_004190,Groupama,Collision simple,2024-06-27,9600.0,0
INS_005829,Maif,Collision avec animal,2023-08-22,5600.0,0
INS_000970,Maif,Vol à la roulette,2024-12-08,4800.0,1
INS_003686,Aviva,Collision avec piéton,2025-04-02,7900.0,0
INS_003686,Société Générale Assurances,Incendie criminel,2025-06-18,300.0,0
INS_003563,Allianz,Collision multi-véhicules,2025-09-14,200.0,0
INS_003563,Macif,Collision avec piéton,2025-07-12,16000.0,0
INS_003563,Generali,Dommages grêle,2023-10-14,6800.0,0
INS_003563,Generali,Collision avec piéton,2026-01-11,3200.0,0
INS_004399,Groupama,Incendie criminel,2024-01-08,3900.0,1
INS_005861,AXA,Vol à la roulette,2023-07-17,4300.0,1
INS_003020,AXA,Accident corporel seul conducteur,2024-01-10,200.0,0
INS_001556,Maif,Collision avec piéton,2023-06-06,3800.0,0
INS_001556,Maif,Collision avec animal,2024-10-02,10500.0,1
INS_001556,AXA,Incendie accidentel,2023-10-14,4500.0,1
INS_001060,Maif,Collision multi-véhicules,2024-05-13,5400.0,1
INS_001060,Macif,Vol total du véhicule,2023-11-10,200.0,0
INS_002256,Groupama,Vol à la roulette,2025-05-11,4800.0,1
INS_002256,Allianz,Collision simple,2024-02-03,2900.0,0
INS_002256,BNP Paribas Cardif,Vol total du véhicule,2025-07-07,4800.0,0
INS_003864,Société Générale Assurances,Vol total du véhicule,2023-12-20,200.0,1
INS_003864,Allianz,Collision simple,2024-03-18,8100.0,1
INS_003864,Aviva,Collision simple,2023-10-29,7200.0,0
INS_003864,BNP Paribas Cardif,Tentative de vol avec dégradation,2025-11-08,200.0,0
INS_004293,Groupama,Collision avec animal,2024-03-22,4500.0,1
INS_005985,BNP Paribas Cardif,Accident corporel seul conducteur,2026-05-21,1400.0,0
INS_000918,Allianz,Collision simple,2024-05-22,200.0,1
INS_000918,Macif,Incendie accidentel,2024-01-05,6600.0,0
INS_000918,Macif,Vol total du véhicule,2023-09-28,10100.0,1
INS_000095,Generali,Collision avec animal,2024-09-13,5900.0,1
INS_005416,BNP Paribas Cardif,Tentative de vol avec dégradation,2025-02-12,2800.0,0
INS_005416,Generali,Collision simple,2025-12-11,1100.0,1
INS_005416,Maif,Accident corporel seul conducteur,2025-01-29,5400.0,1
INS_005416,BNP Paribas Cardif,Collision avec piéton,2025-12-28,6100.0,0
INS_003499,Macif,Stationnement endommagé,2023-09-25,4800.0,1
INS_003499,BNP Paribas Cardif,Collision avec piéton,2024-08-23,11300.0,0
INS_003499,Macif,Collision avec animal,2024-08-02,1700.0,0
INS_003499,Maif,Incendie criminel,2023-10-08,17100.0,0
INS_001239,Société Générale Assurances,Dégradation volontaire,2025-12-01,5700.0,0
INS_000936,Aviva,Vol à la roulette,2025-10-01,4200.0,1
INS_000936,Groupama,Vol total du véhicule,2025-03-26,200.0,0
INS_000936,Generali,Dégradation volontaire,2025-11-27,2800.0,1
INS_004978,Allianz,Dégradation volontaire,2024-10-23,7200.0,0
INS_004262,Maif,Tentative de vol avec dégradation,2025-06-04,200.0,1
INS_004663,Generali,Accident corporel seul conducteur,2023-06-05,4600.0,0
INS_003935,Groupama,Inondation / submersion,2024-01-07,7900.0,0
INS_003935,Generali,Stationnement endommagé,2023-05-27,15900.0,0
INS_002093,Groupama,Inondation / submersion,2024-07-08,10100.0,0
INS_002335,Aviva,Bris de glace,2026-02-16,10500.0,1
INS_003453,Macif,Tentative de vol avec dégradation,2023-08-04,10400.0,0
INS_004757,Generali,Tentative de vol avec dégradation,2023-06-15,11600.0,0
INS_004757,Aviva,Collision simple,2023-09-12,4400.0,0
INS_004757,Groupama,Incendie accidentel,2024-07-27,1000.0,0
INS_001651,Maif,Bris de glace,2025-02-19,5400.0,0
INS_000738,Société Générale Assurances,Accident corporel seul conducteur,2023-05-30,5800.0,0
INS_000738,Maif,Collision avec animal,2025-06-15,5900.0,0
INS_000738,Aviva,Dommages grêle,2024-04-04,4800.0,0
INS_000738,Aviva,Incendie criminel,2025-10-06,5500.0,0
INS_000738,Aviva,Inondation / submersion,2024-05-23,4800.0,0
INS_003433,Macif,Collision avec animal,2023-06-25,3200.0,0
INS_003433,BNP Paribas Cardif,Accident corporel seul conducteur,2024-05-20,4300.0,0
INS_004586,Aviva,Collision multi-véhicules,2025-05-13,7800.0,0
INS_004586,Aviva,Collision avec piéton,2024-11-12,8700.0,0
INS_000728,BNP Paribas Cardif,Incendie criminel,2024-04-18,200.0,0
INS_000728,Aviva,Incendie accidentel,2025-02-19,8200.0,0
INS_002826,AXA,Vol total du véhicule,2024-08-20,2800.0,0
INS_002826,BNP Paribas Cardif,Collision avec animal,2025-06-23,4300.0,1
INS_002826,Macif,Collision avec animal,2024-12-11,1500.0,1
INS_002826,Generali,Dégradation volontaire,2025-02-26,4000.0,0
INS_000601,BNP Paribas Cardif,Inondation / submersion,2024-04-14,2700.0,1
INS_003182,Aviva,Stationnement endommagé,2023-10-03,4100.0,1
INS_005431,Groupama,Collision avec animal,2023-06-01,4700.0,1
INS_005431,Groupama,Inondation / submersion,2025-11-07,200.0,1
INS_005431,AXA,Bris de glace,2025-05-11,1700.0,0
INS_005431,Generali,Vol total du véhicule,2026-04-16,6900.0,1
INS_005046,AXA,Incendie accidentel,2024-08-15,7700.0,1
INS_000942,BNP Paribas Cardif,Dommages grêle,2025-02-12,200.0,0
INS_000942,AXA,Tentative de vol avec dégradation,2025-07-06,6300.0,0
INS_000942,Maif,Collision simple,2023-09-11,3200.0,1
INS_005035,BNP Paribas Cardif,Dégradation volontaire,2025-07-21,4300.0,1
INS_000155,Allianz,Accident corporel seul conducteur,2023-12-25,4700.0,0
INS_004043,Maif,Stationnement endommagé,2024-05-21,3600.0,0
INS_000387,Generali,Collision simple,2023-11-20,4600.0,0
INS_005870,Groupama,Dégradation volontaire,2024-05-23,6500.0,0
INS_002220,Société Générale Assurances,Incendie accidentel,2023-11-17,6400.0,1
INS_002279,AXA,Incendie criminel,2024-02-18,200.0,0
INS_002279,Aviva,Vol total du véhicule,2023-11-20,10400.0,0
INS_002796,AXA,Inondation / submersion,2025-05-19,9700.0,0
INS_002796,Allianz,Incendie criminel,2026-05-03,200.0,0
INS_002796,Groupama,Incendie criminel,2026-03-16,1600.0,0
INS_000951,BNP Paribas Cardif,Collision simple,2024-05-15,12300.0,1
INS_000951,Allianz,Tentative de vol avec dégradation,2025-11-28,3700.0,1
INS_000951,BNP Paribas Cardif,Dégradation volontaire,2023-12-23,8600.0,0
INS_004910,BNP Paribas Cardif,Tentative de vol avec dégradation,2024-10-06,5900.0,0
INS_004910,Generali,Bris de glace,2024-09-24,5300.0,0
INS_004910,AXA,Incendie criminel,2024-04-23,3200.0,0
INS_003087,Maif,Inondation / submersion,2024-06-12,2900.0,1
INS_002365,Allianz,Vol total du véhicule,2024-03-18,6200.0,1
INS_002365,Maif,Inondation / submersion,2023-07-27,8300.0,1
INS_002365,AXA,Incendie criminel,2025-06-30,6500.0,0
INS_004718,AXA,Inondation / submersion,2025-07-15,7200.0,0
INS_005576,BNP Paribas Cardif,Vol à la roulette,2024-11-20,8400.0,0
INS_001956,Aviva,Accident corporel seul conducteur,2024-08-11,2600.0,0
INS_000205,AXA,Dégradation volontaire,2026-03-19,4900.0,0
INS_003117,AXA,Collision simple,2025-08-20,4300.0,0
INS_003117,Maif,Collision avec animal,2025-06-05,9800.0,0
INS_003488,Macif,Bris de glace,2025-03-09,7100.0,0
INS_000535,Aviva,Collision multi-véhicules,2023-07-16,4200.0,0
INS_000535,BNP Paribas Cardif,Dommages grêle,2023-09-19,5900.0,0
INS_005053,Aviva,Inondation / submersion,2023-09-29,9500.0,0
INS_005053,Generali,Dégradation volontaire,2024-05-21,13500.0,0
INS_005053,Allianz,Dommages grêle,2023-11-16,10400.0,0
INS_005053,AXA,Stationnement endommagé,2024-05-15,1600.0,0
INS_000113,Aviva,Incendie criminel,2024-12-01,9100.0,1
INS_000113,Allianz,Collision avec animal,2024-09-14,5600.0,0
INS_005787,Allianz,Collision avec piéton,2023-12-11,2600.0,1
INS_005787,Maif,Vol à la roulette,2024-09-25,6400.0,0
INS_005787,Macif,Incendie accidentel,2025-01-10,5700.0,1
INS_005787,Maif,Vol à la roulette,2025-01-04,2600.0,1
INS_003923,Macif,Bris de glace,2024-08-08,4600.0,0
INS_003923,Aviva,Bris de glace,2024-01-23,8900.0,0
INS_003923,Macif,Incendie criminel,2026-05-07,11000.0,0
INS_005352,Aviva,Stationnement endommagé,2024-03-23,1200.0,1
INS_005352,Allianz,Incendie accidentel,2025-02-27,2100.0,0
INS_002226,Macif,Dommages grêle,2026-04-22,6800.0,1
INS_002226,AXA,Incendie criminel,2023-06-16,11500.0,0
INS_004241,Groupama,Incendie accidentel,2026-02-14,5700.0,0
INS_004241,AXA,Incendie criminel,2024-06-22,11100.0,0
INS_004241,Groupama,Vol total du véhicule,2026-02-08,6200.0,1
INS_004241,Société Générale Assurances,Dommages grêle,2026-01-26,8300.0,0
INS_004241,AXA,Incendie criminel,2024-12-02,2300.0,0
INS_002404,Generali,Collision simple,2025-07-08,12200.0,0
INS_002404,AXA,Vol total du véhicule,2025-03-05,4100.0,0
INS_001344,BNP Paribas Cardif,Dommages grêle,2023-10-02,200.0,0
INS_001344,Macif,Tentative de vol avec dégradation,2025-01-10,7300.0,0
INS_002623,Macif,Collision avec animal,2023-08-07,200.0,1
INS_001323,Allianz,Vol total du véhicule,2026-01-24,2900.0,0
INS_002202,Generali,Incendie criminel,2025-12-05,8700.0,1
INS_003352,Aviva,Tentative de vol avec dégradation,2025-11-17,4900.0,0
INS_003802,AXA,Vol total du véhicule,2023-10-16,3600.0,0
INS_000978,Groupama,Collision avec piéton,2025-03-23,6300.0,1
INS_000978,Société Générale Assurances,Collision avec piéton,2026-01-28,8200.0,1
INS_000978,BNP Paribas Cardif,Stationnement endommagé,2024-07-02,4200.0,0
INS_004912,Aviva,Stationnement endommagé,2025-07-03,7900.0,0
INS_001786,Macif,Bris de glace,2026-04-11,6400.0,0
INS_000511,Generali,Inondation / submersion,2025-09-13,3900.0,1
INS_003136,Groupama,Collision avec piéton,2025-05-19,4600.0,0
INS_003136,Groupama,Dommages grêle,2024-06-28,6500.0,1
INS_005331,Groupama,Dommages grêle,2026-01-13,6000.0,1
INS_002429,Société Générale Assurances,Stationnement endommagé,2023-07-14,9400.0,1
INS_002429,Maif,Incendie criminel,2025-08-10,3200.0,0
INS_002429,Groupama,Incendie criminel,2024-06-15,300.0,1
INS_002429,Maif,Collision avec animal,2024-08-13,200.0,0
INS_002429,Macif,Incendie criminel,2024-05-12,9700.0,0
INS_003995,Generali,Collision avec piéton,2024-11-19,5800.0,0
INS_001629,Maif,Stationnement endommagé,2025-03-21,7300.0,1
INS_004752,Allianz,Collision multi-véhicules,2025-12-15,4300.0,0
INS_004752,Groupama,Accident corporel seul conducteur,2023-09-20,5300.0,0
INS_005841,BNP Paribas Cardif,Inondation / submersion,2023-12-18,6600.0,0
INS_004334,Macif,Accident corporel seul conducteur,2024-09-29,1000.0,0
INS_004334,Société Générale Assurances,Inondation / submersion,2025-03-05,1100.0,0
INS_004334,Maif,Collision multi-véhicules,2025-01-15,6600.0,1
INS_003927,AXA,Incendie accidentel,2023-06-15,200.0,0
INS_002890,Macif,Vol à la roulette,2024-04-24,5100.0,0
INS_002890,Generali,Accident corporel seul conducteur,2024-05-23,2600.0,0
INS_001578,Maif,Stationnement endommagé,2024-08-19,300.0,0
INS_001578,Maif,Collision multi-véhicules,2023-10-29,6300.0,1
INS_001578,Macif,Dommages grêle,2026-01-07,7500.0,0
INS_001578,BNP Paribas Cardif,Incendie criminel,2024-05-16,3100.0,0
INS_005629,Maif,Collision simple,2026-01-01,8800.0,1
INS_004371,Société Générale Assurances,Stationnement endommagé,2023-09-17,1300.0,0
INS_004371,AXA,Collision avec piéton,2026-05-23,6000.0,0
INS_004371,Société Générale Assurances,Vol à la roulette,2023-05-26,200.0,1
INS_004622,Macif,Collision simple,2025-02-08,8400.0,0
INS_004622,AXA,Collision multi-véhicules,2026-01-27,6900.0,0
INS_004588,AXA,Collision avec piéton,2024-06-19,7200.0,1
INS_004588,Société Générale Assurances,Collision multi-véhicules,2024-12-27,3000.0,0
INS_001670,Generali,Inondation / submersion,2024-10-16,1100.0,0
INS_001327,Société Générale Assurances,Collision avec piéton,2026-03-30,200.0,0
INS_002239,AXA,Incendie criminel,2025-10-16,200.0,0
INS_002239,Generali,Incendie criminel,2023-09-22,9200.0,0
INS_001708,Macif,Collision avec piéton,2024-06-11,6200.0,1
INS_002699,BNP Paribas Cardif,Collision multi-véhicules,2026-03-08,4400.0,0
INS_002699,BNP Paribas Cardif,Vol total du véhicule,2023-11-26,6400.0,1
INS_004936,Generali,Bris de glace,2023-09-30,900.0,0
INS_004936,Allianz,Collision avec animal,2024-01-05,1000.0,1
INS_002960,Aviva,Dommages grêle,2024-07-14,800.0,0
INS_000930,Groupama,Inondation / submersion,2024-12-17,8200.0,0
INS_000930,Maif,Collision simple,2025-09-23,1500.0,0
INS_000930,Macif,Inondation / submersion,2023-07-31,10100.0,1
INS_000930,Macif,Incendie criminel,2026-02-22,3200.0,0
INS_005793,BNP Paribas Cardif,Incendie criminel,2023-12-26,2200.0,0
INS_005793,Allianz,Collision multi-véhicules,2024-10-09,2000.0,0
INS_001563,AXA,Collision multi-véhicules,2025-06-10,8800.0,1
INS_005965,BNP Paribas Cardif,Vol à la roulette,2023-08-11,200.0,0
INS_005965,Aviva,Incendie criminel,2025-05-31,2400.0,0
INS_005965,Allianz,Dommages grêle,2025-04-21,10400.0,0
INS_005965,Generali,Dégradation volontaire,2026-01-23,5600.0,1
INS_000567,Société Générale Assurances,Incendie criminel,2025-02-27,6000.0,0
INS_000567,Allianz,Dégradation volontaire,2025-07-24,1500.0,0
INS_003347,Maif,Inondation / submersion,2023-06-02,8100.0,0
INS_003347,BNP Paribas Cardif,Vol total du véhicule,2026-05-13,2000.0,0
INS_003347,Aviva,Vol à la roulette,2024-11-19,9400.0,0
INS_004896,Allianz,Vol total du véhicule,2024-07-26,5800.0,1
INS_004896,AXA,Collision simple,2023-09-18,200.0,0
INS_003054,Allianz,Vol total du véhicule,2023-10-01,1200.0,1
INS_003054,Macif,Stationnement endommagé,2024-02-20,1200.0,0
INS_003054,Aviva,Collision multi-véhicules,2025-11-28,5300.0,1
INS_003054,Generali,Collision avec piéton,2025-03-18,6600.0,0
INS_003054,BNP Paribas Cardif,Dégradation volontaire,2025-04-25,6100.0,0
INS_002199,AXA,Collision avec piéton,2025-02-16,3800.0,0
INS_001609,Maif,Stationnement endommagé,2025-12-23,1300.0,0
INS_001609,Aviva,Vol à la roulette,2025-03-07,5600.0,0
INS_001093,Maif,Incendie accidentel,2024-10-18,3800.0,0
INS_002005,Aviva,Incendie criminel,2025-04-19,200.0,1
INS_001503,AXA,Collision simple,2026-03-09,6600.0,0
INS_002260,Generali,Dégradation volontaire,2025-06-26,9000.0,0
INS_003403,Société Générale Assurances,Collision multi-véhicules,2026-03-15,2000.0,0
INS_003403,AXA,Collision avec animal,2026-02-18,10400.0,0
INS_003403,BNP Paribas Cardif,Collision avec piéton,2025-12-19,7000.0,0
INS_005701,Aviva,Collision multi-véhicules,2024-01-22,3000.0,1
INS_005701,Macif,Incendie criminel,2024-12-16,4400.0,0
INS_005813,Generali,Collision avec piéton,2024-11-08,11900.0,1
INS_002874,AXA,Collision avec piéton,2025-01-07,7700.0,0
INS_002917,BNP Paribas Cardif,Bris de glace,2024-12-14,8100.0,0
INS_002917,Groupama,Dégradation volontaire,2024-06-15,1100.0,1
INS_001011,Allianz,Vol total du véhicule,2025-11-19,13500.0,0
INS_001011,Generali,Vol total du véhicule,2024-12-08,600.0,0
INS_003428,BNP Paribas Cardif,Dommages grêle,2025-08-07,900.0,1
INS_003428,BNP Paribas Cardif,Bris de glace,2026-04-15,10900.0,0
INS_003428,Generali,Stationnement endommagé,2025-01-29,5400.0,0
INS_005056,Aviva,Stationnement endommagé,2025-03-29,7100.0,0
INS_005056,Groupama,Dégradation volontaire,2024-08-02,2500.0,0
INS_005056,Generali,Bris de glace,2025-05-09,1600.0,0
INS_004066,Groupama,Bris de glace,2025-01-13,11100.0,1
INS_004519,Maif,Collision simple,2025-09-12,11400.0,0
INS_004519,Allianz,Vol total du véhicule,2025-09-22,4000.0,1
INS_004519,Macif,Vol à la roulette,2026-04-22,3600.0,0
INS_004232,AXA,Collision multi-véhicules,2024-10-19,3800.0,1
INS_001599,Maif,Dommages grêle,2025-06-27,4000.0,1
INS_001599,AXA,Collision simple,2023-07-21,8300.0,0
INS_001599,Macif,Collision simple,2026-02-15,10400.0,0
INS_004070,Allianz,Dommages grêle,2025-02-07,10200.0,1
INS_003880,Groupama,Bris de glace,2025-05-01,200.0,1
INS_003880,Aviva,Collision avec piéton,2024-10-22,2000.0,0
INS_003948,AXA,Inondation / submersion,2024-11-20,7700.0,0
INS_003948,Allianz,Tentative de vol avec dégradation,2024-04-01,200.0,0
INS_001294,Maif,Tentative de vol avec dégradation,2025-02-22,3700.0,0
INS_001294,BNP Paribas Cardif,Dégradation volontaire,2025-03-26,9200.0,0
INS_001294,BNP Paribas Cardif,Bris de glace,2025-09-30,4900.0,0
INS_005574,BNP Paribas Cardif,Vol total du véhicule,2025-07-31,1000.0,1
INS_005574,BNP Paribas Cardif,Accident corporel seul conducteur,2025-11-13,3500.0,0
INS_005574,Groupama,Dégradation volontaire,2025-09-28,4500.0,0
INS_005574,AXA,Collision avec animal,2024-05-02,6300.0,0
INS_002524,Aviva,Bris de glace,2025-06-13,1200.0,1
INS_001885,Maif,Bris de glace,2025-04-29,2100.0,0
INS_004610,Generali,Stationnement endommagé,2024-02-26,8200.0,0
INS_004610,BNP Paribas Cardif,Vol à la roulette,2025-10-18,6400.0,1
INS_004078,Groupama,Incendie accidentel,2024-03-24,6000.0,0
INS_000990,Generali,Incendie criminel,2025-12-12,7400.0,0
INS_004113,Maif,Vol total du véhicule,2023-07-12,200.0,0
INS_004201,Generali,Collision avec piéton,2024-08-09,3000.0,0
INS_004496,Maif,Inondation / submersion,2026-02-11,6800.0,0
INS_002237,AXA,Collision avec animal,2023-11-28,3900.0,0
INS_002237,Macif,Incendie criminel,2024-09-03,9100.0,0
INS_005892,Macif,Collision simple,2024-07-21,1800.0,0
INS_005892,AXA,Tentative de vol avec dégradation,2025-09-17,5600.0,0
INS_003813,BNP Paribas Cardif,Collision multi-véhicules,2024-06-05,5900.0,0
INS_003813,AXA,Stationnement endommagé,2025-05-11,500.0,0
INS_000911,Generali,Collision avec piéton,2024-04-16,4300.0,0
INS_000911,Allianz,Collision multi-véhicules,2024-10-02,2800.0,0
INS_003080,BNP Paribas Cardif,Incendie accidentel,2024-06-17,3700.0,0
INS_003080,Maif,Tentative de vol avec dégradation,2025-02-06,700.0,0
INS_003080,Maif,Vol total du véhicule,2025-06-19,6300.0,0
INS_003080,Aviva,Accident corporel seul conducteur,2023-06-28,5300.0,1
INS_005117,Groupama,Vol à la roulette,2025-10-19,600.0,0
INS_003486,BNP Paribas Cardif,Dommages grêle,2024-03-04,8700.0,0
INS_003486,Allianz,Tentative de vol avec dégradation,2024-06-02,6300.0,1
INS_002592,Aviva,Incendie criminel,2025-05-09,6000.0,1
INS_003410,Aviva,Dégradation volontaire,2024-12-10,9200.0,0
INS_003410,Aviva,Tentative de vol avec dégradation,2026-02-28,1900.0,0
INS_003410,BNP Paribas Cardif,Stationnement endommagé,2024-12-11,7200.0,0
INS_002309,Macif,Collision multi-véhicules,2026-04-06,6000.0,0
INS_002911,Aviva,Inondation / submersion,2025-04-22,3000.0,1
INS_002911,BNP Paribas Cardif,Vol à la roulette,2025-12-25,200.0,0
INS_002945,Allianz,Tentative de vol avec dégradation,2025-08-14,6000.0,0
INS_002945,Groupama,Collision multi-véhicules,2024-10-13,6200.0,0
INS_002945,Allianz,Tentative de vol avec dégradation,2025-03-20,1900.0,0
INS_002945,AXA,Dommages grêle,2025-09-29,2000.0,0
INS_002945,Groupama,Dégradation volontaire,2026-04-18,6400.0,0
INS_005344,Groupama,Stationnement endommagé,2024-06-27,12000.0,0
INS_005344,Groupama,Incendie criminel,2025-12-18,900.0,1
INS_005344,BNP Paribas Cardif,Stationnement endommagé,2024-09-30,5300.0,0
INS_004908,Macif,Stationnement endommagé,2025-08-31,200.0,1
INS_001330,Allianz,Vol total du véhicule,2026-03-01,14100.0,0
INS_004268,BNP Paribas Cardif,Collision avec piéton,2024-11-20,5000.0,1
INS_004268,Société Générale Assurances,Dégradation volontaire,2024-08-24,5600.0,0
INS_002137,Generali,Stationnement endommagé,2026-05-10,200.0,0
INS_002137,Groupama,Tentative de vol avec dégradation,2025-01-20,200.0,0
INS_002137,BNP Paribas Cardif,Stationnement endommagé,2024-07-13,8200.0,1
INS_002137,Generali,Dommages grêle,2024-12-22,200.0,0
INS_005752,Allianz,Dommages grêle,2026-05-21,200.0,0
INS_001665,Aviva,Collision avec piéton,2024-01-20,5300.0,0
INS_002182,Generali,Collision multi-véhicules,2024-04-26,10600.0,0
INS_003990,AXA,Dommages grêle,2023-07-07,8100.0,0
INS_003544,Société Générale Assurances,Collision avec animal,2025-12-02,7700.0,0
INS_003544,Generali,Vol à la roulette,2025-06-23,8800.0,0
INS_004898,Maif,Dégradation volontaire,2023-07-27,200.0,0
INS_004898,Groupama,Incendie criminel,2024-09-22,7500.0,0
INS_004898,Macif,Vol total du véhicule,2025-05-29,1200.0,0
INS_003289,Allianz,Bris de glace,2025-10-25,6600.0,0
INS_002456,Generali,Inondation / submersion,2025-12-01,8900.0,0
INS_002456,Maif,Bris de glace,2024-10-17,9500.0,1
INS_002456,BNP Paribas Cardif,Collision multi-véhicules,2024-07-24,2400.0,0
INS_003039,BNP Paribas Cardif,Incendie criminel,2026-01-14,200.0,0
INS_003039,BNP Paribas Cardif,Stationnement endommagé,2025-06-15,3600.0,0
INS_003039,AXA,Inondation / submersion,2025-12-23,200.0,0
INS_002183,Allianz,Vol à la roulette,2024-05-06,5800.0,0
INS_002509,AXA,Collision avec animal,2023-06-22,5400.0,1
INS_002509,BNP Paribas Cardif,Vol total du véhicule,2025-04-11,2300.0,1
INS_002509,Generali,Accident corporel seul conducteur,2024-11-15,2600.0,0
INS_002509,AXA,Collision multi-véhicules,2024-12-31,1100.0,1
INS_000004,AXA,Collision avec piéton,2024-07-24,200.0,0
INS_000004,Generali,Accident corporel seul conducteur,2023-11-13,200.0,0
INS_005858,Aviva,Accident corporel seul conducteur,2023-12-21,1300.0,1
INS_005858,Groupama,Incendie criminel,2025-07-18,6400.0,0
INS_005858,Generali,Collision avec animal,2024-11-25,7500.0,0
INS_005858,Macif,Vol à la roulette,2024-03-30,6500.0,0
INS_005858,Groupama,Dégradation volontaire,2024-02-08,7100.0,0
INS_003220,Groupama,Bris de glace,2023-12-19,7400.0,0
INS_003220,Maif,Dégradation volontaire,2025-02-21,2000.0,0
INS_003220,Macif,Collision avec animal,2025-03-18,2100.0,0
INS_003220,Groupama,Vol à la roulette,2023-10-15,8600.0,0
INS_004242,Allianz,Collision simple,2025-01-22,5000.0,1
INS_005540,BNP Paribas Cardif,Bris de glace,2025-06-11,1100.0,1
INS_004847,BNP Paribas Cardif,Dommages grêle,2023-07-12,4100.0,0
INS_004847,Société Générale Assurances,Dégradation volontaire,2023-12-17,6900.0,0
INS_002457,Generali,Tentative de vol avec dégradation,2023-08-29,11400.0,0
INS_002457,AXA,Dégradation volontaire,2026-05-25,200.0,0
INS_002457,Aviva,Bris de glace,2023-10-24,3700.0,1
INS_001225,Groupama,Collision multi-véhicules,2025-11-11,8600.0,0
INS_001225,Allianz,Dommages grêle,2025-10-20,3100.0,1
INS_001225,AXA,Accident corporel seul conducteur,2024-05-05,6500.0,1
INS_002786,Generali,Bris de glace,2023-11-15,4900.0,0
INS_001776,Aviva,Collision simple,2024-02-10,3400.0,1
INS_001776,Groupama,Collision avec animal,2025-06-25,7700.0,0
INS_001324,Aviva,Dégradation volontaire,2025-07-13,8200.0,0
INS_004221,Aviva,Incendie criminel,2025-10-28,6900.0,1
INS_004221,Allianz,Collision avec piéton,2024-04-02,7200.0,0
INS_001547,Allianz,Accident corporel seul conducteur,2024-09-30,3100.0,1
INS_001547,Aviva,Incendie accidentel,2024-03-08,10700.0,0
INS_005430,Société Générale Assurances,Incendie criminel,2025-06-20,8300.0,1
INS_005430,Allianz,Collision avec animal,2023-12-18,7500.0,1
INS_004767,Aviva,Stationnement endommagé,2026-04-21,1300.0,1
INS_004767,Allianz,Vol total du véhicule,2024-02-19,5800.0,0
INS_001903,BNP Paribas Cardif,Incendie criminel,2024-11-04,200.0,1
INS_001903,BNP Paribas Cardif,Tentative de vol avec dégradation,2023-08-16,5500.0,1
INS_000045,Macif,Inondation / submersion,2024-09-01,12800.0,1
INS_005127,AXA,Stationnement endommagé,2025-03-27,8300.0,0
INS_004533,Société Générale Assurances,Tentative de vol avec dégradation,2026-01-21,5900.0,0
INS_000247,BNP Paribas Cardif,Collision multi-véhicules,2025-02-25,2300.0,1
INS_000602,Maif,Collision avec piéton,2025-07-12,6400.0,1
INS_000804,Groupama,Incendie accidentel,2024-05-04,5800.0,0
INS_000804,Generali,Vol à la roulette,2024-06-06,7600.0,1
INS_005528,Allianz,Vol total du véhicule,2024-10-01,4100.0,0
INS_005528,Aviva,Incendie criminel,2026-05-13,1700.0,1
INS_005528,Société Générale Assurances,Collision avec piéton,2026-02-19,200.0,0
INS_005528,Aviva,Tentative de vol avec dégradation,2023-11-05,5400.0,0
INS_005528,AXA,Collision avec animal,2023-07-09,200.0,1
INS_004009,Macif,Collision multi-véhicules,2023-09-27,6500.0,1
INS_004009,Groupama,Collision simple,2024-02-25,5700.0,1
INS_005644,Aviva,Collision avec piéton,2023-12-25,11600.0,0
INS_000929,Groupama,Dégradation volontaire,2026-04-27,9200.0,0
INS_000929,BNP Paribas Cardif,Inondation / submersion,2024-03-11,9400.0,1
INS_000929,AXA,Bris de glace,2026-03-13,1300.0,0
INS_001555,Société Générale Assurances,Stationnement endommagé,2024-06-24,1700.0,0
INS_004651,AXA,Tentative de vol avec dégradation,2024-03-21,5600.0,0
INS_004651,AXA,Collision avec animal,2024-10-22,1200.0,0
INS_004651,Groupama,Incendie criminel,2024-07-28,200.0,1
INS_004651,Allianz,Collision avec animal,2025-09-11,4400.0,0
INS_004453,Aviva,Bris de glace,2023-09-21,200.0,0
INS_004453,Maif,Dégradation volontaire,2025-02-01,9200.0,1
INS_001550,Maif,Collision multi-véhicules,2026-03-07,10400.0,0
INS_000140,Aviva,Vol à la roulette,2025-03-10,900.0,1
INS_000140,Generali,Incendie accidentel,2026-04-08,7400.0,1
INS_001347,BNP Paribas Cardif,Incendie accidentel,2023-11-03,9100.0,0
INS_001347,Generali,Accident corporel seul conducteur,2025-06-05,200.0,0
INS_000294,AXA,Incendie accidentel,2025-08-31,900.0,1
INS_000240,Maif,Collision avec piéton,2023-06-10,7600.0,0
INS_000240,Groupama,Dommages grêle,2024-08-26,1000.0,0
INS_000240,Allianz,Collision avec animal,2023-06-27,200.0,1
INS_002899,Aviva,Vol total du véhicule,2025-08-08,2700.0,0
INS_003507,Aviva,Collision multi-véhicules,2023-09-16,3000.0,1
INS_003507,Allianz,Incendie accidentel,2023-11-10,5100.0,0
INS_005479,Macif,Inondation / submersion,2026-01-02,4500.0,0
INS_002798,Groupama,Collision multi-véhicules,2026-02-12,8900.0,0
INS_002798,Société Générale Assurances,Tentative de vol avec dégradation,2025-01-07,200.0,0
INS_003666,BNP Paribas Cardif,Dégradation volontaire,2024-02-09,7000.0,0
INS_005222,Generali,Incendie criminel,2025-07-12,2000.0,1
INS_001663,Macif,Dégradation volontaire,2023-06-23,200.0,0
INS_001663,Allianz,Collision avec animal,2024-07-22,9300.0,1
INS_005413,Société Générale Assurances,Tentative de vol avec dégradation,2024-03-31,200.0,0
INS_003513,AXA,Dommages grêle,2025-01-25,10400.0,0
INS_003513,Société Générale Assurances,Collision avec piéton,2024-06-15,7900.0,0
INS_001009,AXA,Incendie accidentel,2025-05-30,600.0,0
INS_001009,Maif,Accident corporel seul conducteur,2026-03-17,10300.0,0
INS_001009,Groupama,Collision avec animal,2024-07-05,10500.0,0
INS_003343,AXA,Vol à la roulette,2024-05-14,11400.0,1
INS_003343,BNP Paribas Cardif,Tentative de vol avec dégradation,2026-03-20,9500.0,1
INS_000391,Groupama,Bris de glace,2025-02-20,200.0,0
INS_000625,Aviva,Stationnement endommagé,2023-07-20,9900.0,0
INS_000625,BNP Paribas Cardif,Collision avec animal,2026-04-22,14500.0,1
INS_004466,Allianz,Collision simple,2024-01-13,5300.0,0
INS_004466,Groupama,Collision avec piéton,2024-05-24,200.0,0
INS_003520,Société Générale Assurances,Incendie accidentel,2023-06-02,2500.0,0
INS_000573,BNP Paribas Cardif,Collision simple,2024-11-22,7900.0,0
INS_004765,Allianz,Dégradation volontaire,2025-09-13,3800.0,0
INS_004765,Allianz,Inondation / submersion,2025-03-19,7800.0,0
INS_004765,Generali,Accident corporel seul conducteur,2025-05-31,5900.0,0
INS_000886,Generali,Collision avec piéton,2026-03-02,200.0,0
INS_000886,Macif,Accident corporel seul conducteur,2024-01-18,3800.0,0
INS_001999,BNP Paribas Cardif,Bris de glace,2025-05-03,3600.0,1
INS_003533,Generali,Vol à la roulette,2024-11-11,5100.0,0
INS_003533,Groupama,Stationnement endommagé,2025-12-21,2800.0,0
INS_003533,Maif,Bris de glace,2023-12-22,6600.0,0
INS_003533,Allianz,Collision multi-véhicules,2025-07-26,5800.0,0
INS_002218,Aviva,Incendie accidentel,2023-08-01,3000.0,0
INS_002218,Aviva,Accident corporel seul conducteur,2025-06-07,3200.0,0
INS_002218,AXA,Incendie accidentel,2024-08-18,11000.0,1
INS_000486,Aviva,Dommages grêle,2023-06-27,3400.0,0
INS_000486,Aviva,Accident corporel seul conducteur,2023-12-07,5800.0,0
INS_000486,Groupama,Dégradation volontaire,2025-08-16,7600.0,0
INS_003385,Maif,Collision simple,2024-02-17,8200.0,1
INS_003385,Groupama,Collision avec piéton,2025-02-03,3700.0,0
INS_003385,Allianz,Dégradation volontaire,2025-07-24,2100.0,0
INS_004855,Maif,Incendie criminel,2026-05-07,7800.0,0
INS_002725,Groupama,Tentative de vol avec dégradation,2025-11-26,3900.0,1
INS_002725,Generali,Vol total du véhicule,2026-03-30,9900.0,0
INS_002725,Groupama,Accident corporel seul conducteur,2024-09-01,8700.0,0
INS_005641,Maif,Incendie criminel,2026-03-09,10300.0,1
INS_005641,Maif,Accident corporel seul conducteur,2023-06-14,5200.0,0
INS_000263,Allianz,Vol à la roulette,2026-03-28,10900.0,0
INS_005588,Aviva,Tentative de vol avec dégradation,2023-12-13,9000.0,0
INS_005588,Aviva,Vol à la roulette,2023-08-02,3300.0,1
INS_000618,BNP Paribas Cardif,Accident corporel seul conducteur,2024-09-23,7900.0,0
INS_004195,Macif,Incendie accidentel,2026-03-30,5000.0,0
INS_004195,Aviva,Bris de glace,2025-06-05,14700.0,0
INS_004195,Groupama,Incendie accidentel,2024-08-06,900.0,0
INS_002543,Maif,Collision multi-véhicules,2024-10-08,7500.0,1
INS_000381,Allianz,Bris de glace,2025-03-19,4400.0,0
INS_000381,Allianz,Bris de glace,2024-09-10,11500.0,0
INS_000381,Macif,Collision simple,2026-03-19,5100.0,1
INS_002428,Aviva,Bris de glace,2024-10-13,9600.0,1
INS_004047,Groupama,Accident corporel seul conducteur,2026-02-24,6000.0,0
INS_003997,AXA,Dégradation volontaire,2023-08-07,6200.0,0
INS_003997,Allianz,Inondation / submersion,2024-06-02,9700.0,0
INS_003997,BNP Paribas Cardif,Stationnement endommagé,2023-09-21,8700.0,0
INS_003997,Groupama,Inondation / submersion,2023-07-07,1700.0,1
INS_003997,Allianz,Tentative de vol avec dégradation,2024-01-08,4900.0,1
INS_001977,Allianz,Collision avec piéton,2025-12-10,2000.0,1
INS_001977,Macif,Collision avec animal,2024-02-27,1900.0,1
INS_002902,AXA,Collision avec animal,2025-03-26,300.0,1
INS_002902,Aviva,Stationnement endommagé,2024-10-07,2500.0,0
INS_005552,BNP Paribas Cardif,Vol total du véhicule,2025-03-12,8400.0,1
INS_001930,BNP Paribas Cardif,Tentative de vol avec dégradation,2026-01-29,6800.0,1
INS_001930,AXA,Collision simple,2026-02-18,7800.0,0
INS_001930,Allianz,Inondation / submersion,2024-07-18,6100.0,1
INS_005896,Aviva,Bris de glace,2025-08-01,2800.0,1
INS_004200,Macif,Tentative de vol avec dégradation,2025-01-19,3700.0,0
INS_004333,AXA,Collision avec piéton,2023-12-24,9600.0,0
INS_004333,Macif,Dégradation volontaire,2024-02-10,3700.0,0
INS_005817,Generali,Vol total du véhicule,2025-06-16,4400.0,0
INS_005785,BNP Paribas Cardif,Dégradation volontaire,2024-02-03,2500.0,0
INS_003769,Groupama,Inondation / submersion,2025-08-08,1300.0,0
INS_003769,Société Générale Assurances,Bris de glace,2025-12-18,7300.0,1
INS_003769,Generali,Collision multi-véhicules,2023-08-13,3000.0,0
INS_002403,Aviva,Collision simple,2025-03-09,13600.0,0
INS_000524,Generali,Collision avec piéton,2025-02-17,1900.0,0
INS_003178,Allianz,Collision avec animal,2024-07-13,8900.0,0
INS_003178,Société Générale Assurances,Dommages grêle,2025-05-06,5100.0,0
INS_001833,Macif,Bris de glace,2023-11-02,3600.0,0
INS_001496,Société Générale Assurances,Incendie accidentel,2023-05-28,6300.0,0
INS_001496,Allianz,Collision multi-véhicules,2024-05-29,10300.0,0
INS_001352,Allianz,Vol à la roulette,2023-06-22,10200.0,0
INS_001352,Groupama,Collision avec animal,2023-08-27,200.0,0
INS_001352,Allianz,Collision avec piéton,2023-12-01,8100.0,0
INS_004313,BNP Paribas Cardif,Incendie criminel,2024-08-26,12200.0,1
INS_002563,BNP Paribas Cardif,Vol à la roulette,2025-12-30,6000.0,1
INS_002563,Société Générale Assurances,Inondation / submersion,2026-02-02,3400.0,0
INS_002563,Maif,Collision multi-véhicules,2023-10-11,7200.0,0
INS_002563,Société Générale Assurances,Collision multi-véhicules,2023-11-01,7800.0,1
INS_002906,BNP Paribas Cardif,Bris de glace,2024-02-05,7100.0,0
INS_003330,Société Générale Assurances,Dégradation volontaire,2024-10-14,200.0,1
INS_003330,AXA,Incendie accidentel,2025-08-23,4900.0,1
INS_001832,Société Générale Assurances,Collision avec piéton,2023-12-11,8300.0,1
INS_001886,Aviva,Incendie criminel,2025-09-26,900.0,0
INS_001886,Generali,Accident corporel seul conducteur,2024-05-05,7600.0,1
INS_003461,Aviva,Vol total du véhicule,2025-04-05,10000.0,0
INS_005859,Maif,Incendie criminel,2024-05-15,11500.0,1
INS_005859,Aviva,Dommages grêle,2025-08-08,2000.0,0
INS_005859,Generali,Collision avec animal,2025-01-01,9200.0,0
INS_005859,Groupama,Collision simple,2024-09-24,1800.0,0
INS_000041,Maif,Vol total du véhicule,2023-11-24,8700.0,0
INS_001506,Aviva,Vol total du véhicule,2025-01-15,2100.0,1
INS_001506,BNP Paribas Cardif,Collision avec piéton,2023-11-01,300.0,0
INS_001828,Groupama,Incendie accidentel,2024-08-06,8500.0,1
INS_005947,Aviva,Incendie criminel,2023-11-07,13300.0,1
INS_005947,Groupama,Incendie accidentel,2025-06-23,6100.0,1
INS_005886,AXA,Accident corporel seul conducteur,2024-12-14,500.0,0
INS_005886,AXA,Dégradation volontaire,2025-06-24,200.0,0
INS_005886,Groupama,Vol total du véhicule,2025-08-16,11500.0,0
INS_000760,Société Générale Assurances,Incendie accidentel,2026-04-12,2600.0,1
INS_000760,Société Générale Assurances,Collision avec piéton,2026-05-05,3400.0,0
INS_004079,BNP Paribas Cardif,Vol à la roulette,2023-11-25,2900.0,1
INS_004701,BNP Paribas Cardif,Collision avec animal,2026-04-29,19100.0,0
INS_001097,AXA,Inondation / submersion,2025-01-21,6700.0,0
INS_000866,Aviva,Collision avec piéton,2026-02-07,9200.0,0
INS_000965,AXA,Vol à la roulette,2024-03-04,200.0,0
INS_004573,Macif,Inondation / submersion,2025-07-05,9500.0,0
INS_004573,Generali,Accident corporel seul conducteur,2024-06-29,7500.0,0
INS_001429,Groupama,Vol total du véhicule,2025-02-19,5500.0,1
INS_004380,BNP Paribas Cardif,Collision avec piéton,2023-10-23,9900.0,0
INS_004380,Aviva,Vol total du véhicule,2026-01-15,6100.0,0
INS_004702,Maif,Incendie criminel,2024-11-14,4400.0,0
INS_004702,BNP Paribas Cardif,Tentative de vol avec dégradation,2023-06-09,6400.0,0
INS_000569,Macif,Incendie accidentel,2025-02-06,300.0,1
INS_000569,Société Générale Assurances,Vol à la roulette,2025-11-08,2800.0,0
INS_000569,AXA,Stationnement endommagé,2025-11-11,700.0,0
INS_000569,AXA,Dommages grêle,2025-05-03,2600.0,0
INS_005702,BNP Paribas Cardif,Dommages grêle,2026-01-21,2400.0,0
INS_005686,BNP Paribas Cardif,Accident corporel seul conducteur,2026-04-02,7100.0,0
INS_005686,Generali,Vol total du véhicule,2024-09-19,8000.0,1
INS_005686,Allianz,Inondation / submersion,2025-06-25,200.0,1
INS_002643,Generali,Incendie accidentel,2024-03-02,7300.0,0
INS_002643,Maif,Collision simple,2025-11-05,7700.0,0
INS_002643,BNP Paribas Cardif,Collision avec piéton,2024-06-04,7000.0,0
INS_002643,AXA,Inondation / submersion,2024-06-25,11200.0,1
INS_002643,Société Générale Assurances,Dégradation volontaire,2024-01-19,7500.0,0
INS_000608,Allianz,Accident corporel seul conducteur,2025-01-17,5900.0,0
INS_000167,Société Générale Assurances,Tentative de vol avec dégradation,2025-06-25,6000.0,1
INS_000167,Groupama,Stationnement endommagé,2024-10-21,8900.0,0
INS_000167,Société Générale Assurances,Collision avec animal,2025-01-15,8000.0,1
INS_000167,Aviva,Collision simple,2025-01-02,1600.0,1
INS_001271,Société Générale Assurances,Stationnement endommagé,2023-06-10,5400.0,0
INS_001271,Allianz,Collision avec piéton,2023-05-29,9000.0,0
INS_003715,Generali,Collision simple,2025-06-27,200.0,0
INS_003715,Macif,Collision avec animal,2025-03-20,8200.0,0
INS_005589,Allianz,Stationnement endommagé,2024-08-24,6600.0,0
INS_005589,Aviva,Inondation / submersion,2024-10-31,400.0,0
INS_005589,Generali,Collision multi-véhicules,2024-10-09,6700.0,0
INS_005589,Macif,Vol total du véhicule,2025-12-31,2600.0,0
INS_005589,BNP Paribas Cardif,Vol à la roulette,2026-05-19,5800.0,0
INS_005001,Aviva,Collision avec animal,2023-08-28,700.0,1
INS_005001,Aviva,Bris de glace,2026-02-10,3800.0,0
INS_005001,BNP Paribas Cardif,Stationnement endommagé,2024-12-09,6000.0,0
INS_000145,BNP Paribas Cardif,Dégradation volontaire,2025-03-20,6800.0,1
INS_002881,Generali,Stationnement endommagé,2026-04-05,2500.0,0
INS_005266,Groupama,Vol à la roulette,2023-11-09,6100.0,0
INS_005266,BNP Paribas Cardif,Collision simple,2024-04-25,4100.0,1
INS_005734,Allianz,Stationnement endommagé,2024-08-05,11600.0,0
INS_005622,Maif,Collision avec piéton,2023-08-01,2100.0,1
INS_003767,Maif,Collision multi-véhicules,2025-03-12,3000.0,1
INS_003767,Maif,Dégradation volontaire,2024-12-07,6500.0,1
INS_003767,Macif,Inondation / submersion,2026-05-13,3600.0,0
INS_005122,Allianz,Collision avec animal,2026-01-29,5100.0,0
INS_005122,Generali,Collision multi-véhicules,2025-06-16,6600.0,0
INS_004710,AXA,Inondation / submersion,2023-08-12,9400.0,1
INS_003438,Groupama,Inondation / submersion,2025-04-30,8800.0,0
INS_000421,AXA,Accident corporel seul conducteur,2024-07-12,5500.0,0
INS_000421,Groupama,Accident corporel seul conducteur,2023-10-04,2700.0,0
INS_000421,AXA,Vol à la roulette,2023-06-24,1500.0,1
INS_002727,Maif,Inondation / submersion,2024-06-03,200.0,0
INS_002727,Macif,Vol total du véhicule,2025-12-29,5100.0,0
INS_003089,Aviva,Collision multi-véhicules,2023-08-15,10400.0,0
INS_001152,Société Générale Assurances,Inondation / submersion,2024-12-11,12100.0,0
INS_001993,Groupama,Vol à la roulette,2024-09-01,7800.0,0
INS_001993,AXA,Accident corporel seul conducteur,2024-05-26,12000.0,1
INS_001993,Société Générale Assurances,Collision avec animal,2025-08-01,3100.0,0
INS_001778,Maif,Collision avec piéton,2024-08-04,3300.0,0
INS_000289,Macif,Collision avec piéton,2024-12-10,7400.0,1
INS_000289,Maif,Collision simple,2025-10-13,5300.0,0
INS_000289,AXA,Tentative de vol avec dégradation,2023-08-15,4500.0,0
INS_000289,Allianz,Dégradation volontaire,2025-11-30,7300.0,0
INS_000289,Société Générale Assurances,Collision multi-véhicules,2025-04-27,8000.0,0
INS_004840,Groupama,Vol à la roulette,2024-07-13,10300.0,1
INS_005463,Groupama,Inondation / submersion,2026-05-25,9000.0,0
INS_003758,BNP Paribas Cardif,Inondation / submersion,2026-04-22,10200.0,0
INS_004725,Aviva,Vol total du véhicule,2025-02-16,7000.0,0
INS_005523,Generali,Inondation / submersion,2024-07-01,200.0,0
INS_003310,AXA,Dégradation volontaire,2023-08-04,3700.0,1
INS_005242,Maif,Accident corporel seul conducteur,2024-10-17,5700.0,0
INS_004315,Allianz,Bris de glace,2024-12-19,8300.0,0
INS_004315,Allianz,Collision multi-véhicules,2026-02-02,13000.0,0
INS_002759,AXA,Collision avec animal,2026-01-14,15100.0,0
INS_002759,Société Générale Assurances,Vol total du véhicule,2025-09-06,4600.0,1
INS_002759,Macif,Tentative de vol avec dégradation,2026-05-22,6900.0,1
INS_002759,Generali,Collision multi-véhicules,2023-10-19,5800.0,0
INS_002179,Macif,Accident corporel seul conducteur,2025-06-14,2500.0,0
INS_002179,Groupama,Vol à la roulette,2024-02-11,6700.0,0
INS_002179,BNP Paribas Cardif,Dommages grêle,2024-07-07,7700.0,0
INS_002179,Groupama,Inondation / submersion,2025-06-15,200.0,1
INS_002179,Maif,Collision avec animal,2023-08-25,1800.0,0
INS_001618,Generali,Vol à la roulette,2024-08-05,7900.0,0
INS_001618,Groupama,Incendie accidentel,2023-06-14,4500.0,1
INS_002139,Generali,Stationnement endommagé,2025-02-16,3600.0,0
INS_003158,Groupama,Collision multi-véhicules,2023-08-27,200.0,0
INS_002244,Macif,Stationnement endommagé,2025-04-01,11400.0,0
INS_002244,Maif,Accident corporel seul conducteur,2025-06-10,11700.0,0
INS_002244,Maif,Collision simple,2025-01-24,5100.0,0
INS_002244,Aviva,Collision multi-véhicules,2024-12-18,8400.0,1
INS_002244,Allianz,Collision multi-véhicules,2023-05-29,1500.0,0
INS_002662,Allianz,Inondation / submersion,2025-07-03,6400.0,0
INS_004146,AXA,Incendie criminel,2024-10-23,6500.0,0
INS_004146,AXA,Collision avec animal,2025-06-22,6500.0,0
INS_001275,Macif,Incendie criminel,2025-09-26,200.0,0
INS_005002,BNP Paribas Cardif,Stationnement endommagé,2025-06-14,8200.0,0
INS_005002,Allianz,Incendie criminel,2024-11-08,5500.0,0
INS_002656,Maif,Collision avec animal,2026-02-03,7700.0,0
INS_002656,BNP Paribas Cardif,Bris de glace,2024-07-01,800.0,0
INS_002120,BNP Paribas Cardif,Bris de glace,2023-07-08,9600.0,0
INS_002120,Allianz,Incendie accidentel,2024-10-19,4600.0,0
INS_003301,Aviva,Bris de glace,2023-09-16,5200.0,1
INS_001686,Aviva,Vol à la roulette,2026-03-31,7300.0,1
INS_003907,Allianz,Incendie accidentel,2024-10-23,9700.0,0
INS_003907,Maif,Collision avec animal,2024-04-02,2400.0,0
INS_001702,Aviva,Vol à la roulette,2024-04-02,5000.0,1
INS_001702,Groupama,Collision simple,2024-01-27,6300.0,0
INS_005708,Macif,Collision simple,2026-04-28,11700.0,1
INS_005708,BNP Paribas Cardif,Tentative de vol avec dégradation,2025-02-18,10700.0,1
INS_001800,Allianz,Inondation / submersion,2025-08-05,200.0,0
INS_005738,Groupama,Bris de glace,2025-03-10,4200.0,0
INS_005738,Allianz,Incendie accidentel,2024-10-03,3000.0,0
INS_000343,Aviva,Tentative de vol avec dégradation,2023-11-08,1900.0,0
INS_000343,Maif,Dommages grêle,2026-02-18,6700.0,0
INS_000343,BNP Paribas Cardif,Tentative de vol avec dégradation,2024-08-19,5700.0,1
INS_000343,Société Générale Assurances,Collision multi-véhicules,2025-05-28,11500.0,0
INS_000343,Société Générale Assurances,Bris de glace,2024-05-18,2700.0,1
INS_001825,Macif,Vol à la roulette,2023-08-07,5700.0,0
INS_005508,Generali,Inondation / submersion,2023-07-03,5400.0,0
INS_005508,Maif,Bris de glace,2025-11-19,200.0,0
INS_002232,Aviva,Collision avec animal,2026-03-04,11500.0,0
INS_002232,Société Générale Assurances,Accident corporel seul conducteur,2023-07-21,3800.0,0
INS_002232,Macif,Collision avec piéton,2024-10-21,4200.0,1
INS_002232,Groupama,Inondation / submersion,2025-11-04,4200.0,0
INS_003739,Generali,Incendie accidentel,2024-11-20,4200.0,0
INS_003739,Groupama,Collision simple,2025-08-10,11200.0,0
INS_000812,Aviva,Tentative de vol avec dégradation,2023-06-25,200.0,0
INS_000812,Société Générale Assurances,Collision avec animal,2023-12-05,5200.0,0
INS_003123,Generali,Collision avec piéton,2024-07-06,3700.0,0
INS_003318,Société Générale Assurances,Vol total du véhicule,2023-11-04,9900.0,0
INS_003318,BNP Paribas Cardif,Collision avec animal,2025-05-23,6000.0,1
INS_003318,Macif,Collision avec piéton,2025-02-03,3200.0,1
INS_003318,Allianz,Incendie accidentel,2023-11-21,2500.0,1
INS_005943,Allianz,Vol total du véhicule,2025-09-07,3100.0,0
INS_005181,Aviva,Incendie criminel,2025-04-11,200.0,1
INS_002331,Aviva,Inondation / submersion,2025-07-04,7800.0,0
INS_002331,Macif,Collision avec piéton,2025-04-02,200.0,1
INS_002331,AXA,Accident corporel seul conducteur,2023-06-30,200.0,0
INS_002331,BNP Paribas Cardif,Bris de glace,2023-06-08,900.0,0
INS_002331,BNP Paribas Cardif,Collision multi-véhicules,2025-06-03,2400.0,1
INS_005656,Groupama,Incendie criminel,2025-04-04,6200.0,0
INS_005656,Generali,Incendie accidentel,2026-01-20,3400.0,0
INS_005656,BNP Paribas Cardif,Incendie criminel,2024-06-28,1000.0,0
INS_005656,Société Générale Assurances,Collision multi-véhicules,2025-04-09,10900.0,0
INS_002999,Generali,Incendie criminel,2025-03-16,9900.0,0
INS_002028,Generali,Collision avec piéton,2024-03-15,5300.0,1
INS_002028,BNP Paribas Cardif,Tentative de vol avec dégradation,2024-10-11,11700.0,0
INS_000383,Maif,Stationnement endommagé,2025-06-23,200.0,0
INS_005375,Generali,Dommages grêle,2025-05-22,7100.0,0
INS_001031,Groupama,Bris de glace,2026-03-18,7500.0,1
INS_005633,Groupama,Vol à la roulette,2025-04-26,9400.0,0
INS_005633,Société Générale Assurances,Dommages grêle,2026-01-01,11600.0,1
INS_005633,Aviva,Vol à la roulette,2024-08-30,5500.0,0
INS_005633,Allianz,Collision avec animal,2025-03-08,5700.0,0
INS_000731,Maif,Stationnement endommagé,2025-08-23,3100.0,1
INS_000731,Generali,Tentative de vol avec dégradation,2024-10-01,4800.0,0
INS_000731,BNP Paribas Cardif,Collision avec animal,2024-04-28,8200.0,0
INS_004858,Société Générale Assurances,Bris de glace,2025-11-22,7600.0,0
INS_002361,Generali,Stationnement endommagé,2023-11-25,6000.0,0
INS_002361,BNP Paribas Cardif,Tentative de vol avec dégradation,2023-11-07,13100.0,0
INS_002361,Allianz,Dommages grêle,2025-05-21,5300.0,1
INS_000098,BNP Paribas Cardif,Vol à la roulette,2025-06-09,9500.0,0
INS_000032,Generali,Collision simple,2025-09-08,9800.0,0
INS_000032,Groupama,Vol à la roulette,2024-03-03,6900.0,1
INS_000890,Maif,Accident corporel seul conducteur,2025-05-05,2100.0,0
INS_000736,Maif,Vol à la roulette,2023-07-26,7700.0,0
INS_000736,BNP Paribas Cardif,Vol à la roulette,2023-08-25,4400.0,0
INS_001115,Société Générale Assurances,Collision simple,2024-04-01,1000.0,1
INS_004815,Société Générale Assurances,Dommages grêle,2024-06-11,12700.0,0
INS_004815,Société Générale Assurances,Collision multi-véhicules,2025-07-21,4000.0,1
INS_002818,Generali,Collision multi-véhicules,2024-09-20,9700.0,0
INS_002818,Aviva,Dégradation volontaire,2023-07-08,4500.0,0
INS_002818,Groupama,Dégradation volontaire,2025-10-11,8300.0,1
INS_002818,AXA,Incendie criminel,2025-06-09,5200.0,1
INS_005677,BNP Paribas Cardif,Collision simple,2024-06-30,8300.0,1
INS_005677,Groupama,Stationnement endommagé,2026-02-05,6000.0,1
INS_005677,Société Générale Assurances,Collision avec piéton,2026-05-20,4400.0,0
INS_000423,Groupama,Dommages grêle,2024-02-11,3500.0,0
INS_003999,BNP Paribas Cardif,Dégradation volontaire,2026-03-18,10400.0,0
INS_004118,Maif,Stationnement endommagé,2026-05-07,8000.0,0
INS_004118,AXA,Collision multi-véhicules,2025-09-13,5400.0,1
INS_000837,BNP Paribas Cardif,Incendie criminel,2026-01-01,10700.0,0
INS_004386,Allianz,Collision avec animal,2025-10-07,200.0,0
INS_004386,BNP Paribas Cardif,Collision simple,2025-10-14,6000.0,0
INS_004056,Maif,Collision multi-véhicules,2024-08-01,700.0,1
INS_004056,AXA,Collision avec animal,2025-02-12,8100.0,0
INS_002393,Groupama,Accident corporel seul conducteur,2025-09-30,10800.0,0
INS_002393,Generali,Incendie accidentel,2025-03-22,1800.0,0
INS_002393,AXA,Vol à la roulette,2024-07-14,5300.0,1
INS_002393,Groupama,Collision multi-véhicules,2023-09-29,10500.0,0
INS_002393,Aviva,Dommages grêle,2025-06-04,10000.0,0
INS_000801,Société Générale Assurances,Incendie criminel,2024-07-11,4100.0,0
INS_000801,Macif,Collision multi-véhicules,2026-02-24,5400.0,0
INS_002486,BNP Paribas Cardif,Vol total du véhicule,2025-11-28,5200.0,0
INS_002486,Generali,Collision avec animal,2024-05-10,3300.0,0
INS_003166,Macif,Incendie accidentel,2024-11-20,4100.0,0
INS_003166,Société Générale Assurances,Inondation / submersion,2023-08-30,2400.0,1
INS_002851,Generali,Vol à la roulette,2025-10-14,4600.0,0
INS_003409,Macif,Dommages grêle,2024-04-20,1600.0,1
INS_003422,Maif,Collision simple,2025-05-15,4400.0,1
INS_003422,Maif,Bris de glace,2025-10-18,3600.0,0
INS_003422,Generali,Collision multi-véhicules,2024-12-16,8600.0,1
INS_001937,Groupama,Incendie criminel,2025-03-30,1100.0,0
INS_003692,Generali,Accident corporel seul conducteur,2024-07-27,5000.0,0
INS_000364,Allianz,Dégradation volontaire,2024-12-04,7900.0,0
INS_004044,Groupama,Dégradation volontaire,2024-03-22,7100.0,1
INS_004044,Maif,Dégradation volontaire,2025-02-28,6500.0,0
INS_004044,Groupama,Collision avec animal,2023-07-03,7600.0,0
INS_000305,Aviva,Collision multi-véhicules,2023-07-28,8200.0,0
INS_000305,BNP Paribas Cardif,Collision multi-véhicules,2026-04-07,3900.0,0
INS_000305,Société Générale Assurances,Accident corporel seul conducteur,2025-10-15,6000.0,1
INS_000305,Société Générale Assurances,Collision multi-véhicules,2024-11-27,6100.0,1
INS_002136,Macif,Inondation / submersion,2023-11-29,400.0,0
INS_001931,Generali,Dégradation volontaire,2025-08-07,9600.0,0
INS_003890,Allianz,Collision avec piéton,2025-06-02,3200.0,0
INS_005295,Generali,Dégradation volontaire,2024-09-23,2000.0,0
INS_003736,AXA,Collision simple,2024-03-12,2300.0,0
INS_003010,BNP Paribas Cardif,Dommages grêle,2023-06-24,2300.0,0
INS_003010,Groupama,Vol total du véhicule,2025-04-01,4200.0,0
INS_000665,Allianz,Collision multi-véhicules,2025-01-26,9500.0,0
INS_000665,Generali,Collision avec piéton,2024-01-10,5400.0,1
INS_000665,Generali,Tentative de vol avec dégradation,2024-03-04,5300.0,0
INS_000665,AXA,Collision simple,2025-09-10,4500.0,0
INS_000665,Aviva,Tentative de vol avec dégradation,2024-05-07,3600.0,1
INS_005547,AXA,Inondation / submersion,2026-04-27,7000.0,1
INS_001934,Macif,Dégradation volontaire,2025-08-10,5500.0,1
INS_003062,Macif,Stationnement endommagé,2023-09-22,4700.0,0
INS_003062,AXA,Collision multi-véhicules,2026-02-06,6400.0,1
INS_003062,AXA,Stationnement endommagé,2023-09-02,9400.0,0
INS_003062,Groupama,Collision avec animal,2026-04-15,5800.0,0
INS_001962,Société Générale Assurances,Inondation / submersion,2026-02-17,5300.0,0
INS_001962,BNP Paribas Cardif,Incendie accidentel,2024-12-13,10100.0,1
INS_002632,Macif,Bris de glace,2025-10-19,11500.0,0
INS_002880,Allianz,Collision simple,2025-12-25,6400.0,0
INS_002153,BNP Paribas Cardif,Incendie criminel,2026-04-14,6400.0,0
INS_005218,Maif,Inondation / submersion,2024-02-24,3800.0,0
INS_005218,BNP Paribas Cardif,Collision avec piéton,2025-06-06,6500.0,0
INS_005218,Aviva,Vol total du véhicule,2026-02-02,11500.0,1
INS_005218,BNP Paribas Cardif,Dommages grêle,2025-03-24,5500.0,1
INS_001355,Groupama,Dommages grêle,2025-05-27,5000.0,1
INS_001355,Aviva,Stationnement endommagé,2025-07-30,5700.0,0
INS_005942,Generali,Collision simple,2025-03-09,8800.0,1
INS_001249,AXA,Vol à la roulette,2025-11-08,7600.0,0
INS_001249,Aviva,Collision avec piéton,2023-08-17,900.0,0
INS_001249,Allianz,Incendie accidentel,2024-06-20,400.0,0
INS_005440,Macif,Collision avec animal,2025-02-16,17100.0,0
INS_002462,Allianz,Vol total du véhicule,2023-10-02,6100.0,1
INS_002462,Maif,Dommages grêle,2025-05-24,12900.0,0
INS_003754,BNP Paribas Cardif,Collision avec animal,2023-07-22,6000.0,1
INS_003315,Aviva,Incendie accidentel,2025-05-17,8500.0,0
INS_003171,AXA,Stationnement endommagé,2025-07-26,4100.0,0
INS_000292,AXA,Vol à la roulette,2023-12-29,5800.0,0
INS_000292,Maif,Collision simple,2024-03-22,2700.0,0
INS_000462,AXA,Stationnement endommagé,2026-03-17,2100.0,0
INS_005008,Macif,Incendie criminel,2024-12-28,800.0,1
INS_005261,Société Générale Assurances,Dégradation volontaire,2026-01-11,5600.0,1
INS_005261,Groupama,Collision multi-véhicules,2023-07-08,10000.0,0
INS_005261,Aviva,Vol à la roulette,2023-11-13,5800.0,1
INS_002514,BNP Paribas Cardif,Incendie criminel,2025-05-14,1700.0,0
INS_002514,Groupama,Inondation / submersion,2024-08-26,600.0,0
INS_005550,Macif,Dégradation volontaire,2023-11-11,11000.0,0
INS_005444,Groupama,Tentative de vol avec dégradation,2025-03-31,1700.0,0
INS_004715,Generali,Incendie accidentel,2026-03-30,700.0,1
INS_004715,Société Générale Assurances,Vol à la roulette,2025-05-21,2200.0,0
INS_004715,Macif,Collision multi-véhicules,2023-10-20,8300.0,1
INS_000748,AXA,Collision avec piéton,2024-05-27,200.0,0
INS_000748,Maif,Vol total du véhicule,2024-05-23,6400.0,0
INS_001263,AXA,Vol total du véhicule,2025-01-14,13400.0,0
INS_001263,Allianz,Tentative de vol avec dégradation,2023-11-21,200.0,1
INS_003118,BNP Paribas Cardif,Collision avec piéton,2025-02-13,1800.0,1
INS_003118,Groupama,Stationnement endommagé,2026-01-03,200.0,0
INS_000884,BNP Paribas Cardif,Tentative de vol avec dégradation,2026-03-07,7400.0,0
INS_000884,Aviva,Collision simple,2026-02-28,5900.0,1
INS_004969,AXA,Incendie criminel,2025-01-15,6100.0,0
INS_005317,Allianz,Collision avec piéton,2023-09-14,3400.0,1
INS_005317,Aviva,Tentative de vol avec dégradation,2025-03-24,200.0,0
INS_005789,BNP Paribas Cardif,Incendie accidentel,2026-04-21,2100.0,1
INS_005789,Groupama,Vol à la roulette,2025-12-16,2500.0,0
INS_004546,Aviva,Collision avec animal,2025-10-23,4200.0,1
INS_000805,Société Générale Assurances,Incendie accidentel,2024-10-22,3100.0,0
INS_003022,Groupama,Stationnement endommagé,2025-06-12,200.0,0
INS_000830,Macif,Collision avec animal,2025-03-23,3700.0,1
INS_000830,Macif,Accident corporel seul conducteur,2025-01-06,1200.0,1
INS_000830,Maif,Stationnement endommagé,2024-09-26,10700.0,0
INS_000830,Aviva,Dommages grêle,2024-07-22,1300.0,0
INS_002438,Allianz,Stationnement endommagé,2024-04-12,12800.0,1
INS_002438,BNP Paribas Cardif,Bris de glace,2025-02-23,7700.0,0
INS_000792,BNP Paribas Cardif,Tentative de vol avec dégradation,2026-03-16,3900.0,0
INS_000792,AXA,Bris de glace,2026-04-10,7400.0,0
INS_004458,Groupama,Collision avec animal,2024-11-04,7400.0,0
INS_004458,Société Générale Assurances,Incendie criminel,2025-01-15,12400.0,1
INS_004458,Allianz,Collision multi-véhicules,2024-02-26,800.0,0
INS_004458,AXA,Vol à la roulette,2024-10-26,8400.0,0
INS_003038,Allianz,Inondation / submersion,2025-10-12,6000.0,0
INS_003038,Aviva,Inondation / submersion,2023-12-09,11100.0,1
INS_002436,Maif,Incendie criminel,2024-03-08,4000.0,0
INS_000465,BNP Paribas Cardif,Vol total du véhicule,2023-08-20,700.0,0
INS_000465,Maif,Collision multi-véhicules,2023-12-12,3700.0,0
INS_000473,Generali,Bris de glace,2024-05-28,4100.0,1
INS_000473,BNP Paribas Cardif,Tentative de vol avec dégradation,2023-07-16,4700.0,0
INS_002547,Société Générale Assurances,Collision multi-véhicules,2024-03-18,9800.0,0
INS_002547,BNP Paribas Cardif,Collision multi-véhicules,2025-10-19,1900.0,1
INS_002547,AXA,Tentative de vol avec dégradation,2025-04-06,5300.0,0
INS_002547,BNP Paribas Cardif,Dommages grêle,2026-02-02,5900.0,0
INS_004175,BNP Paribas Cardif,Vol à la roulette,2024-09-01,7000.0,0
INS_004960,Generali,Tentative de vol avec dégradation,2025-12-28,2800.0,0
INS_003291,BNP Paribas Cardif,Vol total du véhicule,2025-11-30,5800.0,0
INS_003291,Aviva,Accident corporel seul conducteur,2025-04-04,7500.0,0
INS_005473,Société Générale Assurances,Tentative de vol avec dégradation,2024-11-27,3400.0,0
INS_005473,Allianz,Stationnement endommagé,2025-05-06,1500.0,0
INS_003562,Maif,Dommages grêle,2024-10-05,6500.0,1
INS_003562,Société Générale Assurances,Dégradation volontaire,2026-05-18,4600.0,1
INS_003562,Macif,Dommages grêle,2024-12-21,7100.0,1
INS_003562,Maif,Tentative de vol avec dégradation,2026-03-22,4900.0,0
INS_000064,Aviva,Vol à la roulette,2024-05-22,9000.0,0
INS_000064,Macif,Bris de glace,2024-03-26,4200.0,1
INS_000064,AXA,Accident corporel seul conducteur,2024-12-07,7600.0,0
INS_004523,Société Générale Assurances,Dommages grêle,2026-01-18,3800.0,1
INS_002049,Groupama,Stationnement endommagé,2025-09-03,6000.0,0
INS_005669,Aviva,Incendie criminel,2026-04-19,3900.0,0
INS_004614,Generali,Collision avec animal,2024-02-08,200.0,0
INS_005804,Allianz,Collision simple,2023-05-30,700.0,1
INS_005804,Generali,Incendie accidentel,2026-02-25,6000.0,0
INS_005804,Groupama,Incendie criminel,2026-03-06,4300.0,1
INS_005804,Macif,Collision avec piéton,2023-10-22,7000.0,0
INS_002219,Groupama,Collision simple,2026-03-16,10200.0,0
INS_005927,Aviva,Incendie criminel,2026-05-16,12300.0,0
INS_005927,Generali,Stationnement endommagé,2026-05-08,7400.0,1
INS_005927,Macif,Collision avec animal,2024-08-23,6300.0,1
INS_005927,BNP Paribas Cardif,Accident corporel seul conducteur,2026-01-26,4600.0,1
INS_005927,Aviva,Incendie criminel,2023-05-29,200.0,0
INS_004895,Aviva,Collision multi-véhicules,2024-05-19,9100.0,0
INS_002572,BNP Paribas Cardif,Dégradation volontaire,2025-03-15,14000.0,0
INS_002572,BNP Paribas Cardif,Accident corporel seul conducteur,2023-12-11,3100.0,1
INS_002572,Macif,Dommages grêle,2024-10-04,200.0,0
INS_002572,AXA,Incendie criminel,2025-05-22,7200.0,0
INS_002572,Generali,Accident corporel seul conducteur,2023-08-04,200.0,1
INS_003096,Allianz,Collision multi-véhicules,2025-06-29,2800.0,0
INS_003096,Groupama,Dommages grêle,2024-01-09,8200.0,0
INS_003096,BNP Paribas Cardif,Inondation / submersion,2024-07-12,200.0,0
INS_003096,Macif,Inondation / submersion,2024-02-23,3100.0,0
INS_004638,Macif,Incendie criminel,2025-03-16,200.0,1
INS_004638,Maif,Stationnement endommagé,2023-09-24,6100.0,1
INS_004638,Generali,Tentative de vol avec dégradation,2025-12-01,4700.0,0
INS_003825,Groupama,Inondation / submersion,2025-12-03,2700.0,0
INS_003825,Maif,Accident corporel seul conducteur,2024-12-24,4100.0,0
INS_003788,AXA,Vol à la roulette,2025-10-05,3300.0,0
INS_002954,Société Générale Assurances,Accident corporel seul conducteur,2024-10-31,3700.0,1
INS_002954,AXA,Accident corporel seul conducteur,2024-02-15,8100.0,0
INS_005411,AXA,Incendie criminel,2025-07-21,400.0,0
INS_003510,Groupama,Inondation / submersion,2025-05-28,5200.0,1
INS_003510,Macif,Collision avec piéton,2024-08-14,9100.0,1
INS_005546,Macif,Dommages grêle,2026-02-28,4400.0,0
INS_001315,Maif,Stationnement endommagé,2023-08-10,5400.0,0
INS_001315,Allianz,Accident corporel seul conducteur,2024-06-23,4600.0,1
INS_001315,Groupama,Collision multi-véhicules,2025-01-22,5400.0,0
INS_005491,Aviva,Dégradation volontaire,2024-08-08,5700.0,0
INS_002390,Allianz,Dommages grêle,2025-07-06,200.0,0
INS_002390,Generali,Vol à la roulette,2025-07-02,3700.0,1
INS_000142,Maif,Vol à la roulette,2024-02-13,10200.0,0
INS_000372,BNP Paribas Cardif,Incendie criminel,2026-02-01,10000.0,1
INS_000372,Maif,Collision multi-véhicules,2026-04-18,9200.0,1
INS_000372,Generali,Vol à la roulette,2025-10-31,6100.0,1
INS_000671,Allianz,Bris de glace,2023-06-25,6400.0,0
INS_005955,BNP Paribas Cardif,Accident corporel seul conducteur,2024-08-27,4000.0,0
INS_005955,Société Générale Assurances,Stationnement endommagé,2025-03-28,9400.0,1
INS_005955,Maif,Incendie accidentel,2024-12-14,5400.0,1
INS_001094,Groupama,Collision simple,2025-12-30,9700.0,0
INS_001465,Macif,Collision avec piéton,2026-04-20,3600.0,0
INS_000216,AXA,Collision simple,2023-09-14,4200.0,0
INS_002407,Allianz,Vol total du véhicule,2023-07-03,8600.0,0
INS_000208,Société Générale Assurances,Dégradation volontaire,2025-07-08,8100.0,0
INS_000208,Allianz,Incendie criminel,2024-09-29,5600.0,1
INS_000734,AXA,Collision multi-véhicules,2026-03-03,7700.0,1
INS_002928,Groupama,Accident corporel seul conducteur,2024-02-14,5100.0,0
INS_000210,AXA,Collision simple,2023-07-22,6200.0,0
INS_000210,Société Générale Assurances,Stationnement endommagé,2025-11-28,1700.0,0
INS_000210,Société Générale Assurances,Inondation / submersion,2026-04-12,5500.0,0
INS_000210,Groupama,Accident corporel seul conducteur,2023-12-05,3400.0,0
INS_000210,Allianz,Tentative de vol avec dégradation,2026-01-19,2500.0,1
INS_003955,Generali,Dégradation volontaire,2025-05-08,3200.0,0
INS_003955,Maif,Vol total du véhicule,2025-08-25,4200.0,0
INS_005597,BNP Paribas Cardif,Incendie criminel,2024-11-15,3800.0,0
INS_005597,Generali,Vol à la roulette,2025-01-03,2100.0,0
INS_005169,Macif,Collision multi-véhicules,2025-04-21,4500.0,0
INS_004863,Société Générale Assurances,Incendie criminel,2023-11-19,5500.0,0
INS_002215,Société Générale Assurances,Incendie criminel,2024-04-16,10000.0,0
INS_001399,Generali,Incendie criminel,2026-01-05,200.0,0
INS_001399,BNP Paribas Cardif,Collision avec animal,2024-06-14,4500.0,1
INS_000191,Generali,Incendie criminel,2023-12-18,200.0,0
INS_000191,Société Générale Assurances,Incendie accidentel,2023-08-02,3400.0,0
INS_005006,Aviva,Incendie criminel,2025-10-25,3800.0,0
INS_005006,Maif,Collision avec animal,2023-10-15,6600.0,0
INS_001211,BNP Paribas Cardif,Stationnement endommagé,2023-08-17,8900.0,1
INS_000895,Société Générale Assurances,Collision simple,2025-01-10,4800.0,1
INS_000895,Generali,Collision avec piéton,2023-06-10,6300.0,1
INS_000895,Groupama,Inondation / submersion,2025-01-11,6200.0,0
INS_003761,Macif,Collision multi-véhicules,2023-12-15,4900.0,0
INS_001120,Société Générale Assurances,Vol à la roulette,2026-02-09,2700.0,0
INS_001520,Generali,Inondation / submersion,2025-01-06,200.0,1
INS_001520,Société Générale Assurances,Vol à la roulette,2025-10-16,5700.0,0
INS_001520,Aviva,Accident corporel seul conducteur,2026-02-12,10000.0,1
INS_005970,Société Générale Assurances,Vol total du véhicule,2024-08-24,14600.0,0
INS_005970,AXA,Incendie criminel,2024-05-09,3900.0,0
INS_005970,Generali,Collision simple,2026-01-16,700.0,0
INS_005970,Allianz,Accident corporel seul conducteur,2024-06-09,1900.0,0
INS_004851,Allianz,Collision multi-véhicules,2025-12-25,200.0,0
INS_004851,Société Générale Assurances,Collision avec animal,2024-05-23,10200.0,0
INS_004851,Aviva,Collision avec animal,2024-08-07,3200.0,1
INS_004851,Aviva,Inondation / submersion,2024-02-03,2400.0,1
INS_002463,Maif,Incendie criminel,2024-09-11,3700.0,0
INS_005795,Aviva,Collision avec animal,2025-07-10,3400.0,0
INS_005795,AXA,Collision multi-véhicules,2024-04-14,7600.0,0
INS_005795,BNP Paribas Cardif,Vol à la roulette,2024-12-19,6300.0,1
INS_005795,Groupama,Accident corporel seul conducteur,2023-06-26,6200.0,0
INS_002096,Aviva,Vol à la roulette,2025-04-13,9400.0,0
INS_001426,Maif,Stationnement endommagé,2025-01-18,3700.0,0
INS_001426,BNP Paribas Cardif,Vol à la roulette,2024-12-18,5500.0,0
INS_001536,Generali,Stationnement endommagé,2024-05-31,8200.0,0
INS_001536,Generali,Bris de glace,2023-08-17,2600.0,0
INS_005336,Aviva,Vol total du véhicule,2023-11-29,6000.0,1
INS_005250,Aviva,Collision avec piéton,2025-05-21,12300.0,0
INS_005250,BNP Paribas Cardif,Bris de glace,2025-07-06,3700.0,1
INS_001126,Maif,Vol à la roulette,2024-07-16,200.0,1
INS_002434,AXA,Collision simple,2025-02-24,4900.0,1
INS_000694,BNP Paribas Cardif,Collision simple,2026-02-17,200.0,0
INS_004907,AXA,Dommages grêle,2024-05-06,200.0,0
INS_004907,Maif,Collision multi-véhicules,2026-04-03,4000.0,1
INS_004907,Maif,Incendie criminel,2024-03-19,9300.0,1
INS_004486,Maif,Vol à la roulette,2025-03-01,200.0,1
INS_005270,Macif,Inondation / submersion,2025-07-17,3500.0,0
INS_005270,BNP Paribas Cardif,Incendie accidentel,2024-12-22,7600.0,0
INS_005270,Generali,Vol total du véhicule,2024-04-29,200.0,1
INS_005270,Société Générale Assurances,Inondation / submersion,2025-01-03,2200.0,1
INS_005270,AXA,Tentative de vol avec dégradation,2026-01-26,9400.0,0
INS_003795,Allianz,Vol à la roulette,2026-05-18,10100.0,0
INS_003732,AXA,Dommages grêle,2025-12-02,11200.0,1
INS_005190,Maif,Bris de glace,2026-05-15,8100.0,0
INS_003889,Allianz,Incendie accidentel,2024-09-29,3500.0,0
INS_003889,Maif,Vol à la roulette,2023-07-04,1800.0,1
INS_001729,Maif,Collision avec animal,2023-11-10,3300.0,1
INS_001729,Aviva,Incendie accidentel,2024-02-15,10300.0,1
INS_001729,Société Générale Assurances,Collision multi-véhicules,2025-05-29,6300.0,0
INS_001729,Société Générale Assurances,Dommages grêle,2025-12-01,5700.0,0
INS_001729,AXA,Vol à la roulette,2023-11-25,8900.0,0
INS_002366,AXA,Incendie criminel,2025-04-01,200.0,0
INS_002366,Allianz,Inondation / submersion,2025-01-23,6900.0,0
INS_000905,Aviva,Stationnement endommagé,2026-02-10,4700.0,0
INS_005379,Aviva,Collision multi-véhicules,2023-09-02,1100.0,1
INS_003653,BNP Paribas Cardif,Accident corporel seul conducteur,2025-08-07,4200.0,0
INS_003653,Groupama,Vol à la roulette,2025-12-28,7000.0,0
INS_001222,Aviva,Stationnement endommagé,2024-01-10,200.0,0
INS_001704,Generali,Collision avec piéton,2023-11-16,3200.0,0
INS_000324,Aviva,Incendie criminel,2023-06-13,200.0,0
INS_003744,Maif,Accident corporel seul conducteur,2025-12-31,3100.0,0
INS_003744,Groupama,Collision multi-véhicules,2026-03-26,200.0,0
INS_003744,Société Générale Assurances,Dommages grêle,2024-12-19,2000.0,0
INS_003744,Maif,Collision multi-véhicules,2026-05-04,200.0,0
INS_003744,Maif,Collision avec animal,2023-10-11,10400.0,0
INS_001851,Generali,Vol à la roulette,2024-09-21,8300.0,0
INS_001851,AXA,Incendie accidentel,2026-01-06,4300.0,0
INS_001851,Société Générale Assurances,Collision simple,2024-11-02,7800.0,0
INS_001851,Groupama,Incendie criminel,2024-07-25,4300.0,0
INS_002584,Generali,Collision avec piéton,2024-09-05,8800.0,0
INS_002584,Société Générale Assurances,Collision avec piéton,2025-01-08,12700.0,1
INS_002584,Maif,Inondation / submersion,2025-05-22,6100.0,1
INS_002584,Allianz,Collision simple,2024-05-30,4800.0,0
INS_002584,Macif,Inondation / submersion,2024-10-23,200.0,1
INS_004039,Allianz,Collision simple,2024-12-25,7300.0,0
INS_004039,Allianz,Collision avec piéton,2025-08-12,200.0,1
INS_000816,Société Générale Assurances,Collision avec animal,2026-05-05,2800.0,0
INS_000816,Aviva,Bris de glace,2025-07-25,6500.0,1
INS_001737,Generali,Tentative de vol avec dégradation,2023-11-05,3400.0,1
INS_001737,AXA,Incendie accidentel,2024-11-30,200.0,0
INS_001737,Generali,Accident corporel seul conducteur,2026-02-19,1000.0,1
INS_001737,Generali,Accident corporel seul conducteur,2024-09-28,2700.0,0
INS_003197,Macif,Tentative de vol avec dégradation,2024-01-29,5000.0,0
INS_000563,Generali,Stationnement endommagé,2024-03-15,200.0,0
INS_004106,BNP Paribas Cardif,Tentative de vol avec dégradation,2026-04-23,2100.0,0
INS_003643,Allianz,Dommages grêle,2026-04-08,900.0,0
INS_003643,Aviva,Vol à la roulette,2023-06-02,4100.0,0
INS_003643,Allianz,Tentative de vol avec dégradation,2023-12-11,200.0,1
INS_003643,Société Générale Assurances,Inondation / submersion,2025-01-03,9300.0,0
INS_003643,Macif,Inondation / submersion,2025-11-13,200.0,0
INS_003821,Macif,Collision multi-véhicules,2024-03-12,3900.0,0
INS_003821,BNP Paribas Cardif,Vol total du véhicule,2025-04-19,2400.0,0
INS_003821,Groupama,Stationnement endommagé,2025-11-02,6200.0,0
INS_003821,Société Générale Assurances,Collision simple,2025-08-29,2900.0,0
INS_003821,Allianz,Bris de glace,2026-05-02,600.0,1
INS_002082,AXA,Inondation / submersion,2025-04-22,8600.0,1
INS_002082,Groupama,Tentative de vol avec dégradation,2024-07-02,4200.0,0
INS_004734,Société Générale Assurances,Dommages grêle,2024-02-16,7300.0,0
INS_004734,Société Générale Assurances,Collision simple,2026-01-26,5400.0,0
INS_004734,Société Générale Assurances,Vol total du véhicule,2023-12-02,7200.0,0
INS_004075,BNP Paribas Cardif,Collision avec piéton,2026-04-05,3100.0,0
INS_004075,Generali,Inondation / submersion,2023-10-14,9200.0,0
INS_004211,Groupama,Collision multi-véhicules,2025-10-23,6000.0,0
INS_004853,Société Générale Assurances,Collision avec animal,2025-11-30,200.0,1
INS_004853,Groupama,Incendie criminel,2024-11-23,4200.0,0
INS_002948,Société Générale Assurances,Dégradation volontaire,2025-07-16,4000.0,1
INS_001712,Maif,Collision avec piéton,2023-07-05,13300.0,0
INS_005842,Macif,Bris de glace,2024-02-29,9000.0,1
INS_005842,Generali,Bris de glace,2024-01-14,4300.0,0
INS_005842,Generali,Collision avec piéton,2024-12-27,4800.0,0
INS_005842,Allianz,Dégradation volontaire,2025-07-07,200.0,0
INS_001336,Macif,Inondation / submersion,2024-10-21,3200.0,1
INS_002630,Aviva,Collision multi-véhicules,2023-07-31,200.0,1
INS_002630,Allianz,Inondation / submersion,2023-10-10,700.0,0
INS_002630,Maif,Collision multi-véhicules,2024-10-13,200.0,0
INS_002630,Maif,Vol total du véhicule,2025-08-20,10000.0,1
INS_005330,BNP Paribas Cardif,Tentative de vol avec dégradation,2025-05-28,8400.0,1
INS_002612,Allianz,Collision avec piéton,2023-10-11,200.0,1
INS_002612,AXA,Collision avec piéton,2025-01-18,10900.0,0
INS_002612,Aviva,Collision simple,2025-11-05,1200.0,0
INS_002023,Aviva,Collision avec piéton,2025-10-29,5800.0,0
INS_002609,AXA,Inondation / submersion,2026-03-02,6700.0,0
INS_002609,AXA,Incendie accidentel,2023-06-19,2200.0,0
INS_002609,Macif,Bris de glace,2025-07-11,1300.0,1
INS_002609,Groupama,Dégradation volontaire,2025-10-06,10300.0,0
INS_002609,Groupama,Dommages grêle,2023-07-10,4800.0,0
INS_002652,Allianz,Accident corporel seul conducteur,2025-07-30,7400.0,0
INS_002652,Aviva,Tentative de vol avec dégradation,2023-11-09,5600.0,0
INS_004674,Macif,Stationnement endommagé,2024-06-04,200.0,0
INS_002790,Generali,Tentative de vol avec dégradation,2024-04-08,1200.0,0
INS_002790,Generali,Dommages grêle,2024-08-17,2200.0,1
INS_002790,Maif,Vol à la roulette,2025-03-17,8200.0,0
INS_000983,Macif,Incendie accidentel,2025-10-07,3100.0,0
INS_002580,Maif,Stationnement endommagé,2025-06-13,400.0,1
INS_002214,Aviva,Collision avec animal,2026-05-05,4000.0,0
INS_002214,Generali,Incendie criminel,2025-10-14,200.0,0
INS_000864,Groupama,Bris de glace,2026-01-28,2400.0,0
INS_002389,Société Générale Assurances,Collision simple,2026-05-07,1500.0,0
INS_002033,Allianz,Vol à la roulette,2025-05-06,5600.0,1
INS_003449,Aviva,Vol à la roulette,2024-04-11,200.0,0
INS_003449,Allianz,Vol à la roulette,2023-09-16,7700.0,0
INS_000443,Aviva,Vol total du véhicule,2024-10-29,200.0,0
INS_000443,Macif,Dégradation volontaire,2025-01-26,200.0,0
INS_000443,Groupama,Tentative de vol avec dégradation,2025-12-16,1500.0,0
INS_002367,Société Générale Assurances,Tentative de vol avec dégradation,2023-08-09,5000.0,0
INS_001966,Allianz,Dommages grêle,2025-10-06,3800.0,1
INS_005435,Maif,Incendie criminel,2024-08-29,10200.0,0
INS_004040,Aviva,Collision simple,2025-10-01,8400.0,1
INS_004040,Allianz,Incendie accidentel,2024-04-02,4600.0,0
INS_004040,BNP Paribas Cardif,Dégradation volontaire,2026-01-02,4100.0,1
INS_001042,Generali,Dommages grêle,2024-10-11,3700.0,0
INS_001042,Aviva,Collision multi-véhicules,2024-12-24,4300.0,0
INS_002351,Macif,Collision multi-véhicules,2025-12-03,13200.0,0
INS_001928,Groupama,Collision avec piéton,2026-05-11,200.0,0
INS_005872,Generali,Vol total du véhicule,2024-06-05,10100.0,0
INS_005872,Maif,Accident corporel seul conducteur,2025-03-23,10900.0,0
INS_005872,BNP Paribas Cardif,Vol à la roulette,2024-04-15,16400.0,0
INS_005872,AXA,Incendie accidentel,2026-04-18,5600.0,0
INS_004429,Maif,Vol total du véhicule,2024-12-10,2500.0,0
INS_005179,Aviva,Dommages grêle,2026-03-07,15000.0,1
INS_002410,Macif,Incendie accidentel,2024-03-10,10200.0,0
INS_002410,Groupama,Dégradation volontaire,2025-05-30,3600.0,1
INS_004575,Generali,Incendie accidentel,2024-11-23,200.0,0
INS_004575,BNP Paribas Cardif,Collision simple,2024-01-31,12500.0,0
INS_004575,Société Générale Assurances,Stationnement endommagé,2023-12-17,7700.0,0
INS_003313,AXA,Inondation / submersion,2023-12-07,8300.0,0
INS_000267,Generali,Collision avec animal,2025-12-10,9000.0,0
INS_003492,Aviva,Accident corporel seul conducteur,2026-04-17,4600.0,0
INS_002156,Société Générale Assurances,Accident corporel seul conducteur,2023-11-20,11900.0,1
INS_005659,Groupama,Collision avec animal,2025-01-11,6400.0,0
INS_002445,Aviva,Vol à la roulette,2024-05-22,200.0,1
INS_002445,Aviva,Tentative de vol avec dégradation,2024-12-31,200.0,0
INS_002445,Macif,Collision simple,2026-02-25,2500.0,0
INS_002460,Macif,Stationnement endommagé,2024-09-16,15400.0,0
INS_002460,Allianz,Collision avec piéton,2023-06-06,300.0,0
INS_002460,Aviva,Accident corporel seul conducteur,2025-12-11,200.0,1
INS_001264,Société Générale Assurances,Collision multi-véhicules,2026-01-26,4600.0,1
INS_002972,Maif,Collision multi-véhicules,2024-02-12,5300.0,1
INS_000409,Groupama,Inondation / submersion,2025-03-29,200.0,0
INS_000409,Macif,Vol à la roulette,2026-03-21,200.0,0
INS_000409,Macif,Vol total du véhicule,2025-02-22,5800.0,0
INS_000409,Société Générale Assurances,Tentative de vol avec dégradation,2025-03-05,5800.0,0
INS_005529,Generali,Stationnement endommagé,2025-12-03,5400.0,1
INS_005529,Generali,Vol à la roulette,2026-04-10,11500.0,0
INS_005529,Generali,Dommages grêle,2024-08-30,10200.0,0
INS_003127,Société Générale Assurances,Accident corporel seul conducteur,2023-06-29,8000.0,0
INS_004744,Maif,Vol total du véhicule,2024-08-20,3000.0,0
INS_001574,Aviva,Accident corporel seul conducteur,2025-04-22,200.0,1
INS_002034,Société Générale Assurances,Collision multi-véhicules,2025-03-07,3400.0,0
INS_004071,AXA,Stationnement endommagé,2024-01-07,8600.0,0
INS_005764,Macif,Collision simple,2023-08-27,13600.0,1
INS_003980,BNP Paribas Cardif,Dégradation volontaire,2026-03-25,1400.0,0
INS_005146,Maif,Incendie criminel,2023-07-16,9400.0,0
INS_005146,Société Générale Assurances,Vol à la roulette,2025-12-22,1800.0,1
INS_005146,Macif,Dommages grêle,2024-02-18,9000.0,1
INS_005146,Société Générale Assurances,Incendie criminel,2024-12-06,200.0,1
INS_000400,Groupama,Tentative de vol avec dégradation,2025-06-24,5600.0,1
INS_000400,Allianz,Accident corporel seul conducteur,2024-02-14,4500.0,0
INS_000827,Aviva,Inondation / submersion,2026-03-27,3200.0,1
INS_000827,Generali,Inondation / submersion,2024-11-22,200.0,1
INS_002674,Aviva,Incendie criminel,2025-12-31,4000.0,1
INS_002913,Groupama,Collision avec piéton,2024-07-11,2500.0,1
INS_002913,Aviva,Collision avec piéton,2025-01-11,4800.0,0
INS_000138,BNP Paribas Cardif,Dégradation volontaire,2024-02-21,2200.0,0
INS_000138,Macif,Vol total du véhicule,2024-09-02,5800.0,0
INS_004336,AXA,Dégradation volontaire,2025-04-09,5500.0,1
INS_004336,Aviva,Stationnement endommagé,2024-05-11,4000.0,1
INS_005864,Macif,Accident corporel seul conducteur,2026-01-22,2400.0,0
INS_000009,AXA,Collision multi-véhicules,2025-09-21,6400.0,0
INS_005031,Macif,Incendie criminel,2023-08-16,6400.0,0
INS_001656,Allianz,Collision avec animal,2025-01-07,5700.0,1
INS_001656,Groupama,Stationnement endommagé,2023-06-13,10700.0,0
INS_001656,Maif,Collision multi-véhicules,2023-10-01,4900.0,0
INS_004693,Allianz,Accident corporel seul conducteur,2025-11-08,1700.0,1
INS_002784,Groupama,Inondation / submersion,2024-01-07,900.0,0
INS_002784,Generali,Inondation / submersion,2024-03-28,8900.0,0
INS_004265,AXA,Accident corporel seul conducteur,2025-10-27,8000.0,1
INS_004265,Groupama,Inondation / submersion,2024-05-17,5800.0,0
INS_004265,Groupama,Collision multi-véhicules,2024-10-09,8400.0,0
INS_004265,Société Générale Assurances,Collision simple,2023-10-14,1300.0,1
INS_004265,Groupama,Collision simple,2025-05-13,3300.0,0
INS_002362,Macif,Collision avec animal,2024-11-14,5800.0,0
INS_002362,Maif,Collision simple,2024-12-06,11500.0,0
INS_002723,Aviva,Incendie accidentel,2024-10-12,500.0,1
INS_002723,AXA,Collision multi-véhicules,2026-05-23,5800.0,0
INS_002225,Macif,Accident corporel seul conducteur,2026-03-05,3300.0,0
INS_005963,Macif,Collision avec animal,2024-06-29,7000.0,1
INS_005963,Generali,Vol à la roulette,2024-09-09,1300.0,0
INS_005963,Allianz,Tentative de vol avec dégradation,2025-04-05,6700.0,0
INS_000056,Société Générale Assurances,Tentative de vol avec dégradation,2024-10-14,3500.0,0
INS_000056,BNP Paribas Cardif,Vol total du véhicule,2026-02-23,6800.0,0
INS_002627,Groupama,Collision avec piéton,2025-05-26,6500.0,0
INS_002627,Macif,Collision avec animal,2024-04-14,7100.0,0
INS_005366,Société Générale Assurances,Bris de glace,2026-04-12,4800.0,0
INS_003187,Macif,Vol à la roulette,2024-06-02,6600.0,1
INS_005065,Aviva,Dégradation volontaire,2024-06-05,6800.0,1
INS_001958,Société Générale Assurances,Collision avec animal,2025-02-08,2500.0,0
INS_005653,Aviva,Collision avec piéton,2026-04-29,900.0,0
INS_000377,Aviva,Collision simple,2023-06-22,8600.0,0
INS_002083,Macif,Collision avec piéton,2024-06-04,12100.0,0
INS_003884,BNP Paribas Cardif,Incendie criminel,2026-02-01,1900.0,0
INS_003367,AXA,Tentative de vol avec dégradation,2024-02-13,3200.0,1
INS_004116,BNP Paribas Cardif,Collision multi-véhicules,2025-04-14,1500.0,0
INS_000505,Société Générale Assurances,Stationnement endommagé,2023-10-19,8300.0,0
INS_004529,Maif,Dégradation volontaire,2025-07-12,200.0,1
INS_004529,Macif,Collision avec animal,2023-08-24,9300.0,1
INS_002901,Aviva,Collision avec animal,2023-09-28,1200.0,1
INS_003248,BNP Paribas Cardif,Incendie accidentel,2024-12-09,10800.0,0
INS_003248,Generali,Tentative de vol avec dégradation,2026-01-09,7100.0,0
INS_003248,Groupama,Vol total du véhicule,2026-04-08,6700.0,1
INS_003248,Aviva,Dégradation volontaire,2024-04-03,900.0,0
INS_004493,Société Générale Assurances,Collision multi-véhicules,2023-08-15,200.0,1
INS_001929,Aviva,Vol à la roulette,2024-01-26,4200.0,0
INS_001929,Aviva,Stationnement endommagé,2024-06-07,8100.0,0
INS_005167,Maif,Collision avec piéton,2023-11-17,4100.0,1
INS_005167,Allianz,Stationnement endommagé,2024-05-02,6100.0,1
INS_005167,Generali,Collision avec piéton,2025-08-13,3600.0,0
INS_005167,Aviva,Incendie accidentel,2025-05-21,700.0,0
INS_000445,Allianz,Inondation / submersion,2024-07-01,6200.0,0
INS_000445,Macif,Inondation / submersion,2025-10-28,7600.0,0
INS_000445,Groupama,Tentative de vol avec dégradation,2023-08-01,7200.0,0
INS_002912,AXA,Vol total du véhicule,2024-10-03,200.0,1
INS_005299,Macif,Incendie criminel,2025-05-27,9200.0,1
INS_005299,Aviva,Dégradation volontaire,2024-12-26,4300.0,0
INS_005299,Macif,Collision multi-véhicules,2026-04-30,3500.0,0
INS_004308,Aviva,Collision simple,2023-11-21,4800.0,0
INS_001943,Maif,Incendie criminel,2025-09-04,10900.0,0
INS_002265,Groupama,Stationnement endommagé,2024-07-31,11400.0,1
INS_002265,BNP Paribas Cardif,Dommages grêle,2024-05-03,6200.0,0
INS_002265,AXA,Tentative de vol avec dégradation,2026-01-07,6500.0,0
INS_002523,AXA,Dommages grêle,2025-03-24,4400.0,0
INS_000248,Société Générale Assurances,Collision avec animal,2025-07-11,8500.0,0
INS_000248,Aviva,Incendie accidentel,2023-09-04,3200.0,1
INS_000248,Aviva,Dégradation volontaire,2025-11-23,8000.0,0
INS_000248,Groupama,Dégradation volontaire,2024-07-09,4900.0,0
INS_005945,Allianz,Bris de glace,2024-04-13,5600.0,0
INS_005945,BNP Paribas Cardif,Inondation / submersion,2024-04-14,10000.0,0
INS_005945,AXA,Incendie accidentel,2023-11-05,5500.0,0
INS_005945,Maif,Vol à la roulette,2025-10-22,4600.0,0
INS_005945,AXA,Collision avec piéton,2023-07-09,8400.0,0
INS_003751,Allianz,Incendie accidentel,2025-10-26,7600.0,1
INS_002969,Société Générale Assurances,Inondation / submersion,2023-10-21,300.0,0
INS_002969,BNP Paribas Cardif,Collision simple,2025-04-16,3100.0,1
INS_002969,Groupama,Bris de glace,2025-09-10,4000.0,1
INS_002969,AXA,Bris de glace,2026-01-16,200.0,0
INS_002969,BNP Paribas Cardif,Bris de glace,2024-10-14,2600.0,0
INS_004861,Maif,Dommages grêle,2023-06-23,8600.0,0
INS_004861,AXA,Stationnement endommagé,2025-08-03,13900.0,0
INS_004861,Société Générale Assurances,Tentative de vol avec dégradation,2025-01-14,10300.0,0
INS_005598,Groupama,Dégradation volontaire,2024-04-19,200.0,0
INS_005598,BNP Paribas Cardif,Dommages grêle,2023-07-27,7000.0,1
INS_004018,AXA,Collision multi-véhicules,2025-11-12,7200.0,0
INS_000434,Generali,Dégradation volontaire,2024-06-26,4500.0,0
INS_001020,Maif,Vol à la roulette,2025-12-21,200.0,0
INS_001020,Allianz,Dommages grêle,2023-11-30,6800.0,1
INS_002261,BNP Paribas Cardif,Collision simple,2026-03-18,9400.0,1
INS_001454,Société Générale Assurances,Tentative de vol avec dégradation,2025-10-03,4800.0,0
INS_005436,Maif,Tentative de vol avec dégradation,2025-08-11,3200.0,1
INS_000169,Macif,Vol total du véhicule,2024-04-01,1100.0,0
INS_001969,Macif,Incendie accidentel,2026-05-16,5400.0,0
INS_001649,Macif,Vol total du véhicule,2023-06-05,11200.0,0
INS_003505,BNP Paribas Cardif,Vol total du véhicule,2025-07-03,4000.0,0
INS_003505,Maif,Tentative de vol avec dégradation,2025-02-22,10600.0,0
INS_003505,Société Générale Assurances,Dégradation volontaire,2026-05-24,1400.0,0
INS_005367,Allianz,Bris de glace,2024-09-15,1100.0,0
INS_005367,Société Générale Assurances,Vol total du véhicule,2024-04-07,10500.0,1
INS_005309,Groupama,Incendie accidentel,2025-11-26,4900.0,0
INS_003120,Aviva,Stationnement endommagé,2025-10-03,200.0,1
INS_003120,Aviva,Collision simple,2025-02-15,8200.0,1
INS_004456,Aviva,Incendie accidentel,2023-09-01,200.0,0
INS_004456,Allianz,Collision multi-véhicules,2025-10-15,13000.0,0
INS_004456,AXA,Vol à la roulette,2023-08-31,3300.0,1
INS_004456,Société Générale Assurances,Inondation / submersion,2025-01-19,8400.0,1
INS_001843,AXA,Incendie criminel,2023-07-07,4200.0,0
INS_001843,BNP Paribas Cardif,Dégradation volontaire,2025-07-21,5600.0,0
INS_001843,Groupama,Inondation / submersion,2025-05-18,13100.0,1
INS_001843,Société Générale Assurances,Tentative de vol avec dégradation,2024-06-16,11300.0,1
INS_001843,Maif,Stationnement endommagé,2025-02-10,5900.0,0
INS_002451,Maif,Dégradation volontaire,2025-02-22,5200.0,0
INS_002451,Maif,Incendie criminel,2023-07-31,200.0,1
INS_002451,BNP Paribas Cardif,Inondation / submersion,2023-06-24,200.0,0
INS_002451,Groupama,Accident corporel seul conducteur,2026-03-04,8700.0,0
INS_002451,Maif,Inondation / submersion,2024-10-31,1300.0,1
INS_000291,Allianz,Incendie criminel,2026-02-19,3000.0,1
INS_000291,Macif,Accident corporel seul conducteur,2023-08-31,8600.0,0
INS_001267,Maif,Incendie accidentel,2025-10-19,200.0,1
INS_000841,Société Générale Assurances,Dégradation volontaire,2025-05-13,6000.0,0
INS_001010,AXA,Collision avec piéton,2026-02-10,5500.0,0
INS_000237,Generali,Collision simple,2024-05-16,6200.0,0
INS_000237,Allianz,Collision avec animal,2024-08-13,200.0,0
INS_000237,AXA,Inondation / submersion,2023-08-28,2400.0,0
INS_000237,Groupama,Dommages grêle,2026-02-05,2500.0,1
INS_002203,Macif,Collision avec piéton,2023-08-29,3100.0,0
INS_002834,Macif,Dommages grêle,2026-04-19,8300.0,1
INS_002834,Allianz,Collision avec piéton,2023-09-27,11100.0,1
INS_002442,AXA,Vol total du véhicule,2025-10-18,2100.0,0
INS_004675,AXA,Vol à la roulette,2025-08-15,10100.0,0
INS_004257,Groupama,Vol total du véhicule,2025-08-02,13400.0,0
INS_000338,Macif,Accident corporel seul conducteur,2024-02-05,4000.0,0
INS_002357,Macif,Bris de glace,2025-10-19,200.0,1
INS_002357,Société Générale Assurances,Collision multi-véhicules,2025-07-12,5100.0,1
INS_004830,BNP Paribas Cardif,Collision avec piéton,2024-10-25,1800.0,0
INS_004963,BNP Paribas Cardif,Incendie criminel,2024-01-02,1100.0,0
INS_004963,BNP Paribas Cardif,Stationnement endommagé,2025-03-14,4100.0,0
INS_004963,Macif,Inondation / submersion,2025-06-15,7600.0,0
INS_003233,Generali,Inondation / submersion,2024-09-10,5800.0,1
INS_003233,AXA,Tentative de vol avec dégradation,2023-12-04,300.0,1
INS_004930,AXA,Vol à la roulette,2024-10-13,8700.0,0
INS_001537,Maif,Dégradation volontaire,2025-01-14,15800.0,0
INS_002510,Aviva,Collision simple,2023-08-29,3900.0,0
INS_004749,Allianz,Collision avec piéton,2024-11-16,7600.0,0
INS_004749,Allianz,Incendie criminel,2024-04-08,6000.0,0
INS_004749,BNP Paribas Cardif,Stationnement endommagé,2023-10-13,17000.0,0
INS_004749,Macif,Accident corporel seul conducteur,2025-09-13,200.0,0
INS_001745,Groupama,Incendie accidentel,2023-11-07,12100.0,0
INS_005692,Maif,Bris de glace,2025-09-19,3900.0,0
INS_003466,Groupama,Dégradation volontaire,2025-04-03,3200.0,0
INS_003466,Groupama,Collision avec piéton,2026-01-17,10800.0,0
INS_003466,BNP Paribas Cardif,Vol total du véhicule,2025-07-09,11100.0,0
INS_003366,Groupama,Vol total du véhicule,2024-11-26,200.0,1
INS_003581,Generali,Collision multi-véhicules,2026-05-19,1000.0,0
INS_003581,Allianz,Collision simple,2023-07-08,5900.0,0
INS_001617,Macif,Collision simple,2024-04-07,200.0,0
INS_001617,Aviva,Incendie accidentel,2025-12-22,200.0,0
INS_001617,Generali,Inondation / submersion,2025-01-29,8900.0,0
INS_002539,Generali,Dommages grêle,2023-11-20,14500.0,0
INS_002539,BNP Paribas Cardif,Collision multi-véhicules,2024-12-22,3300.0,1
INS_002539,AXA,Vol à la roulette,2025-03-16,7800.0,0
INS_002539,Macif,Bris de glace,2025-01-24,9500.0,1
INS_005891,Maif,Stationnement endommagé,2025-05-01,4300.0,1
INS_003402,Maif,Tentative de vol avec dégradation,2025-07-13,7600.0,1
INS_003402,AXA,Inondation / submersion,2025-02-17,11200.0,1
INS_003402,Generali,Incendie criminel,2025-06-06,7000.0,1
INS_005474,Groupama,Dommages grêle,2024-04-21,5100.0,0
INS_000442,Groupama,Collision simple,2024-06-24,5200.0,1
INS_000442,BNP Paribas Cardif,Incendie accidentel,2023-12-18,5500.0,0
INS_003063,Aviva,Dommages grêle,2025-11-14,5700.0,1
INS_002648,Aviva,Collision simple,2023-09-21,2800.0,0
INS_002648,Allianz,Bris de glace,2025-02-14,5900.0,1
INS_004914,Macif,Vol à la roulette,2025-03-02,2000.0,0
INS_003684,Aviva,Vol total du véhicule,2024-12-08,5100.0,0
INS_003684,Aviva,Vol à la roulette,2023-08-10,11500.0,0
INS_003684,BNP Paribas Cardif,Incendie criminel,2024-01-18,5600.0,0
INS_003684,Groupama,Incendie accidentel,2024-05-11,8800.0,0
INS_003684,Aviva,Dégradation volontaire,2026-04-16,9400.0,0
INS_001558,Société Générale Assurances,Collision multi-véhicules,2025-07-30,5600.0,1
INS_004711,Maif,Dégradation volontaire,2025-06-27,10200.0,0
INS_004711,Aviva,Dommages grêle,2023-09-06,6400.0,0
INS_004711,Allianz,Accident corporel seul conducteur,2026-04-11,4500.0,1
INS_004711,Allianz,Vol à la roulette,2024-02-05,700.0,0
INS_000328,Generali,Vol à la roulette,2024-09-09,2300.0,0
INS_002138,BNP Paribas Cardif,Collision multi-véhicules,2025-12-26,200.0,0
INS_002940,Société Générale Assurances,Collision avec piéton,2024-08-04,4500.0,1
INS_002940,Société Générale Assurances,Collision avec animal,2023-07-24,300.0,0
INS_002940,Société Générale Assurances,Incendie accidentel,2024-04-19,200.0,0
INS_002757,AXA,Vol total du véhicule,2026-03-05,1200.0,1
INS_002423,AXA,Collision simple,2026-01-14,200.0,0
INS_004856,Aviva,Bris de glace,2026-05-15,12700.0,0
INS_004856,Allianz,Accident corporel seul conducteur,2026-02-17,1600.0,0
INS_003411,Aviva,Bris de glace,2023-08-27,600.0,1
INS_001526,Groupama,Collision avec piéton,2025-12-21,3900.0,1
INS_001526,BNP Paribas Cardif,Collision simple,2024-01-19,5300.0,1
INS_001526,Société Générale Assurances,Tentative de vol avec dégradation,2025-01-15,8800.0,0
INS_001819,Macif,Vol total du véhicule,2025-02-01,6500.0,0
INS_001819,Macif,Collision simple,2025-04-02,200.0,1
INS_001581,Aviva,Dommages grêle,2026-01-23,3800.0,0
INS_001581,Allianz,Vol à la roulette,2025-10-11,4700.0,0
INS_001581,Aviva,Vol à la roulette,2024-11-01,800.0,0
INS_005890,Macif,Incendie criminel,2023-07-04,200.0,0
INS_001734,Generali,Incendie accidentel,2025-11-02,1800.0,0
INS_001734,BNP Paribas Cardif,Vol total du véhicule,2023-06-28,7000.0,0
INS_001734,Maif,Incendie accidentel,2024-02-12,800.0,0
INS_001734,Groupama,Dégradation volontaire,2024-01-06,200.0,1
INS_001734,Société Générale Assurances,Bris de glace,2023-11-16,200.0,1
INS_000605,Generali,Dommages grêle,2025-09-08,6500.0,0
INS_005103,Macif,Incendie criminel,2026-05-10,7300.0,1
INS_005103,AXA,Incendie criminel,2024-03-19,6700.0,0
INS_005103,Macif,Bris de glace,2025-10-17,200.0,0
INS_005103,BNP Paribas Cardif,Bris de glace,2025-03-05,5100.0,1
INS_005655,Groupama,Incendie criminel,2024-09-08,10600.0,0
INS_005655,AXA,Collision simple,2026-04-10,6100.0,0
INS_000384,Allianz,Collision multi-véhicules,2023-08-17,14400.0,0
INS_000384,Groupama,Tentative de vol avec dégradation,2026-01-30,6500.0,1
INS_000384,Generali,Inondation / submersion,2024-10-27,5100.0,0
INS_000384,Société Générale Assurances,Collision avec piéton,2024-07-27,1000.0,1
INS_004550,Société Générale Assurances,Collision avec piéton,2023-07-28,6000.0,0
INS_004550,Société Générale Assurances,Inondation / submersion,2025-07-18,3500.0,0
INS_004550,Aviva,Inondation / submersion,2024-10-04,8300.0,1
INS_004759,Macif,Collision avec animal,2025-08-26,3700.0,1
INS_000963,Aviva,Collision simple,2023-11-10,200.0,1
INS_005884,Allianz,Dégradation volontaire,2025-07-09,7500.0,0
INS_005884,Generali,Accident corporel seul conducteur,2025-05-10,6000.0,0
INS_001777,Groupama,Vol à la roulette,2023-11-08,6300.0,0
INS_004446,Aviva,Dégradation volontaire,2023-08-16,2200.0,0
INS_004446,Generali,Dommages grêle,2024-07-12,10700.0,1
INS_004007,Aviva,Vol à la roulette,2025-08-21,700.0,0
INS_004007,Société Générale Assurances,Incendie accidentel,2023-10-01,6400.0,0
INS_004007,BNP Paribas Cardif,Collision avec piéton,2023-06-23,10700.0,1
INS_004007,Société Générale Assurances,Dommages grêle,2023-12-26,9700.0,0
INS_003861,Macif,Collision avec animal,2024-11-21,3000.0,0
INS_003861,AXA,Collision avec piéton,2025-04-29,4800.0,0
INS_001567,Société Générale Assurances,Accident corporel seul conducteur,2025-07-31,200.0,1
INS_004491,BNP Paribas Cardif,Collision avec animal,2023-09-04,7700.0,1
INS_000214,Société Générale Assurances,Collision multi-véhicules,2026-04-25,5100.0,0
INS_000214,Maif,Incendie criminel,2025-05-31,6500.0,0
INS_000214,BNP Paribas Cardif,Collision avec animal,2026-04-30,4000.0,0
INS_000276,Société Générale Assurances,Vol total du véhicule,2023-07-25,5800.0,0
INS_000276,AXA,Dégradation volontaire,2025-09-16,400.0,0
INS_000276,Generali,Collision avec animal,2025-06-20,17200.0,0
INS_003655,Macif,Collision multi-véhicules,2024-09-18,200.0,1
INS_005900,Allianz,Collision avec animal,2025-12-09,200.0,1
INS_004580,Allianz,Bris de glace,2023-06-28,4100.0,1
INS_004580,Generali,Stationnement endommagé,2023-12-18,3600.0,1
INS_005296,Macif,Tentative de vol avec dégradation,2025-12-20,1200.0,0
INS_005296,Macif,Vol à la roulette,2025-03-26,10800.0,0
INS_005296,Société Générale Assurances,Collision avec piéton,2025-12-23,5800.0,0
INS_000771,Groupama,Collision simple,2024-01-06,6100.0,0
INS_000771,AXA,Vol à la roulette,2024-09-02,4900.0,0
INS_004681,Groupama,Collision avec animal,2026-01-03,11900.0,0
INS_005099,Macif,Vol total du véhicule,2023-06-19,1300.0,0
INS_004522,Groupama,Dégradation volontaire,2024-06-07,4600.0,1
INS_004522,AXA,Dégradation volontaire,2025-03-21,200.0,1
INS_004522,BNP Paribas Cardif,Incendie criminel,2024-08-09,5700.0,1
INS_004522,Maif,Incendie criminel,2025-03-10,6900.0,0
INS_003711,Maif,Tentative de vol avec dégradation,2025-11-28,5000.0,0
INS_003711,Macif,Vol total du véhicule,2024-08-03,6300.0,0
INS_000089,BNP Paribas Cardif,Dommages grêle,2025-06-16,8000.0,0
INS_000089,Groupama,Tentative de vol avec dégradation,2024-02-19,4400.0,0
INS_000089,BNP Paribas Cardif,Collision simple,2025-07-18,3500.0,1
INS_000089,Groupama,Bris de glace,2026-05-11,2800.0,1
INS_000089,AXA,Collision multi-véhicules,2024-02-21,10100.0,1
INS_004743,Allianz,Dégradation volontaire,2025-06-20,5500.0,0
INS_005801,AXA,Vol total du véhicule,2023-07-29,6000.0,0
INS_003522,Macif,Vol à la roulette,2024-11-16,8700.0,1
INS_004173,BNP Paribas Cardif,Collision multi-véhicules,2025-08-16,4800.0,0
INS_004173,Société Générale Assurances,Accident corporel seul conducteur,2024-05-08,2800.0,0
INS_004173,Aviva,Collision avec animal,2025-11-08,6300.0,0
INS_004154,Maif,Incendie criminel,2025-09-28,200.0,1
INS_004864,Generali,Inondation / submersion,2025-02-19,1600.0,1
INS_004864,Generali,Incendie criminel,2025-12-30,4600.0,0
INS_001638,Groupama,Stationnement endommagé,2023-08-06,4800.0,0
INS_001638,Aviva,Accident corporel seul conducteur,2025-05-13,5200.0,0
INS_001638,Macif,Dommages grêle,2025-01-28,200.0,1
INS_001638,Allianz,Stationnement endommagé,2023-12-28,15300.0,0
INS_005624,Allianz,Accident corporel seul conducteur,2023-12-12,4900.0,0
INS_005624,Aviva,Vol à la roulette,2024-04-16,3000.0,0
INS_005624,Maif,Vol à la roulette,2025-12-06,7700.0,0
INS_000725,Groupama,Inondation / submersion,2025-10-17,11000.0,0
INS_003552,Generali,Bris de glace,2024-08-13,2200.0,0
INS_003552,Société Générale Assurances,Tentative de vol avec dégradation,2026-01-24,12700.0,0
INS_003552,AXA,Bris de glace,2025-09-25,1200.0,0
INS_002626,Allianz,Collision simple,2024-04-11,5400.0,1
INS_004868,Allianz,Incendie criminel,2026-01-16,11500.0,1
INS_004448,AXA,Vol total du véhicule,2025-01-08,2000.0,1
INS_004448,Aviva,Bris de glace,2024-12-22,2300.0,1
INS_001752,Maif,Tentative de vol avec dégradation,2023-12-23,11600.0,0
INS_001845,Allianz,Bris de glace,2026-01-09,6200.0,0
INS_004362,Groupama,Incendie criminel,2023-11-29,8600.0,1
INS_000541,Generali,Dégradation volontaire,2024-10-20,5500.0,1
INS_001474,Société Générale Assurances,Accident corporel seul conducteur,2025-03-13,4000.0,0
INS_001474,Macif,Bris de glace,2023-05-31,3400.0,0
INS_001474,Maif,Tentative de vol avec dégradation,2025-02-17,200.0,1
INS_004801,Groupama,Collision avec animal,2023-12-16,4100.0,1
INS_004801,Generali,Incendie accidentel,2024-12-20,6800.0,1
INS_001150,AXA,Accident corporel seul conducteur,2026-01-24,7300.0,0
INS_001150,Allianz,Dégradation volontaire,2026-02-20,200.0,0
INS_005353,Maif,Stationnement endommagé,2025-11-29,5700.0,0
INS_000366,AXA,Incendie criminel,2023-10-27,5100.0,0
INS_000366,Generali,Collision simple,2024-07-08,5300.0,0
INS_000366,Aviva,Collision multi-véhicules,2026-03-27,4800.0,0
INS_000366,Société Générale Assurances,Dégradation volontaire,2025-08-16,11000.0,1
INS_005202,AXA,Dégradation volontaire,2024-06-19,7800.0,0
INS_005202,Société Générale Assurances,Vol total du véhicule,2026-05-24,3900.0,0
INS_002208,Groupama,Collision simple,2023-09-26,6800.0,1
INS_000447,Groupama,Collision multi-véhicules,2025-04-04,5500.0,0
INS_000447,Société Générale Assurances,Incendie accidentel,2023-09-28,8800.0,0
INS_002949,Macif,Dégradation volontaire,2025-02-15,1400.0,0
INS_002949,Société Générale Assurances,Accident corporel seul conducteur,2024-08-29,1200.0,0
INS_002949,Macif,Collision avec piéton,2023-06-21,400.0,0
INS_002949,AXA,Inondation / submersion,2024-01-16,10700.0,1
INS_002949,Aviva,Collision simple,2024-04-30,4900.0,1
INS_002498,Groupama,Collision avec piéton,2025-12-25,5300.0,0
INS_001633,Groupama,Vol total du véhicule,2025-09-25,2800.0,1
INS_001633,Maif,Dégradation volontaire,2024-02-07,2500.0,0
INS_005163,AXA,Incendie accidentel,2024-11-19,10500.0,0
INS_005651,Generali,Collision simple,2025-01-29,200.0,0
INS_005651,Société Générale Assurances,Dégradation volontaire,2024-01-06,200.0,1
INS_005651,Aviva,Dommages grêle,2025-07-12,200.0,0
INS_005803,Aviva,Dégradation volontaire,2023-12-26,9700.0,0
INS_004233,BNP Paribas Cardif,Stationnement endommagé,2026-01-12,9100.0,1
INS_004233,AXA,Stationnement endommagé,2025-12-02,2500.0,0
INS_004233,Société Générale Assurances,Vol à la roulette,2023-12-22,3300.0,0
INS_004270,Aviva,Vol à la roulette,2026-04-04,3700.0,1
INS_005131,Société Générale Assurances,Dommages grêle,2024-12-28,1200.0,0
INS_003920,Maif,Incendie criminel,2023-06-30,4000.0,0
INS_003920,AXA,Incendie criminel,2025-06-25,5000.0,0
INS_002009,Generali,Collision simple,2024-08-18,200.0,1
INS_005113,Macif,Inondation / submersion,2024-09-18,7500.0,0
INS_005113,AXA,Collision multi-véhicules,2024-12-14,5900.0,0
INS_002310,Generali,Collision avec piéton,2024-08-20,11700.0,0
INS_004884,Maif,Bris de glace,2026-02-03,5300.0,0
INS_002594,Société Générale Assurances,Bris de glace,2024-03-20,5800.0,0
INS_001759,Allianz,Collision avec animal,2024-09-09,1500.0,0
INS_003991,Maif,Collision avec piéton,2024-11-01,11900.0,0
INS_003991,Allianz,Tentative de vol avec dégradation,2025-07-14,3200.0,0
INS_001458,Groupama,Tentative de vol avec dégradation,2023-09-10,1200.0,0
INS_001458,Allianz,Collision avec animal,2024-02-03,9700.0,0
INS_001458,Generali,Collision avec animal,2025-09-12,3600.0,0
INS_001458,Groupama,Bris de glace,2023-10-15,2500.0,0
INS_001458,Aviva,Tentative de vol avec dégradation,2024-08-06,6200.0,0
INS_003011,Groupama,Incendie accidentel,2023-09-18,2700.0,0
INS_004238,Macif,Collision avec animal,2024-05-24,6900.0,1
INS_004238,Maif,Collision avec piéton,2026-01-25,200.0,0
INS_000104,Société Générale Assurances,Dommages grêle,2025-02-14,200.0,0
INS_005543,Groupama,Bris de glace,2024-11-02,4600.0,0
INS_002755,Generali,Dégradation volontaire,2023-07-05,3200.0,0
INS_001902,Generali,Inondation / submersion,2024-03-06,200.0,1
INS_003021,Société Générale Assurances,Incendie criminel,2024-12-08,5200.0,0
INS_003021,Maif,Accident corporel seul conducteur,2023-05-31,1400.0,0
INS_003021,Société Générale Assurances,Vol total du véhicule,2023-09-16,6000.0,1
INS_003021,Aviva,Stationnement endommagé,2025-08-24,5800.0,0
INS_004679,AXA,Collision simple,2024-03-16,4200.0,0
INS_002305,Groupama,Collision avec animal,2025-10-17,2300.0,0
INS_003386,BNP Paribas Cardif,Collision simple,2024-07-04,2900.0,0
INS_001252,Macif,Stationnement endommagé,2023-12-07,2300.0,1
INS_000146,Maif,Tentative de vol avec dégradation,2023-09-26,7500.0,0
INS_005120,Société Générale Assurances,Stationnement endommagé,2024-05-01,4700.0,0
INS_001676,Generali,Collision avec piéton,2024-01-15,200.0,1
INS_001676,BNP Paribas Cardif,Bris de glace,2024-07-14,6900.0,1
INS_001676,Aviva,Collision simple,2023-08-09,1400.0,1
INS_001676,Aviva,Vol total du véhicule,2024-08-21,4000.0,0
INS_001495,Allianz,Bris de glace,2024-07-16,5600.0,0
INS_005412,Generali,Vol à la roulette,2023-09-14,200.0,0
INS_005412,Generali,Dommages grêle,2024-07-22,6300.0,0
INS_005412,BNP Paribas Cardif,Vol total du véhicule,2023-06-29,1100.0,0
INS_000290,Maif,Incendie criminel,2023-12-29,3400.0,0
INS_001331,Maif,Dégradation volontaire,2024-07-10,200.0,1
INS_001331,Maif,Collision avec piéton,2023-08-31,5700.0,0
INS_000090,BNP Paribas Cardif,Vol à la roulette,2025-03-21,3400.0,0
INS_000915,Allianz,Collision multi-véhicules,2024-08-06,1900.0,0
INS_000915,AXA,Incendie accidentel,2025-08-23,4400.0,1
INS_001112,Macif,Bris de glace,2025-09-29,5800.0,0
INS_003110,Generali,Collision avec piéton,2024-06-03,5300.0,0
INS_005548,Generali,Accident corporel seul conducteur,2025-07-11,200.0,0
INS_005548,AXA,Vol total du véhicule,2024-03-16,7500.0,1
INS_003266,Maif,Dégradation volontaire,2026-04-24,5200.0,0
INS_003266,Macif,Collision simple,2026-02-16,2000.0,0
INS_003266,Generali,Inondation / submersion,2023-12-04,5700.0,1
INS_000496,Allianz,Incendie criminel,2024-08-04,11100.0,1
INS_000496,BNP Paribas Cardif,Stationnement endommagé,2026-04-22,4400.0,0
INS_000496,Aviva,Collision avec piéton,2024-07-15,200.0,1
INS_000906,Maif,Vol à la roulette,2025-08-28,200.0,0
INS_000906,Société Générale Assurances,Collision avec piéton,2026-03-04,5000.0,0
INS_000906,AXA,Vol total du véhicule,2026-03-24,3500.0,0
INS_000906,Allianz,Accident corporel seul conducteur,2026-04-24,200.0,0
INS_004024,Macif,Stationnement endommagé,2026-05-16,9000.0,0
INS_001877,Groupama,Accident corporel seul conducteur,2024-11-23,1800.0,0
INS_005515,Aviva,Collision avec piéton,2023-09-01,8600.0,0
INS_005515,AXA,Collision multi-véhicules,2024-03-13,3900.0,0
INS_005515,Allianz,Dégradation volontaire,2023-06-24,200.0,0
INS_002907,AXA,Accident corporel seul conducteur,2024-04-07,6000.0,0
INS_002907,BNP Paribas Cardif,Inondation / submersion,2025-10-18,4800.0,0
INS_002649,Generali,Accident corporel seul conducteur,2024-03-19,4400.0,0
INS_002984,BNP Paribas Cardif,Accident corporel seul conducteur,2025-06-15,200.0,0
INS_004899,Société Générale Assurances,Inondation / submersion,2024-03-28,5200.0,0
INS_005700,Groupama,Vol à la roulette,2024-05-30,9000.0,1
INS_005700,AXA,Collision avec animal,2025-02-04,200.0,0
INS_005700,Macif,Dégradation volontaire,2025-06-03,15700.0,0
INS_005700,AXA,Incendie criminel,2025-10-05,6200.0,0
INS_005700,Generali,Dégradation volontaire,2023-06-26,200.0,1
INS_000405,Société Générale Assurances,Vol à la roulette,2024-02-03,200.0,0
INS_005682,Groupama,Collision avec animal,2023-06-02,8000.0,0
INS_005682,Groupama,Collision avec piéton,2023-08-28,600.0,0
INS_000780,Société Générale Assurances,Dégradation volontaire,2025-03-14,5500.0,0
INS_000780,Macif,Inondation / submersion,2024-08-21,3100.0,1
INS_004788,Aviva,Dommages grêle,2026-05-03,6600.0,0
INS_000754,AXA,Accident corporel seul conducteur,2023-11-08,4400.0,0
INS_003822,BNP Paribas Cardif,Stationnement endommagé,2025-09-21,4100.0,0
INS_003088,Groupama,Inondation / submersion,2026-04-08,6800.0,0
INS_003088,Macif,Vol à la roulette,2026-04-21,200.0,0
INS_003088,Allianz,Accident corporel seul conducteur,2024-07-11,1400.0,0
INS_000752,Aviva,Incendie accidentel,2025-02-27,4100.0,0
INS_000752,AXA,Incendie criminel,2026-02-13,10300.0,1
INS_002465,Generali,Tentative de vol avec dégradation,2025-06-16,9600.0,0
INS_002465,Société Générale Assurances,Inondation / submersion,2025-06-20,9900.0,0
INS_001305,Groupama,Incendie accidentel,2025-05-09,12400.0,0
INS_003164,Maif,Tentative de vol avec dégradation,2025-07-30,8000.0,0
INS_003435,Aviva,Tentative de vol avec dégradation,2025-09-11,200.0,1
INS_001136,Société Générale Assurances,Bris de glace,2025-08-18,2900.0,0
INS_002424,Allianz,Vol à la roulette,2025-10-22,5000.0,0
INS_002505,Generali,Accident corporel seul conducteur,2024-07-27,9500.0,1
INS_002505,Maif,Vol total du véhicule,2024-12-27,3800.0,1
INS_002505,Société Générale Assurances,Vol total du véhicule,2025-01-01,6200.0,1
INS_001857,Groupama,Collision simple,2025-05-16,5600.0,1
INS_001857,Groupama,Incendie accidentel,2026-01-08,200.0,0
INS_003375,Maif,Collision simple,2026-03-23,9900.0,0
INS_005632,Groupama,Dommages grêle,2024-05-16,400.0,1
INS_003912,Aviva,Bris de glace,2025-06-08,2100.0,0
INS_003912,BNP Paribas Cardif,Collision simple,2024-10-01,1300.0,1
INS_003912,Generali,Incendie criminel,2026-05-03,6700.0,0
INS_000026,Macif,Vol total du véhicule,2025-02-25,8300.0,0
INS_002107,Allianz,Dommages grêle,2024-03-04,10000.0,0
INS_005946,Macif,Collision multi-véhicules,2025-09-27,400.0,0
INS_005946,AXA,Bris de glace,2025-03-18,1600.0,1
INS_000712,BNP Paribas Cardif,Stationnement endommagé,2023-08-27,11900.0,0
INS_000131,Groupama,Bris de glace,2025-06-12,10200.0,0
INS_004107,Aviva,Collision multi-véhicules,2026-02-12,6900.0,0
INS_004107,Allianz,Accident corporel seul conducteur,2023-07-01,200.0,0
INS_004107,AXA,Dégradation volontaire,2023-09-27,3600.0,1
INS_000330,Société Générale Assurances,Dommages grêle,2023-12-19,5200.0,1
INS_000330,AXA,Vol total du véhicule,2025-10-22,4400.0,0
INS_000330,Maif,Collision multi-véhicules,2025-10-08,2000.0,0
INS_000438,Generali,Vol total du véhicule,2025-12-19,8000.0,1
INS_000438,Aviva,Vol à la roulette,2025-08-28,200.0,1
INS_000438,Macif,Collision avec animal,2026-03-29,10300.0,1
INS_001464,Generali,Collision avec piéton,2024-02-13,9100.0,0
INS_001464,Macif,Dégradation volontaire,2025-11-05,3600.0,0
INS_001464,Société Générale Assurances,Dommages grêle,2025-04-13,7900.0,0
INS_001464,Maif,Dommages grêle,2025-01-30,7000.0,0
INS_001464,BNP Paribas Cardif,Dégradation volontaire,2023-12-18,14000.0,0
INS_005251,Macif,Vol total du véhicule,2025-08-20,1700.0,0
INS_005251,Société Générale Assurances,Collision simple,2024-10-26,1700.0,1
INS_002258,Maif,Tentative de vol avec dégradation,2024-10-14,5100.0,0
INS_000845,Aviva,Collision simple,2023-06-12,8400.0,1
INS_005213,Maif,Vol total du véhicule,2024-08-28,5200.0,0
INS_002635,Macif,Vol total du véhicule,2025-10-30,4300.0,0
INS_003905,Maif,Collision avec animal,2026-03-08,4200.0,0
INS_002119,Macif,Vol à la roulette,2024-05-22,9600.0,0
INS_004310,Aviva,Collision simple,2025-05-19,5400.0,0
INS_002942,Generali,Collision multi-véhicules,2024-05-27,1800.0,0
INS_005024,Maif,Collision multi-véhicules,2025-07-11,700.0,1
INS_005110,Aviva,Collision avec animal,2024-04-24,12000.0,0
INS_001145,AXA,Inondation / submersion,2023-12-10,6600.0,0
INS_003047,Generali,Accident corporel seul conducteur,2026-04-06,2000.0,0
INS_005771,Groupama,Collision avec piéton,2024-02-29,200.0,1
INS_005771,Aviva,Incendie accidentel,2025-03-27,1000.0,0
INS_005771,Allianz,Collision avec animal,2024-07-23,4200.0,0
INS_005771,Allianz,Stationnement endommagé,2025-02-15,6000.0,0
INS_005771,Maif,Stationnement endommagé,2024-04-11,5400.0,0
INS_004028,Macif,Vol total du véhicule,2025-11-26,200.0,1
INS_004028,Generali,Bris de glace,2026-05-05,8600.0,0
INS_002776,Allianz,Incendie accidentel,2025-08-26,8100.0,0
INS_001760,Groupama,Vol total du véhicule,2024-10-28,200.0,0
INS_000740,Société Générale Assurances,Collision avec piéton,2025-06-26,9300.0,0
INS_000740,Allianz,Tentative de vol avec dégradation,2026-04-22,6900.0,0
INS_003631,BNP Paribas Cardif,Dégradation volontaire,2025-12-06,4500.0,0
INS_003631,Société Générale Assurances,Vol total du véhicule,2023-10-15,3500.0,0
INS_003631,BNP Paribas Cardif,Inondation / submersion,2024-06-04,6900.0,0
INS_003631,Aviva,Dégradation volontaire,2024-11-24,4500.0,0
INS_003631,Société Générale Assurances,Dégradation volontaire,2026-04-20,6700.0,1
INS_004001,BNP Paribas Cardif,Collision avec animal,2023-09-26,1100.0,0
INS_004001,Macif,Collision avec animal,2026-04-19,4900.0,0
INS_000575,Macif,Vol à la roulette,2025-08-16,6900.0,0
INS_000055,BNP Paribas Cardif,Collision avec piéton,2026-05-21,15200.0,0
INS_000055,Société Générale Assurances,Vol total du véhicule,2026-03-11,200.0,1
INS_000055,Société Générale Assurances,Collision multi-véhicules,2025-12-28,7000.0,0
INS_004803,AXA,Tentative de vol avec dégradation,2025-05-05,13900.0,1
INS_001892,Generali,Incendie accidentel,2024-09-26,200.0,0
INS_003620,Generali,Vol total du véhicule,2024-03-17,4900.0,0
INS_003620,AXA,Tentative de vol avec dégradation,2024-10-12,200.0,0
INS_003620,Allianz,Vol à la roulette,2025-05-20,7000.0,1
INS_003620,Macif,Incendie criminel,2024-04-01,8400.0,0
INS_005229,Macif,Incendie accidentel,2025-08-26,3200.0,0
INS_002934,Maif,Collision multi-véhicules,2025-02-25,1500.0,1
INS_003360,Aviva,Incendie accidentel,2024-02-06,1100.0,1
INS_003360,Macif,Dégradation volontaire,2025-06-02,7100.0,0
INS_003360,Maif,Vol à la roulette,2025-11-05,9900.0,0
INS_005647,AXA,Dommages grêle,2025-07-13,4100.0,0
INS_005647,Allianz,Inondation / submersion,2025-01-18,6200.0,0
INS_005647,Groupama,Vol total du véhicule,2025-11-13,200.0,0
INS_005647,Generali,Stationnement endommagé,2024-08-31,8600.0,1
INS_005673,Allianz,Collision multi-véhicules,2026-02-15,9200.0,0
INS_005628,Groupama,Vol total du véhicule,2024-12-09,2300.0,1
INS_005628,Société Générale Assurances,Incendie accidentel,2024-11-09,200.0,0
INS_001707,Groupama,Dommages grêle,2023-09-02,4500.0,0
INS_001707,BNP Paribas Cardif,Collision simple,2026-04-07,7800.0,1
INS_001707,BNP Paribas Cardif,Accident corporel seul conducteur,2025-12-15,13600.0,1
INS_004069,Société Générale Assurances,Collision multi-véhicules,2023-07-23,4500.0,0
INS_004069,Aviva,Vol total du véhicule,2024-09-24,9900.0,0
INS_004069,BNP Paribas Cardif,Inondation / submersion,2024-10-16,4200.0,0
INS_004069,Société Générale Assurances,Dégradation volontaire,2026-04-18,12700.0,1
INS_004069,BNP Paribas Cardif,Collision avec animal,2023-09-16,200.0,1
INS_001622,Macif,Vol total du véhicule,2025-06-12,2700.0,0
INS_002109,Aviva,Stationnement endommagé,2025-04-07,2800.0,0
INS_002109,BNP Paribas Cardif,Collision avec animal,2025-04-22,9900.0,0
INS_001569,Société Générale Assurances,Accident corporel seul conducteur,2024-05-30,8400.0,1
INS_001569,Macif,Vol total du véhicule,2024-08-11,200.0,0
INS_001569,AXA,Accident corporel seul conducteur,2023-08-16,3200.0,0
INS_002519,AXA,Vol total du véhicule,2025-08-12,2800.0,0
INS_004479,Allianz,Collision multi-véhicules,2023-07-09,1600.0,1
INS_005235,Société Générale Assurances,Inondation / submersion,2024-03-17,5200.0,0
INS_005235,BNP Paribas Cardif,Vol à la roulette,2026-05-24,300.0,0
INS_005235,Allianz,Collision avec animal,2026-03-28,5700.0,0
INS_005235,AXA,Vol total du véhicule,2025-02-04,13500.0,0
INS_005141,AXA,Inondation / submersion,2025-01-28,7600.0,1
INS_004644,Allianz,Incendie criminel,2023-09-01,7400.0,0
INS_004644,AXA,Accident corporel seul conducteur,2026-02-28,7500.0,0
INS_000207,Aviva,Inondation / submersion,2024-04-06,8700.0,0
INS_000254,Allianz,Inondation / submersion,2025-04-10,2900.0,0
INS_000254,AXA,Incendie criminel,2026-01-26,4600.0,0
INS_000254,Société Générale Assurances,Stationnement endommagé,2025-12-10,8600.0,0
INS_000254,Macif,Bris de glace,2025-10-19,3300.0,1
INS_004937,Société Générale Assurances,Stationnement endommagé,2024-05-03,2200.0,0
INS_001381,Maif,Stationnement endommagé,2024-06-13,200.0,0
INS_001381,Generali,Collision multi-véhicules,2023-11-06,10600.0,1
INS_001381,Generali,Collision avec piéton,2026-05-22,8700.0,0
INS_002055,Maif,Collision multi-véhicules,2025-11-02,12600.0,0
INS_002055,Groupama,Incendie accidentel,2025-01-08,5900.0,0
INS_002055,Société Générale Assurances,Vol à la roulette,2025-04-26,3500.0,0
INS_002055,Allianz,Collision multi-véhicules,2024-11-05,10700.0,0
INS_002055,Société Générale Assurances,Incendie criminel,2025-06-03,13000.0,0
INS_001450,Aviva,Vol à la roulette,2025-10-29,1900.0,0
INS_000182,BNP Paribas Cardif,Collision avec piéton,2025-07-15,14800.0,0
INS_000592,Generali,Inondation / submersion,2025-12-22,9700.0,0
INS_001086,Groupama,Incendie criminel,2025-05-16,4100.0,0
INS_001086,Maif,Bris de glace,2025-02-12,6500.0,1
INS_001086,Groupama,Stationnement endommagé,2025-01-23,8000.0,0
INS_001086,BNP Paribas Cardif,Collision simple,2025-05-17,8000.0,0
INS_003681,Aviva,Vol total du véhicule,2023-07-17,3100.0,0
INS_003681,Groupama,Incendie accidentel,2023-10-24,200.0,1
INS_003681,Groupama,Collision multi-véhicules,2026-01-20,3300.0,1
INS_003787,Société Générale Assurances,Bris de glace,2024-07-13,11300.0,0
INS_003077,Allianz,Incendie accidentel,2025-04-23,3600.0,0
INS_000231,Allianz,Tentative de vol avec dégradation,2026-04-01,8300.0,0
INS_003188,Generali,Dégradation volontaire,2024-10-24,11000.0,0
INS_003260,Groupama,Collision simple,2025-11-18,6800.0,0
INS_001089,Maif,Incendie criminel,2024-06-03,5300.0,0
INS_001089,Generali,Collision avec piéton,2025-01-29,8400.0,0
INS_003058,Société Générale Assurances,Collision simple,2026-01-18,10100.0,1
INS_003058,Maif,Vol à la roulette,2025-08-01,2500.0,1
INS_003058,Société Générale Assurances,Inondation / submersion,2023-08-04,2200.0,1
INS_006000,Aviva,Vol à la roulette,2024-12-21,5900.0,0
INS_003858,Aviva,Collision simple,2026-05-12,2400.0,0
INS_003858,Allianz,Incendie criminel,2024-10-20,4900.0,0
INS_004457,Generali,Incendie criminel,2023-07-06,200.0,1
INS_003870,Aviva,Tentative de vol avec dégradation,2026-01-25,2700.0,0
INS_003870,Generali,Collision avec piéton,2025-10-08,200.0,0
INS_003870,AXA,Bris de glace,2024-03-25,7800.0,0
INS_004621,Aviva,Incendie accidentel,2026-03-12,11500.0,0
INS_004621,Maif,Vol à la roulette,2026-03-16,5300.0,0
INS_002444,Aviva,Stationnement endommagé,2024-11-10,12200.0,0
INS_005278,Société Générale Assurances,Accident corporel seul conducteur,2025-02-16,7300.0,0
INS_000796,Société Générale Assurances,Collision avec animal,2023-09-30,2800.0,0
INS_005409,BNP Paribas Cardif,Vol total du véhicule,2024-08-24,200.0,1
INS_005409,AXA,Dommages grêle,2023-08-17,6800.0,0
INS_004121,BNP Paribas Cardif,Collision avec animal,2026-03-13,8300.0,0
INS_002545,Macif,Tentative de vol avec dégradation,2024-03-03,4300.0,0
INS_002545,Macif,Collision simple,2024-07-17,200.0,1
INS_002545,BNP Paribas Cardif,Vol à la roulette,2025-05-07,4100.0,0
INS_002545,Société Générale Assurances,Stationnement endommagé,2026-04-20,1500.0,1
INS_005287,Groupama,Collision avec piéton,2026-05-25,10700.0,1
INS_005287,Macif,Collision avec piéton,2025-12-19,5500.0,0
INS_005287,Allianz,Collision multi-véhicules,2024-02-14,5900.0,0
INS_005287,AXA,Stationnement endommagé,2025-09-03,8000.0,0
INS_002352,Société Générale Assurances,Inondation / submersion,2024-10-08,10300.0,0
INS_001431,Allianz,Inondation / submersion,2025-10-19,11700.0,0
INS_000766,Macif,Tentative de vol avec dégradation,2023-12-01,12800.0,0
INS_000766,Maif,Vol à la roulette,2025-09-13,200.0,0
INS_003966,Société Générale Assurances,Bris de glace,2026-01-06,2500.0,1
INS_003966,Aviva,Collision avec piéton,2024-11-12,4000.0,0
INS_003966,AXA,Collision avec piéton,2026-04-11,4300.0,0
INS_003966,AXA,Collision avec animal,2025-11-02,7800.0,0
INS_003966,BNP Paribas Cardif,Collision simple,2025-05-29,200.0,0
INS_001438,Maif,Incendie criminel,2026-02-24,6000.0,0
INS_001438,Aviva,Collision avec animal,2025-12-21,11800.0,0
INS_003984,Macif,Inondation / submersion,2025-09-10,12500.0,0
INS_002077,Aviva,Collision avec animal,2026-04-23,200.0,0
INS_001217,Macif,Collision avec animal,2023-12-14,4200.0,1
INS_000638,Aviva,Dégradation volontaire,2024-11-20,6300.0,1
INS_000638,Generali,Stationnement endommagé,2025-07-24,6800.0,1
INS_002099,Aviva,Tentative de vol avec dégradation,2024-11-05,200.0,1
INS_002099,Maif,Tentative de vol avec dégradation,2024-04-10,4600.0,0
INS_002099,Macif,Incendie criminel,2025-06-03,700.0,1
INS_000451,BNP Paribas Cardif,Collision avec animal,2026-04-24,4800.0,0
INS_000451,Aviva,Stationnement endommagé,2024-11-19,10700.0,0
INS_002354,Macif,Accident corporel seul conducteur,2023-05-31,5200.0,0
INS_003874,Maif,Vol à la roulette,2024-10-20,200.0,1
INS_005997,Aviva,Dommages grêle,2025-01-29,3300.0,1
INS_005997,Groupama,Vol total du véhicule,2023-10-05,8700.0,0
INS_005997,BNP Paribas Cardif,Incendie criminel,2023-11-03,4400.0,1
INS_005997,BNP Paribas Cardif,Collision avec piéton,2024-02-15,8800.0,0
INS_001660,Generali,Dommages grêle,2024-05-26,200.0,0
INS_001660,Macif,Vol total du véhicule,2023-09-06,8000.0,0
INS_005902,Allianz,Collision avec piéton,2023-08-28,7800.0,1
INS_003932,Maif,Inondation / submersion,2025-05-07,800.0,0
INS_003932,AXA,Vol à la roulette,2025-09-16,2500.0,0
INS_003932,Aviva,Stationnement endommagé,2025-11-18,5600.0,0
INS_000907,Allianz,Incendie criminel,2025-01-18,3800.0,0
INS_003578,Maif,Vol à la roulette,2023-11-21,3500.0,1
INS_005387,Allianz,Incendie criminel,2023-11-23,10400.0,1
INS_003421,Allianz,Dégradation volontaire,2024-11-05,3600.0,1
INS_005745,Generali,Collision multi-véhicules,2026-04-24,6600.0,0
INS_005745,Allianz,Accident corporel seul conducteur,2023-07-31,8200.0,0
INS_005745,Maif,Vol total du véhicule,2024-08-16,3000.0,0
INS_005765,Société Générale Assurances,Collision multi-véhicules,2024-08-12,10300.0,0
INS_005765,AXA,Stationnement endommagé,2025-07-31,3500.0,1
INS_005765,Aviva,Collision simple,2023-11-04,7800.0,0
INS_004127,Maif,Dommages grêle,2024-09-08,7400.0,1
INS_004127,BNP Paribas Cardif,Stationnement endommagé,2026-02-16,200.0,0
INS_005191,Maif,Incendie accidentel,2025-12-05,5100.0,1
INS_004658,Groupama,Vol à la roulette,2025-01-17,4500.0,0
INS_003145,BNP Paribas Cardif,Incendie accidentel,2024-01-16,7700.0,0
INS_005083,BNP Paribas Cardif,Dommages grêle,2025-02-09,6300.0,0
INS_004351,Allianz,Collision simple,2026-05-23,5100.0,1
INS_004351,AXA,Collision multi-véhicules,2024-10-10,6400.0,0
INS_004351,Groupama,Stationnement endommagé,2024-08-17,9800.0,0
INS_004351,Generali,Tentative de vol avec dégradation,2024-08-09,7700.0,0
INS_004351,Maif,Collision multi-véhicules,2025-11-15,8500.0,0
INS_001040,AXA,Accident corporel seul conducteur,2024-12-26,9400.0,0
INS_003699,Macif,Vol à la roulette,2026-04-28,3300.0,1
INS_002528,Generali,Stationnement endommagé,2025-09-14,5600.0,0
INS_005555,Maif,Incendie criminel,2023-05-27,11500.0,0
INS_005555,Maif,Bris de glace,2023-06-10,200.0,1
INS_005555,Allianz,Collision avec piéton,2025-06-12,5400.0,0
INS_005555,Maif,Dommages grêle,2025-08-19,6200.0,0
INS_002511,Allianz,Stationnement endommagé,2023-06-05,6400.0,1
INS_002871,Aviva,Vol total du véhicule,2025-09-01,7500.0,0
INS_002820,Société Générale Assurances,Collision multi-véhicules,2025-03-06,1300.0,0
INS_002820,Allianz,Bris de glace,2026-05-08,200.0,1
INS_000027,Maif,Vol à la roulette,2024-09-26,200.0,1
INS_003815,Aviva,Collision simple,2025-10-30,12100.0,1
INS_001960,Groupama,Bris de glace,2024-11-10,11800.0,0
INS_001960,BNP Paribas Cardif,Bris de glace,2025-09-23,200.0,0
INS_004925,Société Générale Assurances,Dégradation volontaire,2024-12-24,7100.0,0
INS_004925,Société Générale Assurances,Incendie accidentel,2024-12-07,4600.0,0
INS_004925,Allianz,Vol à la roulette,2025-08-06,2300.0,0
INS_004925,BNP Paribas Cardif,Collision avec piéton,2026-02-26,5600.0,0
INS_001604,Société Générale Assurances,Collision avec animal,2025-07-06,9300.0,0
INS_004826,Allianz,Dégradation volontaire,2024-09-13,2200.0,0
INS_004826,Aviva,Collision avec piéton,2025-10-27,200.0,1
INS_004826,Maif,Incendie criminel,2025-02-19,6000.0,0
INS_004826,Macif,Collision avec animal,2023-11-21,5000.0,0
INS_004272,Groupama,Collision simple,2024-11-22,200.0,1
INS_004272,Maif,Collision avec piéton,2025-12-02,4200.0,0
INS_004272,Allianz,Collision multi-véhicules,2025-08-27,6900.0,0
INS_004601,Aviva,Stationnement endommagé,2023-07-03,3000.0,0
INS_005188,Maif,Vol à la roulette,2026-04-16,2800.0,1
INS_005188,Société Générale Assurances,Incendie criminel,2026-01-25,8100.0,0
INS_005188,Groupama,Vol à la roulette,2024-02-07,14300.0,0
INS_005188,Groupama,Collision avec animal,2024-11-29,4500.0,0
INS_001817,Macif,Collision multi-véhicules,2025-03-06,7600.0,0
INS_004903,Société Générale Assurances,Collision avec piéton,2025-05-31,1900.0,0
INS_005967,AXA,Vol à la roulette,2025-06-21,10400.0,0
INS_002245,Allianz,Incendie criminel,2024-11-14,4800.0,1
INS_002245,Maif,Dommages grêle,2024-04-23,6200.0,0
INS_002245,Aviva,Vol total du véhicule,2024-09-19,8700.0,0
INS_002245,Aviva,Dommages grêle,2024-08-16,8300.0,1
INS_001393,Société Générale Assurances,Dommages grêle,2025-06-13,8000.0,0
INS_004569,Allianz,Vol total du véhicule,2025-03-30,6600.0,1
INS_002952,Macif,Collision avec piéton,2024-06-09,3900.0,0
INS_001277,Aviva,Tentative de vol avec dégradation,2025-12-15,9800.0,0
INS_005933,Allianz,Incendie accidentel,2025-10-17,5300.0,0
INS_005620,Generali,Incendie criminel,2025-06-01,4300.0,0
INS_005620,Allianz,Collision multi-véhicules,2024-03-15,3200.0,1
INS_005620,Maif,Accident corporel seul conducteur,2024-06-01,2600.0,1
INS_005620,Maif,Accident corporel seul conducteur,2024-05-07,9400.0,0
INS_002394,Société Générale Assurances,Inondation / submersion,2023-10-19,7900.0,1
INS_002394,Groupama,Vol à la roulette,2024-10-23,1300.0,0
INS_002394,Macif,Collision avec piéton,2024-06-24,9100.0,0
INS_002394,Groupama,Tentative de vol avec dégradation,2024-03-23,6200.0,1
INS_004921,Maif,Dommages grêle,2025-09-19,2900.0,1
INS_001896,Groupama,Dégradation volontaire,2024-12-04,1000.0,0
INS_002275,Maif,Collision simple,2024-11-26,200.0,0
INS_002275,Groupama,Inondation / submersion,2024-09-26,5000.0,0
INS_002508,AXA,Collision simple,2025-02-26,5600.0,0
INS_002508,Groupama,Inondation / submersion,2024-11-22,12200.0,0
INS_005931,Macif,Collision avec piéton,2025-02-16,2900.0,0
INS_003194,Aviva,Inondation / submersion,2023-05-29,8700.0,0
INS_003194,BNP Paribas Cardif,Vol total du véhicule,2026-02-26,3100.0,0
INS_003194,BNP Paribas Cardif,Collision avec piéton,2023-07-09,3200.0,1
INS_003194,Allianz,Vol total du véhicule,2024-04-26,200.0,1
INS_003194,Aviva,Incendie accidentel,2025-09-10,4600.0,1
INS_001717,Maif,Collision simple,2025-08-30,700.0,1
INS_002413,Generali,Dommages grêle,2023-07-31,14200.0,1
INS_002413,AXA,Vol à la roulette,2024-09-16,5100.0,1
INS_003138,Société Générale Assurances,Vol à la roulette,2023-12-08,5500.0,1
INS_004748,Aviva,Incendie criminel,2025-03-26,2400.0,1
INS_003940,AXA,Incendie criminel,2026-04-30,1900.0,1
INS_003940,Macif,Tentative de vol avec dégradation,2023-07-28,6500.0,0
INS_002110,Aviva,Incendie criminel,2023-10-10,6800.0,0
INS_004943,Generali,Dégradation volontaire,2025-08-17,2100.0,1
INS_002771,Groupama,Collision avec animal,2025-05-21,5100.0,0
INS_002771,Société Générale Assurances,Stationnement endommagé,2026-02-09,6300.0,1
INS_000994,Groupama,Collision avec piéton,2024-06-07,200.0,0
INS_000994,AXA,Dégradation volontaire,2026-04-04,3400.0,0
INS_000994,Groupama,Accident corporel seul conducteur,2024-07-05,1400.0,0
INS_002044,BNP Paribas Cardif,Dommages grêle,2024-09-22,1800.0,0
INS_000808,AXA,Collision simple,2024-02-14,12600.0,0
INS_000681,BNP Paribas Cardif,Dégradation volontaire,2025-03-26,8300.0,0
INS_000681,Maif,Collision avec animal,2025-07-18,2200.0,0
INS_000119,Macif,Vol total du véhicule,2023-07-01,6300.0,0
INS_000577,Allianz,Accident corporel seul conducteur,2026-05-18,1700.0,0
INS_003051,Groupama,Collision avec animal,2025-08-28,7300.0,0
INS_003051,BNP Paribas Cardif,Dommages grêle,2025-11-09,8700.0,0
INS_004877,Société Générale Assurances,Accident corporel seul conducteur,2025-09-22,200.0,0
INS_004877,Aviva,Collision avec piéton,2023-07-07,6400.0,1
INS_004877,Maif,Collision avec animal,2024-07-16,8500.0,1
INS_001356,Aviva,Collision simple,2024-05-27,200.0,0
INS_000607,Generali,Dégradation volontaire,2024-09-11,14800.0,0
INS_000607,Allianz,Collision simple,2024-06-04,11500.0,0
INS_004352,Allianz,Vol total du véhicule,2025-05-04,6500.0,1
INS_000765,Maif,Dégradation volontaire,2024-03-18,2300.0,1
INS_005843,AXA,Vol total du véhicule,2024-08-06,200.0,0
INS_005843,Maif,Vol total du véhicule,2024-10-31,8000.0,0
INS_005843,AXA,Dégradation volontaire,2023-10-06,1200.0,0
INS_005509,Aviva,Collision avec animal,2024-06-04,9500.0,0
INS_005509,Maif,Tentative de vol avec dégradation,2025-01-26,7000.0,1
INS_005509,Groupama,Incendie accidentel,2024-11-04,2300.0,1
INS_004873,Generali,Dégradation volontaire,2025-04-18,300.0,1
INS_004363,Groupama,Vol total du véhicule,2025-03-06,5100.0,0
INS_004558,Generali,Bris de glace,2023-06-22,7200.0,1
INS_005356,Société Générale Assurances,Stationnement endommagé,2025-07-23,5500.0,1
INS_005356,Allianz,Vol total du véhicule,2024-06-21,2300.0,1
INS_001601,Société Générale Assurances,Vol à la roulette,2025-11-29,1700.0,0
INS_003487,Allianz,Collision avec animal,2024-01-11,200.0,0
INS_003487,Generali,Incendie criminel,2025-07-26,3500.0,0
INS_004316,Maif,Collision simple,2025-09-12,700.0,1
INS_003374,Maif,Inondation / submersion,2025-03-14,4800.0,0
INS_003374,BNP Paribas Cardif,Collision avec animal,2024-01-09,200.0,0
INS_003374,Macif,Incendie criminel,2023-10-22,2300.0,0
INS_003374,AXA,Dommages grêle,2024-09-13,5500.0,1
INS_003148,BNP Paribas Cardif,Collision simple,2024-01-18,7100.0,1
INS_005735,Maif,Collision multi-véhicules,2024-03-03,6800.0,0
INS_004164,BNP Paribas Cardif,Tentative de vol avec dégradation,2023-11-05,4600.0,0
INS_005911,Generali,Accident corporel seul conducteur,2026-03-25,8100.0,0
INS_005238,Generali,Collision multi-véhicules,2025-06-28,4000.0,1
INS_005238,Aviva,Bris de glace,2023-11-16,6000.0,0
INS_001214,Groupama,Collision multi-véhicules,2026-03-28,3200.0,1
INS_001214,Aviva,Tentative de vol avec dégradation,2024-12-15,4100.0,0
INS_004810,Allianz,Stationnement endommagé,2024-10-17,4500.0,0
INS_004810,AXA,Inondation / submersion,2026-01-31,4200.0,0
INS_003043,Maif,Vol total du véhicule,2025-11-23,7800.0,0
INS_003043,Generali,Vol à la roulette,2025-11-02,4600.0,0
INS_003043,Groupama,Collision simple,2024-11-21,6400.0,0
INS_003043,Generali,Accident corporel seul conducteur,2023-12-05,200.0,0
INS_000829,Aviva,Collision avec animal,2024-05-29,5100.0,1
INS_000586,Groupama,Accident corporel seul conducteur,2025-02-19,1700.0,0
INS_000586,BNP Paribas Cardif,Tentative de vol avec dégradation,2023-09-14,5100.0,0
INS_002019,Allianz,Collision simple,2024-02-05,12400.0,0
INS_002693,Allianz,Collision avec animal,2024-02-01,5200.0,0
INS_002693,AXA,Vol à la roulette,2024-10-23,200.0,1
INS_002693,Maif,Inondation / submersion,2025-09-12,7000.0,0
INS_001353,BNP Paribas Cardif,Collision avec animal,2025-06-30,8200.0,0
INS_001415,Aviva,Collision avec animal,2026-01-20,7300.0,0
INS_005485,Macif,Collision avec piéton,2023-06-02,1700.0,1
INS_002167,Aviva,Vol à la roulette,2025-06-23,7300.0,0
INS_002345,Groupama,Vol total du véhicule,2024-05-02,4500.0,0
INS_002345,Maif,Collision avec piéton,2025-05-12,1600.0,1
INS_002345,Société Générale Assurances,Accident corporel seul conducteur,2024-02-25,1800.0,1
INS_002345,Aviva,Collision avec animal,2026-02-01,4500.0,0
INS_002963,AXA,Tentative de vol avec dégradation,2024-01-05,200.0,0
INS_002963,Maif,Dommages grêle,2024-09-25,5200.0,0
INS_005337,AXA,Collision avec animal,2024-03-13,4700.0,0
INS_000158,AXA,Collision avec piéton,2023-12-21,12300.0,0
INS_000158,Generali,Vol à la roulette,2026-01-22,3400.0,0
INS_001713,Société Générale Assurances,Incendie accidentel,2023-12-27,4800.0,0
INS_000656,Groupama,Collision simple,2023-10-08,3600.0,0
INS_000656,Groupama,Stationnement endommagé,2025-04-11,5500.0,1
INS_000656,Macif,Inondation / submersion,2026-01-22,8800.0,0
INS_000656,AXA,Collision avec animal,2024-12-10,13700.0,1
INS_003848,Société Générale Assurances,Collision simple,2024-12-30,9800.0,1
INS_003848,Aviva,Bris de glace,2024-07-01,9700.0,1
INS_003295,BNP Paribas Cardif,Inondation / submersion,2025-04-20,200.0,0
INS_003295,Maif,Collision avec piéton,2026-04-21,6600.0,0
INS_000842,Aviva,Collision avec animal,2023-10-13,3000.0,1
INS_000842,Groupama,Stationnement endommagé,2025-05-02,8700.0,0
INS_000459,Aviva,Stationnement endommagé,2026-01-26,2900.0,1
INS_000459,Groupama,Collision avec animal,2025-04-11,400.0,0
INS_004504,AXA,Incendie accidentel,2023-06-08,7500.0,0
INS_004504,Aviva,Bris de glace,2024-10-16,11900.0,0
INS_004504,Macif,Bris de glace,2024-09-19,3600.0,1
INS_001758,Société Générale Assurances,Collision multi-véhicules,2025-03-05,11700.0,1
INS_001758,Generali,Collision multi-véhicules,2025-10-19,200.0,0
INS_001298,Allianz,Dégradation volontaire,2025-04-28,3500.0,0
INS_005373,Groupama,Collision multi-véhicules,2024-07-06,3000.0,1
INS_005373,AXA,Stationnement endommagé,2026-03-16,4400.0,0
INS_003849,Maif,Collision multi-véhicules,2025-06-06,5500.0,0
INS_003849,AXA,Collision multi-véhicules,2024-10-30,4200.0,1
INS_005850,AXA,Collision avec animal,2024-08-29,1900.0,0
INS_005850,Macif,Collision avec piéton,2025-05-16,8800.0,1
INS_005850,BNP Paribas Cardif,Collision multi-véhicules,2025-01-07,7600.0,1
INS_005850,BNP Paribas Cardif,Dégradation volontaire,2026-01-29,200.0,0
INS_005850,Macif,Collision simple,2025-05-10,5700.0,1
INS_004470,Macif,Accident corporel seul conducteur,2024-07-22,6100.0,0
INS_004470,Aviva,Tentative de vol avec dégradation,2024-07-04,4500.0,0
INS_004470,Macif,Dégradation volontaire,2025-07-07,4800.0,0
INS_001541,Macif,Vol à la roulette,2024-04-26,800.0,1
INS_001541,Allianz,Tentative de vol avec dégradation,2025-07-31,7400.0,0
INS_004998,Generali,Bris de glace,2025-06-21,8200.0,0
INS_004188,BNP Paribas Cardif,Tentative de vol avec dégradation,2023-09-08,10200.0,0
INS_000811,Société Générale Assurances,Accident corporel seul conducteur,2024-11-12,2400.0,1
INS_000811,Groupama,Collision multi-véhicules,2025-06-27,5200.0,0
INS_000811,Maif,Vol total du véhicule,2025-10-09,200.0,0
INS_002397,Société Générale Assurances,Accident corporel seul conducteur,2024-10-15,10400.0,0
INS_000646,Maif,Stationnement endommagé,2025-05-27,3200.0,1
INS_005671,Aviva,Vol total du véhicule,2024-09-13,10700.0,1
INS_005671,Groupama,Stationnement endommagé,2023-06-28,200.0,0
INS_005671,Macif,Collision avec piéton,2024-01-07,10100.0,0
INS_005671,Maif,Vol total du véhicule,2023-11-01,5800.0,1
INS_001479,AXA,Accident corporel seul conducteur,2025-11-14,7700.0,0
INS_001826,Aviva,Tentative de vol avec dégradation,2023-12-29,14700.0,0
INS_001826,AXA,Incendie criminel,2026-04-22,4900.0,0
INS_003596,Generali,Collision avec animal,2026-04-21,7800.0,1
INS_004719,Société Générale Assurances,Incendie criminel,2024-09-06,2600.0,1
INS_004719,AXA,Incendie accidentel,2024-12-26,6700.0,0
INS_003590,AXA,Dommages grêle,2025-03-31,200.0,0
INS_005977,Aviva,Vol à la roulette,2024-03-09,6600.0,0
INS_002813,BNP Paribas Cardif,Vol à la roulette,2026-04-13,6900.0,0
INS_005106,Maif,Accident corporel seul conducteur,2024-12-22,4500.0,0
INS_005612,Maif,Incendie accidentel,2025-01-24,200.0,0
INS_005481,Generali,Collision avec piéton,2025-04-21,1500.0,0
INS_005481,Maif,Collision avec piéton,2025-02-11,8600.0,0
INS_003618,Maif,Vol à la roulette,2024-01-23,200.0,0
INS_003618,Generali,Accident corporel seul conducteur,2024-10-07,10200.0,0
INS_001899,Macif,Vol à la roulette,2026-02-16,5600.0,1
INS_001588,AXA,Vol total du véhicule,2024-10-20,3600.0,0
INS_001588,Groupama,Dégradation volontaire,2026-02-23,7800.0,0
INS_000042,Aviva,Incendie criminel,2025-05-31,5000.0,0
INS_000551,Aviva,Tentative de vol avec dégradation,2025-12-26,8400.0,0
INS_000551,Société Générale Assurances,Collision avec animal,2025-06-06,9200.0,1
INS_005165,Société Générale Assurances,Incendie accidentel,2023-08-22,2600.0,0
INS_005165,Allianz,Vol total du véhicule,2024-07-07,200.0,0
INS_005425,Maif,Incendie criminel,2024-02-10,6000.0,1
INS_002149,Maif,Tentative de vol avec dégradation,2023-09-06,13900.0,0
INS_002149,Generali,Incendie accidentel,2024-12-04,2800.0,0
INS_002149,Aviva,Collision avec animal,2025-09-02,3100.0,0
INS_002149,Macif,Vol total du véhicule,2025-11-14,8100.0,0
INS_002149,Société Générale Assurances,Incendie criminel,2024-08-28,8000.0,1
INS_004160,Maif,Inondation / submersion,2024-06-07,6600.0,0
INS_004928,Generali,Tentative de vol avec dégradation,2024-06-26,1900.0,1
INS_003213,Allianz,Inondation / submersion,2023-08-22,4700.0,1
INS_003213,AXA,Incendie accidentel,2025-06-14,8300.0,0
INS_005005,Société Générale Assurances,Collision multi-véhicules,2023-06-27,5700.0,0
INS_003676,Société Générale Assurances,Collision avec animal,2024-05-23,4800.0,0
INS_003676,Allianz,Collision simple,2024-08-02,4000.0,0
INS_003676,Aviva,Collision avec animal,2024-09-13,5500.0,1
INS_003676,BNP Paribas Cardif,Tentative de vol avec dégradation,2026-02-18,8600.0,1
INS_003676,Maif,Bris de glace,2025-05-06,4000.0,0
INS_004348,Groupama,Bris de glace,2024-08-11,1400.0,0
INS_004348,Société Générale Assurances,Vol total du véhicule,2025-05-30,2200.0,0
INS_004348,Macif,Incendie accidentel,2023-07-05,200.0,0
INS_004665,AXA,Incendie accidentel,2025-05-03,10900.0,0
INS_003044,Groupama,Incendie criminel,2024-01-25,6600.0,0
INS_000603,Aviva,Dégradation volontaire,2024-04-16,500.0,0
INS_000603,Groupama,Collision simple,2024-08-25,6200.0,1
INS_003447,Aviva,Vol à la roulette,2023-09-05,1600.0,0
INS_003447,BNP Paribas Cardif,Dommages grêle,2024-04-16,6400.0,0
INS_003447,Maif,Collision multi-véhicules,2025-02-06,2700.0,0
INS_003203,BNP Paribas Cardif,Collision avec piéton,2025-06-07,200.0,1
INS_003203,Aviva,Vol total du véhicule,2024-09-06,6000.0,1
INS_003203,Maif,Tentative de vol avec dégradation,2023-10-28,2500.0,0
INS_003203,Groupama,Accident corporel seul conducteur,2025-02-23,9300.0,0
INS_003203,Maif,Collision avec piéton,2025-07-27,1200.0,0
INS_002894,BNP Paribas Cardif,Incendie accidentel,2023-08-31,2600.0,0
INS_002894,Groupama,Dégradation volontaire,2025-08-03,3100.0,0
INS_002751,Allianz,Tentative de vol avec dégradation,2024-02-03,7400.0,0
INS_000762,AXA,Dégradation volontaire,2024-05-27,2400.0,1
INS_005722,Société Générale Assurances,Dommages grêle,2024-04-30,8900.0,0
INS_001189,Generali,Bris de glace,2025-12-19,2600.0,0
INS_001189,AXA,Dégradation volontaire,2024-07-16,200.0,1
INS_003170,Allianz,Collision multi-véhicules,2023-11-09,500.0,1
INS_002053,Aviva,Bris de glace,2024-05-16,7700.0,0
INS_005013,AXA,Incendie criminel,2025-02-04,200.0,0
INS_005013,BNP Paribas Cardif,Collision avec animal,2024-08-06,9500.0,0
INS_000628,Macif,Dégradation volontaire,2026-02-13,11600.0,0
INS_000628,Generali,Incendie accidentel,2024-09-21,4300.0,0
INS_000628,Allianz,Collision avec piéton,2024-01-06,2300.0,0
INS_005244,Generali,Incendie accidentel,2025-06-05,3800.0,0
INS_003557,BNP Paribas Cardif,Inondation / submersion,2024-08-22,5100.0,1
INS_003557,Groupama,Vol à la roulette,2025-03-09,200.0,0
INS_000435,Generali,Dégradation volontaire,2024-03-02,5800.0,0
INS_000435,Société Générale Assurances,Incendie accidentel,2024-05-29,2900.0,0
INS_000932,AXA,Dommages grêle,2025-03-09,5900.0,0
INS_005586,BNP Paribas Cardif,Collision avec animal,2023-06-02,2200.0,0
INS_000763,Aviva,Dégradation volontaire,2025-01-24,6200.0,1
INS_002491,Aviva,Collision multi-véhicules,2024-06-10,1600.0,0
INS_003963,Aviva,Collision simple,2025-10-05,200.0,1
INS_003963,AXA,Bris de glace,2024-04-03,4400.0,0
INS_005728,Generali,Collision avec animal,2024-06-26,7600.0,0
INS_001422,AXA,Incendie criminel,2025-09-25,2800.0,0
INS_001029,Aviva,Collision simple,2025-05-10,1100.0,1
INS_001029,Macif,Tentative de vol avec dégradation,2023-12-29,7700.0,1
INS_002327,BNP Paribas Cardif,Inondation / submersion,2024-10-22,4200.0,1
INS_002327,Allianz,Incendie accidentel,2024-12-08,6800.0,0
INS_002327,Allianz,Vol total du véhicule,2024-01-19,7700.0,0
INS_005420,AXA,Dommages grêle,2023-07-23,7900.0,0
INS_001642,Société Générale Assurances,Accident corporel seul conducteur,2025-08-12,4300.0,1
INS_000810,Generali,Tentative de vol avec dégradation,2023-09-02,9000.0,1
INS_000810,Groupama,Collision avec animal,2025-05-20,15000.0,0
INS_000810,AXA,Collision avec piéton,2025-08-09,9800.0,0
INS_000810,BNP Paribas Cardif,Bris de glace,2026-03-26,12700.0,0
INS_000810,Société Générale Assurances,Incendie criminel,2026-03-21,9400.0,0
INS_003322,Groupama,Tentative de vol avec dégradation,2024-07-15,7200.0,1
INS_003322,Groupama,Accident corporel seul conducteur,2024-07-11,7700.0,0
INS_003322,Groupama,Collision avec piéton,2025-06-12,800.0,0
INS_003322,AXA,Accident corporel seul conducteur,2026-04-26,7700.0,0
INS_003322,Maif,Tentative de vol avec dégradation,2024-06-13,9300.0,0
INS_002600,Generali,Vol total du véhicule,2024-07-27,6900.0,0
INS_000667,Société Générale Assurances,Collision simple,2025-10-13,7900.0,1
INS_003150,Generali,Collision multi-véhicules,2024-01-05,1100.0,0
INS_002311,Allianz,Dommages grêle,2025-07-06,10700.0,0
INS_002311,Macif,Incendie criminel,2023-12-15,2500.0,1
INS_002311,Macif,Bris de glace,2026-03-28,5700.0,1
INS_002311,Generali,Inondation / submersion,2024-01-05,6500.0,0
INS_002381,Maif,Accident corporel seul conducteur,2026-02-25,5400.0,0
INS_000807,Macif,Incendie criminel,2024-10-02,5100.0,0
INS_000128,Macif,Stationnement endommagé,2025-02-02,8300.0,0
INS_002732,Generali,Collision avec piéton,2025-03-11,3100.0,0
INS_002732,Groupama,Collision simple,2023-08-05,11000.0,0
INS_002197,Maif,Collision avec animal,2025-05-26,3000.0,0
INS_002197,Aviva,Collision avec piéton,2023-05-31,2400.0,0
INS_000086,Groupama,Collision multi-véhicules,2023-09-08,3800.0,0
INS_000229,Macif,Vol à la roulette,2023-10-08,600.0,1
INS_004252,Allianz,Dégradation volontaire,2025-03-17,8200.0,0
INS_005439,Generali,Stationnement endommagé,2024-04-21,10000.0,0
INS_001842,AXA,Collision multi-véhicules,2024-12-15,200.0,0
INS_001842,AXA,Dommages grêle,2024-08-02,3600.0,1
INS_005322,AXA,Vol total du véhicule,2026-04-23,200.0,0
INS_005322,AXA,Collision simple,2023-06-20,10600.0,0
INS_005322,Allianz,Dommages grêle,2024-09-21,1200.0,1
INS_005322,Macif,Stationnement endommagé,2026-04-29,2800.0,0
INS_000112,AXA,Accident corporel seul conducteur,2025-08-20,5300.0,0
INS_005325,BNP Paribas Cardif,Accident corporel seul conducteur,2024-08-21,6100.0,0
INS_001307,Société Générale Assurances,Collision avec piéton,2024-04-23,6000.0,0
INS_000156,Maif,Bris de glace,2025-08-30,2700.0,0
INS_003820,Société Générale Assurances,Accident corporel seul conducteur,2025-09-19,5400.0,1
INS_003820,AXA,Vol total du véhicule,2025-01-26,300.0,1
INS_004551,Macif,Inondation / submersion,2025-02-09,6300.0,0
INS_004551,BNP Paribas Cardif,Bris de glace,2025-06-21,2600.0,1
INS_004551,Generali,Dégradation volontaire,2025-05-23,200.0,0
INS_004551,AXA,Bris de glace,2024-12-09,5600.0,0
INS_000877,Macif,Incendie accidentel,2025-03-28,5700.0,0
INS_000306,Allianz,Vol à la roulette,2025-04-15,7300.0,0
INS_003794,Maif,Stationnement endommagé,2024-03-27,6300.0,0
INS_003490,Groupama,Incendie criminel,2024-11-06,200.0,0
INS_003490,Groupama,Vol à la roulette,2024-09-09,4000.0,0
INS_003490,Macif,Vol à la roulette,2023-07-28,6500.0,0
INS_002697,Generali,Incendie criminel,2025-11-05,7800.0,0
INS_000654,Generali,Vol à la roulette,2025-05-30,8300.0,0
INS_001853,Macif,Bris de glace,2025-03-13,9400.0,0
INS_001853,AXA,Bris de glace,2024-11-19,500.0,0
INS_001853,Maif,Incendie accidentel,2026-02-25,200.0,0
INS_001853,Aviva,Stationnement endommagé,2024-04-10,11100.0,0
INS_000825,BNP Paribas Cardif,Dégradation volontaire,2026-03-18,13800.0,0
INS_000863,Aviva,Incendie accidentel,2025-07-09,10300.0,1
INS_000863,Aviva,Incendie accidentel,2025-05-20,6200.0,1
INS_000863,Aviva,Collision avec animal,2025-04-24,4400.0,0
INS_000863,Allianz,Bris de glace,2025-01-27,5400.0,1
INS_000863,Macif,Accident corporel seul conducteur,2023-06-10,500.0,1
INS_005909,AXA,Incendie accidentel,2024-06-12,3700.0,0
INS_005909,Allianz,Vol à la roulette,2024-11-13,8400.0,0
INS_000181,Macif,Collision avec piéton,2024-02-20,9600.0,0
INS_000181,Groupama,Tentative de vol avec dégradation,2024-03-19,2200.0,1
INS_004288,Société Générale Assurances,Accident corporel seul conducteur,2024-09-14,9200.0,0
INS_003763,Société Générale Assurances,Tentative de vol avec dégradation,2025-02-13,6100.0,0
INS_003763,Allianz,Inondation / submersion,2024-04-18,1400.0,0
INS_003763,Groupama,Collision multi-véhicules,2026-02-20,1800.0,0
INS_003763,BNP Paribas Cardif,Incendie criminel,2025-10-10,19500.0,0
INS_004255,Maif,Stationnement endommagé,2025-06-18,4700.0,0
INS_004255,Macif,Dégradation volontaire,2026-04-21,9800.0,1
INS_004255,Macif,Incendie criminel,2025-01-06,4000.0,0
INS_000627,Allianz,Incendie accidentel,2025-09-13,4200.0,0
INS_000627,AXA,Incendie accidentel,2026-01-16,3900.0,1
INS_004343,AXA,Collision avec piéton,2025-08-18,7700.0,0
INS_003668,BNP Paribas Cardif,Stationnement endommagé,2025-10-03,200.0,0
INS_003668,Allianz,Accident corporel seul conducteur,2026-03-26,13400.0,1
INS_003668,BNP Paribas Cardif,Incendie criminel,2024-05-16,10800.0,0
INS_003668,Maif,Bris de glace,2024-11-25,9300.0,1
INS_003668,Groupama,Incendie criminel,2025-02-11,3900.0,0
INS_004471,Macif,Inondation / submersion,2025-05-17,2200.0,1
INS_000987,Generali,Collision simple,2024-07-25,6700.0,0
INS_000987,Macif,Dégradation volontaire,2024-06-06,3400.0,0
INS_003460,Maif,Collision avec animal,2026-05-12,5700.0,0
INS_003460,Maif,Collision avec animal,2025-01-21,3000.0,1
INS_003982,Macif,Dommages grêle,2024-09-21,200.0,0
INS_000552,Groupama,Incendie accidentel,2025-10-17,3000.0,0
INS_003471,AXA,Accident corporel seul conducteur,2024-04-22,5200.0,1
INS_005153,BNP Paribas Cardif,Incendie accidentel,2024-09-29,7300.0,1
INS_004468,Allianz,Tentative de vol avec dégradation,2023-09-02,1700.0,1
INS_004468,BNP Paribas Cardif,Incendie criminel,2024-12-25,200.0,1
INS_003868,Groupama,Incendie criminel,2025-08-29,11000.0,1
INS_003868,Macif,Collision simple,2024-11-26,9500.0,0
INS_000403,Allianz,Collision simple,2026-04-30,3400.0,1
INS_003524,Macif,Stationnement endommagé,2024-03-20,6000.0,1
INS_003524,Generali,Vol à la roulette,2025-11-04,6000.0,0
INS_003524,Maif,Collision multi-véhicules,2024-06-17,2700.0,1
INS_003524,Allianz,Incendie criminel,2025-03-20,2400.0,0
INS_003526,Allianz,Collision multi-véhicules,2024-08-09,800.0,0
INS_003526,Allianz,Vol à la roulette,2024-05-09,10000.0,0
INS_004033,Société Générale Assurances,Inondation / submersion,2024-01-15,2500.0,0
INS_004033,BNP Paribas Cardif,Dommages grêle,2023-07-09,3200.0,1
INS_002703,Aviva,Collision avec piéton,2023-11-14,5500.0,0
INS_002703,Groupama,Bris de glace,2024-05-14,13600.0,0
INS_000969,Groupama,Dommages grêle,2023-11-06,2200.0,1
INS_005275,Société Générale Assurances,Accident corporel seul conducteur,2023-07-14,5100.0,1
INS_004669,Macif,Tentative de vol avec dégradation,2025-12-24,6400.0,1
INS_000190,Groupama,Collision multi-véhicules,2025-05-01,10800.0,0
INS_000190,Groupama,Stationnement endommagé,2025-11-19,200.0,0
INS_001650,Macif,Collision avec piéton,2024-07-26,3900.0,0
INS_003012,Generali,Collision avec piéton,2024-07-30,13500.0,1
INS_001196,Generali,Dommages grêle,2025-03-22,2600.0,0
INS_004227,Macif,Vol à la roulette,2025-04-26,8900.0,1
INS_004227,Maif,Collision avec animal,2024-03-11,9800.0,0
INS_002998,BNP Paribas Cardif,Stationnement endommagé,2024-01-24,10600.0,0
INS_003835,AXA,Accident corporel seul conducteur,2025-09-20,4000.0,0
INS_002449,Macif,Collision avec animal,2024-02-04,4400.0,0
INS_002449,Allianz,Incendie criminel,2024-02-25,200.0,0
INS_000495,Maif,Collision avec piéton,2024-08-12,5300.0,0
INS_004695,AXA,Dégradation volontaire,2024-05-21,2200.0,1
INS_002763,Generali,Tentative de vol avec dégradation,2026-05-22,8300.0,1
INS_002363,Macif,Collision multi-véhicules,2023-12-16,4800.0,0
INS_000684,AXA,Collision avec piéton,2023-09-14,1900.0,0
INS_000684,Generali,Incendie accidentel,2024-06-18,2200.0,0
INS_000684,BNP Paribas Cardif,Stationnement endommagé,2023-06-30,5200.0,0
INS_000684,Allianz,Collision avec animal,2024-02-07,3000.0,0
INS_003013,AXA,Collision simple,2024-10-02,2300.0,0
INS_000149,Allianz,Vol total du véhicule,2023-05-31,7000.0,0
INS_000149,Groupama,Incendie criminel,2025-01-13,7000.0,0
INS_000149,Aviva,Collision multi-véhicules,2024-01-10,200.0,0
INS_003269,BNP Paribas Cardif,Dommages grêle,2026-01-01,1000.0,1
INS_004213,BNP Paribas Cardif,Stationnement endommagé,2024-08-27,5800.0,0
INS_002785,BNP Paribas Cardif,Collision avec piéton,2024-04-08,4100.0,0
INS_000733,Generali,Incendie accidentel,2024-09-05,4600.0,1
INS_005151,AXA,Tentative de vol avec dégradation,2026-02-10,5100.0,0
INS_005151,AXA,Collision multi-véhicules,2025-02-27,7700.0,1
INS_005151,Groupama,Dommages grêle,2023-07-29,6300.0,1
INS_000747,Groupama,Tentative de vol avec dégradation,2024-10-29,5000.0,1
INS_000660,Allianz,Inondation / submersion,2024-03-05,10900.0,0
INS_005012,Groupama,Collision multi-véhicules,2024-03-23,3500.0,0
INS_005012,Allianz,Tentative de vol avec dégradation,2024-09-08,6600.0,1
INS_005012,Société Générale Assurances,Collision avec piéton,2026-02-20,4900.0,0
INS_005012,Société Générale Assurances,Dommages grêle,2023-10-07,4300.0,0
INS_004016,Maif,Incendie accidentel,2025-08-15,6100.0,0
INS_004014,Macif,Accident corporel seul conducteur,2023-08-23,9700.0,1
INS_001636,Groupama,Collision avec piéton,2023-08-22,6800.0,0
INS_001636,Société Générale Assurances,Incendie criminel,2023-12-06,9900.0,1
INS_002227,Macif,Bris de glace,2025-11-01,5300.0,0
INS_004189,BNP Paribas Cardif,Bris de glace,2023-07-13,200.0,1
INS_000456,Macif,Inondation / submersion,2025-08-29,1200.0,0
INS_002625,BNP Paribas Cardif,Incendie criminel,2025-07-30,9000.0,0
INS_002625,AXA,Dégradation volontaire,2025-11-05,1700.0,0
INS_000957,Aviva,Incendie accidentel,2024-08-11,3100.0,0
INS_002068,Groupama,Collision avec piéton,2024-05-03,1000.0,0
INS_003308,Aviva,Vol à la roulette,2024-06-13,5200.0,1
INS_003370,Aviva,Dégradation volontaire,2025-10-06,1400.0,0
INS_003370,Generali,Vol à la roulette,2025-07-12,8400.0,0
INS_003370,Generali,Inondation / submersion,2025-07-13,5600.0,0
INS_003370,Allianz,Stationnement endommagé,2025-07-03,12000.0,1
INS_003370,Groupama,Inondation / submersion,2025-04-24,2300.0,0
INS_003710,Maif,Incendie accidentel,2026-02-08,10000.0,0
INS_003710,Generali,Collision multi-véhicules,2023-07-13,5300.0,0
INS_005954,BNP Paribas Cardif,Bris de glace,2025-10-05,12500.0,0
INS_003753,Aviva,Collision avec animal,2024-04-21,200.0,0
INS_000821,Groupama,Collision avec piéton,2024-05-03,8300.0,0
INS_000821,AXA,Incendie accidentel,2025-03-15,3500.0,0
INS_003119,Maif,Vol total du véhicule,2024-01-16,9100.0,0
INS_003119,Macif,Incendie criminel,2024-07-07,1000.0,0
INS_002593,Société Générale Assurances,Vol total du véhicule,2025-12-07,1200.0,1
INS_002380,Aviva,Collision multi-véhicules,2024-08-23,8900.0,0
INS_002380,BNP Paribas Cardif,Collision avec animal,2025-07-17,800.0,1
INS_000199,Allianz,Collision simple,2024-08-07,7600.0,1
INS_000199,AXA,Stationnement endommagé,2023-09-13,1500.0,1
INS_005123,Maif,Accident corporel seul conducteur,2024-01-25,5000.0,0
INS_005123,AXA,Collision simple,2024-05-03,4200.0,0
INS_001573,AXA,Stationnement endommagé,2025-08-24,200.0,0
INS_000769,Société Générale Assurances,Vol total du véhicule,2025-09-11,3700.0,1
INS_000769,AXA,Stationnement endommagé,2023-06-23,7900.0,0
INS_001645,Groupama,Tentative de vol avec dégradation,2025-02-26,9400.0,0
INS_002353,AXA,Vol total du véhicule,2025-10-02,6500.0,0
INS_002353,Aviva,Collision avec piéton,2024-11-04,5800.0,0
INS_002353,Allianz,Accident corporel seul conducteur,2025-10-07,12500.0,0
INS_002353,Aviva,Dommages grêle,2023-06-07,10200.0,1
INS_002353,BNP Paribas Cardif,Vol à la roulette,2026-05-16,6800.0,1
INS_001511,Generali,Accident corporel seul conducteur,2026-01-19,6000.0,0
INS_001511,BNP Paribas Cardif,Bris de glace,2023-08-09,200.0,0
INS_004577,AXA,Stationnement endommagé,2025-12-18,700.0,1
INS_005311,Société Générale Assurances,Vol total du véhicule,2025-10-30,10100.0,0
INS_003135,AXA,Incendie criminel,2025-12-19,2700.0,1
INS_004578,Aviva,Dégradation volontaire,2023-09-06,8600.0,1
INS_004578,Groupama,Accident corporel seul conducteur,2025-01-09,6200.0,0
INS_003784,BNP Paribas Cardif,Stationnement endommagé,2026-02-17,3600.0,0
INS_003784,Aviva,Stationnement endommagé,2025-01-27,7800.0,0
INS_000779,Groupama,Incendie accidentel,2024-07-20,3500.0,0
INS_001802,BNP Paribas Cardif,Collision avec animal,2026-02-21,6900.0,0
INS_001802,Generali,Bris de glace,2025-10-28,7800.0,0
INS_005948,BNP Paribas Cardif,Collision multi-véhicules,2025-03-11,2600.0,0
INS_005948,BNP Paribas Cardif,Accident corporel seul conducteur,2025-03-21,5400.0,1
INS_003801,Groupama,Incendie accidentel,2025-09-16,200.0,0
INS_003801,Generali,Collision avec piéton,2023-09-30,5600.0,1
INS_000180,Generali,Dommages grêle,2026-02-20,2500.0,1
INS_000373,Generali,Vol à la roulette,2025-04-10,3500.0,1
INS_000373,Société Générale Assurances,Dommages grêle,2025-07-27,7100.0,0
INS_000373,Generali,Inondation / submersion,2023-07-04,2900.0,1
INS_000373,Generali,Inondation / submersion,2024-06-19,200.0,0
INS_000373,Generali,Bris de glace,2023-10-05,4300.0,0
INS_000872,Société Générale Assurances,Stationnement endommagé,2023-09-06,9500.0,0
INS_000872,BNP Paribas Cardif,Bris de glace,2025-11-02,6300.0,1
INS_000872,Allianz,Stationnement endommagé,2025-10-30,7700.0,0
INS_005162,Aviva,Incendie criminel,2024-01-24,1700.0,0
INS_002395,Allianz,Accident corporel seul conducteur,2026-03-08,8300.0,0
INS_002395,Groupama,Bris de glace,2024-08-19,2100.0,0
INS_002395,AXA,Dommages grêle,2024-09-17,1400.0,0
INS_002395,Maif,Inondation / submersion,2024-11-25,6000.0,0
INS_002848,Maif,Bris de glace,2025-10-13,7800.0,0
INS_002848,Generali,Accident corporel seul conducteur,2024-11-15,3600.0,0
INS_002848,AXA,Bris de glace,2024-11-05,4500.0,0
INS_002848,AXA,Collision simple,2025-01-02,6400.0,0
INS_000539,Maif,Collision simple,2025-04-28,14400.0,0
INS_001195,Macif,Vol à la roulette,2025-03-24,2900.0,0
INS_001195,Maif,Accident corporel seul conducteur,2023-11-03,4300.0,0
INS_001380,Société Générale Assurances,Stationnement endommagé,2025-12-13,9000.0,0
INS_005374,Maif,Bris de glace,2025-07-09,8700.0,1
INS_005374,Aviva,Dommages grêle,2025-08-26,200.0,0
INS_000509,Macif,Collision multi-véhicules,2026-03-29,9000.0,1
INS_001427,AXA,Vol à la roulette,2025-12-12,17400.0,0
INS_001427,Maif,Accident corporel seul conducteur,2026-02-13,12000.0,1
INS_001812,Groupama,Collision avec piéton,2026-04-05,7300.0,0
INS_003647,AXA,Tentative de vol avec dégradation,2025-12-09,3200.0,0
INS_005224,BNP Paribas Cardif,Collision avec piéton,2026-05-14,6600.0,0
INS_000363,Aviva,Dégradation volontaire,2023-06-13,14500.0,0
INS_000363,Macif,Collision avec piéton,2026-02-25,6200.0,1
INS_000363,Generali,Collision simple,2025-07-03,2000.0,0
INS_001664,Allianz,Stationnement endommagé,2025-03-13,1100.0,0
INS_001664,Aviva,Collision simple,2023-08-25,4000.0,0
INS_001664,Allianz,Dommages grêle,2026-04-15,2600.0,0
INS_001664,Aviva,Accident corporel seul conducteur,2024-01-22,500.0,1
INS_001664,AXA,Dommages grêle,2025-11-01,4000.0,1
INS_005929,Maif,Vol total du véhicule,2023-08-15,11200.0,0
INS_002421,Macif,Incendie accidentel,2023-12-25,3000.0,0
INS_005279,Macif,Tentative de vol avec dégradation,2025-02-15,9500.0,0
INS_003216,Generali,Accident corporel seul conducteur,2023-11-20,5900.0,0
INS_003216,Groupama,Collision simple,2023-10-20,10100.0,0
INS_003216,Generali,Tentative de vol avec dégradation,2025-01-31,13700.0,1
INS_005126,Aviva,Collision avec piéton,2026-03-23,4500.0,1
INS_002253,Groupama,Incendie accidentel,2025-09-17,11000.0,0
INS_002253,Allianz,Collision avec piéton,2024-03-11,700.0,0
INS_000022,BNP Paribas Cardif,Collision simple,2025-05-24,200.0,1
INS_000022,Generali,Dégradation volontaire,2026-03-25,7500.0,0
INS_003246,Aviva,Vol total du véhicule,2025-11-17,1200.0,1
INS_003246,Generali,Collision avec animal,2024-10-30,1900.0,0
INS_001508,Macif,Dégradation volontaire,2025-06-05,3700.0,0
INS_001508,Aviva,Inondation / submersion,2026-03-16,5100.0,1
INS_001508,Allianz,Dégradation volontaire,2024-10-23,200.0,0
INS_003462,Groupama,Inondation / submersion,2024-06-27,7200.0,0
INS_001182,Macif,Inondation / submersion,2025-01-24,1600.0,1
INS_004972,AXA,Collision avec piéton,2024-07-21,7900.0,0
INS_001234,Macif,Inondation / submersion,2025-07-19,6700.0,1
INS_002864,Maif,Inondation / submersion,2024-02-29,5500.0,0
INS_002925,Groupama,Stationnement endommagé,2023-06-02,8600.0,0
INS_004222,Maif,Collision multi-véhicules,2024-08-05,5400.0,1
INS_004222,Generali,Incendie accidentel,2023-08-08,200.0,0
INS_003623,AXA,Collision multi-véhicules,2026-02-25,200.0,0
INS_003489,Generali,Accident corporel seul conducteur,2026-03-29,7600.0,0
INS_003489,Groupama,Incendie accidentel,2023-12-10,3800.0,1
INS_001378,BNP Paribas Cardif,Collision simple,2024-08-22,1700.0,0
INS_004865,Aviva,Incendie accidentel,2026-04-30,1200.0,0
INS_000046,Macif,Bris de glace,2023-10-16,1300.0,1
INS_000046,AXA,Collision avec animal,2023-06-30,2000.0,0
